Workbook

Sheet 検索
A1: ポケモン検索（シングル / ダブル 対照） | AB1: ガブリアス
A2: 名前を入力 → | B2: ガブリアス | AB2: ミミッキュ
AB3: ブリジュラス
A4: 項目 | B4: シングル | I4: ダブル | AB4: メタグロス
A5: 順位 | B5: =IFERROR(INDEX('シングル'!A:A,MATCH($B$2,'シングル'!$B:$B,0)),"—") | I5: =IFERROR(INDEX('ダブル'!A:A,MATCH($B$2,'ダブル'!$B:$B,0)),"—") | AB5: カバルドン
A6: 英語名 | B6: =IFERROR(INDEX('シングル'!C:C,MATCH($B$2,'シングル'!$B:$B,0)),"—") | I6: =IFERROR(INDEX('ダブル'!C:C,MATCH($B$2,'ダブル'!$B:$B,0)),"—") | AB6: アシレーヌ
A7: わざ | B7: =IFERROR(INDEX('シングル'!K:K,MATCH($B$2,'シングル'!$B:$B,0)),"—") | E7: =IFERROR(INDEX('シングル'!L:L,MATCH($B$2,'シングル'!$B:$B,0)),"—") | I7: =IFERROR(INDEX('ダブル'!K:K,MATCH($B$2,'ダブル'!$B:$B,0)),"—") | L7: =IFERROR(INDEX('ダブル'!L:L,MATCH($B$2,'ダブル'!$B:$B,0)),"—") | AB7: マスカーニャ
A8: もちもの | B8: =IFERROR(INDEX('シングル'!M:M,MATCH($B$2,'シングル'!$B:$B,0)),"—") | E8: =IFERROR(INDEX('シングル'!N:N,MATCH($B$2,'シングル'!$B:$B,0)),"—") | I8: =IFERROR(INDEX('ダブル'!M:M,MATCH($B$2,'ダブル'!$B:$B,0)),"—") | L8: =IFERROR(INDEX('ダブル'!N:N,MATCH($B$2,'ダブル'!$B:$B,0)),"—") | AB8: ギャラドス
A9: とくせい | B9: =IFERROR(INDEX('シングル'!F:F,MATCH($B$2,'シングル'!$B:$B,0)),"—") | I9: =IFERROR(INDEX('ダブル'!F:F,MATCH($B$2,'ダブル'!$B:$B,0)),"—") | AB9: バシャーモ
A10: せいかく | B10: =IFERROR(INDEX('シングル'!O:O,MATCH($B$2,'シングル'!$B:$B,0)),"—") | E10: =IFERROR(INDEX('シングル'!P:P,MATCH($B$2,'シングル'!$B:$B,0)),"—") | I10: =IFERROR(INDEX('ダブル'!O:O,MATCH($B$2,'ダブル'!$B:$B,0)),"—") | L10: =IFERROR(INDEX('ダブル'!P:P,MATCH($B$2,'ダブル'!$B:$B,0)),"—") | AB10: リザードン
A11: 努力値 | B11: =IFERROR(INDEX('シングル'!Q:Q,MATCH($B$2,'シングル'!$B:$B,0)),"—") | E11: =IFERROR(INDEX('シングル'!R:R,MATCH($B$2,'シングル'!$B:$B,0)),"—") | I11: =IFERROR(INDEX('ダブル'!Q:Q,MATCH($B$2,'ダブル'!$B:$B,0)),"—") | L11: =IFERROR(INDEX('ダブル'!R:R,MATCH($B$2,'ダブル'!$B:$B,0)),"—") | AB11: マフォクシー
A12: パートナー | B12: =IFERROR(INDEX('シングル'!S:S,MATCH($B$2,'シングル'!$B:$B,0)),"—") | E12: =IFERROR(INDEX('シングル'!T:T,MATCH($B$2,'シングル'!$B:$B,0)),"—") | I12: =IFERROR(INDEX('ダブル'!S:S,MATCH($B$2,'ダブル'!$B:$B,0)),"—") | L12: =IFERROR(INDEX('ダブル'!T:T,MATCH($B$2,'ダブル'!$B:$B,0)),"—") | AB12: ゲッコウガ
A13: 今回の変化 | B13: =IFERROR(INDEX('シングル'!J:J,MATCH($B$2,'シングル'!$B:$B,0)),"—") | I13: =IFERROR(INDEX('ダブル'!J:J,MATCH($B$2,'ダブル'!$B:$B,0)),"—") | AB13: サザンドラ
AB14: アーマーガア
AB15: アローラキュウコン
AB16: カイリュー
AB17: ゲンガー
AB18: キラフロル
AB19: イダイトウ(オス)
AB20: ライチュウ
AB21: ヒスイダイケンキ
AB22: ウォッシュロトム
AB23: ハッサム
AB24: ラウドボーン
AB25: スターミー
... AB235: ミルホッグ

Sheet シングル
A1: 順位 | B1: 日本語名 | C1: 英語名 | D1: わざ | E1: もちもの | F1: とくせい | G1: せいかく | H1: パートナー | I1: 努力値 | J1: 今回の変化 | K1: わざ·1 | L1: わざ·2 | M1: もちもの·1 | N1: もちもの·2 | O1: せいかく·1 | P1: せいかく·2 | Q1: 努力値·1 | R1: 努力値·2 | S1: パートナー·1 | T1: パートナー·2
A2: 1 | B2: ガブリアス | C2: Garchomp | D2: 1. じしん (99.6%) 2. ステルスロック (48.4%) 3. スケイルショット (39.6%) 4. げきりん (34.9%) 5. がんせきふうじ (29.4%) 6. つるぎのまい (28.7%) 7. ドラゴンテール (28.6%) 8. まきびし (19.1%) 9. いわなだれ (17.3%) 10. どくづき (13.1%) | E2: 1. きあいのタスキ (36.9%) 2. オボンのみ (24%) 3. こだわりスカーフ (22.6%) 4. ラムのみ (9.6%) 5. いのちのたま (2.9%) 6. ガブリアスナイト (0.7%) 7. たべのこし (0.7%) 8. ハバンのみ (0.6%) 9. ヤチェのみ (0.4%) 10. ロゼルのみ (0.2%) | F2: 1. さめはだ (99.5%) 2. すながくれ (0.5%) | G2: 1. ようき +S -C (48.3%) 2. いじっぱり +A -C (29.3%) 3. わんぱく +B -C (19.4%) 4. しんちょう +D -C (1.6%) 5. むじゃき +S -D (0.4%) 6. ずぶとい +B -A (0.3%) 7. やんちゃ +A -D (0.2%) 8. せっかち +S -B (0.2%) 9. ひかえめ +C -A (0.1%) 10. ゆうかん +A -S (0.1%) | H2: 1. ミミッキュ 2. アシレーヌ 3. メタグロス 4. ブリジュラス 5. マスカーニャ 6. ギャラドス 7. リザードン 8. マフォクシー 9. バシャーモ 10. ゲッコウガ | I2: 1. H2/A32/B0/C0/D0/S32 (47.9%) 2. H0/A32/B2/C0/D0/S32 (9.7%) 3. H0/A32/B1/C0/D1/S32 (4.7%) 4. H32/A0/B32/C0/D0/S2 (4%) 5. H32/A0/B32/C0/D2/S0 (3.3%) 6. H0/A32/B0/C0/D2/S32 (2.7%) 7. H32/A0/B30/C0/D0/S4 (2%) 8. H0/A30/B4/C0/D0/S32 (1.4%) 9. H32/A0/B15/C0/D3/S16 (1.3%) 10. H32/A2/B32/C0/D0/S0 (1.1%) | J2: わざ/ほのおのキバ 13.2→0.0% (-13.2) わざ/どくづき 0.0→13.1% (+13.1) | K2: 1. じしん (99.6%) 2. ステルスロック (48.4%) 3. スケイルショット (39.6%) 4. げきりん (34.9%) 5. がんせきふうじ (29.4%) | L2: 6. つるぎのまい (28.7%) 7. ドラゴンテール (28.6%) 8. まきびし (19.1%) 9. いわなだれ (17.3%) 10. どくづき (13.1%) | M2: 1. きあいのタスキ (36.9%) 2. オボンのみ (24%) 3. こだわりスカーフ (22.6%) 4. ラムのみ (9.6%) 5. いのちのたま (2.9%) | N2: 6. ガブリアスナイト (0.7%) 7. たべのこし (0.7%) 8. ハバンのみ (0.6%) 9. ヤチェのみ (0.4%) 10. ロゼルのみ (0.2%) | O2: 1. ようき +S -C (48.3%) 2. いじっぱり +A -C (29.3%) 3. わんぱく +B -C (19.4%) 4. しんちょう +D -C (1.6%) 5. むじゃき +S -D (0.4%) | P2: 6. ずぶとい +B -A (0.3%) 7. やんちゃ +A -D (0.2%) 8. せっかち +S -B (0.2%) 9. ひかえめ +C -A (0.1%) 10. ゆうかん +A -S (0.1%) | Q2: 1. H2/A32/B0/C0/D0/S32 (47.9%) 2. H0/A32/B2/C0/D0/S32 (9.7%) 3. H0/A32/B1/C0/D1/S32 (4.7%) 4. H32/A0/B32/C0/D0/S2 (4%) 5. H32/A0/B32/C0/D2/S0 (3.3%) | R2: 6. H0/A32/B0/C0/D2/S32 (2.7%) 7. H32/A0/B30/C0/D0/S4 (2%) 8. H0/A30/B4/C0/D0/S32 (1.4%) 9. H32/A0/B15/C0/D3/S16 (1.3%) 10. H32/A2/B32/C0/D0/S0 (1.1%) | S2: 1. ミミッキュ 2. アシレーヌ 3. メタグロス 4. ブリジュラス 5. マスカーニャ | T2: 6. ギャラドス 7. リザードン 8. マフォクシー 9. バシャーモ 10. ゲッコウガ
A3: 2 | B3: ミミッキュ | C3: Mimikyu | D3: 1. じゃれつく (98.4%) 2. かげうち (97.9%) 3. つるぎのまい (85.4%) 4. シャドークロー (69.9%) 5. のろい (13.8%) 6. ウッドハンマー (11.5%) 7. トリックルーム (7.8%) 8. ドレインパンチ (7.7%) 9. おにび (1.5%) 10. みちづれ (1.5%) | E3: 1. いのちのたま (85.2%) 2. ピントレンズ (5.4%) 3. ラムのみ (3.2%) 4. のろいのおふだ (2%) 5. ようせいのハネ (0.8%) 6. たべのこし (0.6%) 7. こうかくレンズ (0.6%) 8. ひかりのこな (0.4%) 9. メンタルハーブ (0.4%) 10. オボンのみ (0.3%) | F3: 1. ばけのかわ (100%) | G3: 1. いじっぱり +A -C (82.8%) 2. ようき +S -C (12.8%) 3. ゆうかん +A -S (2.6%) 4. わんぱく +B -C (0.4%) 5. のんき +B -S (0.2%) 6. しんちょう +D -C (0.2%) 7. さみしがり +A -B (0.2%) 8. やんちゃ +A -D (0.1%) 9. おくびょう +S -A (0.1%) 10. なまいき +D -S (0.1%) | H3: 1. ガブリアス 2. メタグロス 3. ブリジュラス 4. カバルドン 5. アシレーヌ 6. ゲッコウガ 7. リザードン 8. ギャラドス 9. マフォクシー 10. マスカーニャ | I3: 1. H1/A32/B1/C0/D0/S32 (24.6%) 2. H2/A32/B0/C0/D0/S32 (20.6%) 3. H29/A32/B5/C0/D0/S0 (5.8%) 4. H0/A32/B2/C0/D0/S32 (3.5%) 5. H32/A32/B2/C0/D0/S0 (3.4%) 6. H29/A26/B11/C0/D0/S0 (2.4%) 7. H1/A32/B0/C0/D1/S32 (2.1%) 8. H29/A30/B7/C0/D0/S0 (1.7%) 9. H28/A30/B7/C0/D0/S1 (1.7%) 10. H0/A32/B0/C0/D2/S32 (1.5%) | J3: 今回は大きな変化なし | K3: 1. じゃれつく (98.4%) 2. かげうち (97.9%) 3. つるぎのまい (85.4%) 4. シャドークロー (69.9%) 5. のろい (13.8%) | L3: 6. ウッドハンマー (11.5%) 7. トリックルーム (7.8%) 8. ドレインパンチ (7.7%) 9. おにび (1.5%) 10. みちづれ (1.5%) | M3: 1. いのちのたま (85.2%) 2. ピントレンズ (5.4%) 3. ラムのみ (3.2%) 4. のろいのおふだ (2%) 5. ようせいのハネ (0.8%) | N3: 6. たべのこし (0.6%) 7. こうかくレンズ (0.6%) 8. ひかりのこな (0.4%) 9. メンタルハーブ (0.4%) 10. オボンのみ (0.3%) | O3: 1. いじっぱり +A -C (82.8%) 2. ようき +S -C (12.8%) 3. ゆうかん +A -S (2.6%) 4. わんぱく +B -C (0.4%) 5. のんき +B -S (0.2%) | P3: 6. しんちょう +D -C (0.2%) 7. さみしがり +A -B (0.2%) 8. やんちゃ +A -D (0.1%) 9. おくびょう +S -A (0.1%) 10. なまいき +D -S (0.1%) | Q3: 1. H1/A32/B1/C0/D0/S32 (24.6%) 2. H2/A32/B0/C0/D0/S32 (20.6%) 3. H29/A32/B5/C0/D0/S0 (5.8%) 4. H0/A32/B2/C0/D0/S32 (3.5%) 5. H32/A32/B2/C0/D0/S0 (3.4%) | R3: 6. H29/A26/B11/C0/D0/S0 (2.4%) 7. H1/A32/B0/C0/D1/S32 (2.1%) 8. H29/A30/B7/C0/D0/S0 (1.7%) 9. H28/A30/B7/C0/D0/S1 (1.7%) 10. H0/A32/B0/C0/D2/S32 (1.5%) | S3: 1. ガブリアス 2. メタグロス 3. ブリジュラス 4. カバルドン 5. アシレーヌ | T3: 6. ゲッコウガ 7. リザードン 8. ギャラドス 9. マフォクシー 10. マスカーニャ
A4: 3 | B4: ブリジュラス | C4: Archaludon | D4: 1. ラスターカノン (73.8%) 2. りゅうせいぐん (73%) 3. １０まんボルト (62.6%) 4. ステルスロック (38.1%) 5. ミラーコート (21%) 6. はどうだん (18.1%) 7. ほえる (16.8%) 8. あくのはどう (16.4%) 9. エレクトロビーム (15.8%) 10. ドラゴンテール (14.9%) | E4: 1. オボンのみ (31.7%) 2. しろいハーブ (20.5%) 3. たべのこし (20.4%) 4. こだわりスカーフ (12.9%) 5. ピントレンズ (6.1%) 6. シュカのみ (2.1%) 7. りゅうのキバ (0.9%) 8. たつじんのおび (0.9%) 9. カゴのみ (0.8%) 10. ヨプのみ (0.6%) | F4: 1. じきゅうりょく (67.7%) 2. がんじょう (32.3%) 3. すじがねいり (0.1%) | G4: 1. ひかえめ +C -A (43.3%) 2. ずぶとい +B -A (17.5%) 3. おくびょう +S -A (16.6%) 4. おだやか +D -A (14.9%) 5. のんき +B -S (1.7%) 6. わんぱく +B -C (1.7%) 7. しんちょう +D -C (1.5%) 8. なまいき +D -S (1%) 9. うっかりや +C -D (0.6%) 10. れいせい +C -S (0.6%) | H4: 1. ミミッキュ 2. ガブリアス 3. メタグロス 4. カバルドン 5. アシレーヌ 6. ギャラドス 7. マスカーニャ 8. バシャーモ 9. マフォクシー 10. ゲッコウガ | I4: 1. H2/A0/B0/C32/D0/S32 (23.3%) 2. H32/A0/B2/C0/D32/S0 (9.2%) 3. H32/A0/B0/C0/D32/S2 (5.1%) 4. H0/A0/B1/C32/D1/S32 (4.3%) 5. H0/A0/B2/C32/D0/S32 (2.7%) 6. H32/A0/B0/C32/D0/S2 (2.4%) 7. H32/A0/B2/C32/D0/S0 (2.4%) 8. H32/A0/B0/C32/D2/S0 (2.2%) 9. H32/A0/B32/C0/D2/S0 (1.7%) 10. H0/A0/B0/C32/D2/S32 (1.6%) | J4: 今回は大きな変化なし | K4: 1. ラスターカノン (73.8%) 2. りゅうせいぐん (73%) 3. １０まんボルト (62.6%) 4. ステルスロック (38.1%) 5. ミラーコート (21%) | L4: 6. はどうだん (18.1%) 7. ほえる (16.8%) 8. あくのはどう (16.4%) 9. エレクトロビーム (15.8%) 10. ドラゴンテール (14.9%) | M4: 1. オボンのみ (31.7%) 2. しろいハーブ (20.5%) 3. たべのこし (20.4%) 4. こだわりスカーフ (12.9%) 5. ピントレンズ (6.1%) | N4: 6. シュカのみ (2.1%) 7. りゅうのキバ (0.9%) 8. たつじんのおび (0.9%) 9. カゴのみ (0.8%) 10. ヨプのみ (0.6%) | O4: 1. ひかえめ +C -A (43.3%) 2. ずぶとい +B -A (17.5%) 3. おくびょう +S -A (16.6%) 4. おだやか +D -A (14.9%) 5. のんき +B -S (1.7%) | P4: 6. わんぱく +B -C (1.7%) 7. しんちょう +D -C (1.5%) 8. なまいき +D -S (1%) 9. うっかりや +C -D (0.6%) 10. れいせい +C -S (0.6%) | Q4: 1. H2/A0/B0/C32/D0/S32 (23.3%) 2. H32/A0/B2/C0/D32/S0 (9.2%) 3. H32/A0/B0/C0/D32/S2 (5.1%) 4. H0/A0/B1/C32/D1/S32 (4.3%) 5. H0/A0/B2/C32/D0/S32 (2.7%) | R4: 6. H32/A0/B0/C32/D0/S2 (2.4%) 7. H32/A0/B2/C32/D0/S0 (2.4%) 8. H32/A0/B0/C32/D2/S0 (2.2%) 9. H32/A0/B32/C0/D2/S0 (1.7%) 10. H0/A0/B0/C32/D2/S32 (1.6%) | S4: 1. ミミッキュ 2. ガブリアス 3. メタグロス 4. カバルドン 5. アシレーヌ | T4: 6. ギャラドス 7. マスカーニャ 8. バシャーモ 9. マフォクシー 10. ゲッコウガ
A5: 4 | B5: メタグロス | C5: Metagross | D5: 1. サイコファング (94.9%) 2. バレットパンチ (91.4%) 3. じしん (52.6%) 4. れいとうパンチ (46.8%) 5. かみなりパンチ (33.6%) 6. ボディプレス (17.8%) 7. てっぺき (17.3%) 8. アームハンマー (13%) 9. アイアンヘッド (8.1%) 10. コメットパンチ (6.3%) | E5: 1. メタグロスナイト (99%) 2. いのちのたま (0.1%) 3. オボンのみ (0.1%) 4. たべのこし (0.1%) 5. こだわりスカーフ (0.1%) 6. シュカのみ (0.1%) 7. ラムのみ (0.1%) 8. ひかりのねんど (0.1%) 9. たつじんのおび (0.1%) 10. リザードナイトＹ (0%) | F5: 1. クリアボディ (99.5%) 2. ライトメタル (0.5%) | G5: 1. いじっぱり +A -C (47.3%) 2. ようき +S -C (38.5%) 3. わんぱく +B -C (12.5%) 4. しんちょう +D -C (0.4%) 5. むじゃき +S -D (0.3%) 6. ゆうかん +A -S (0.2%) 7. さみしがり +A -B (0.2%) 8. やんちゃ +A -D (0.1%) 9. なまいき +D -S (0.1%) 10. ずぶとい +B -A (0.1%) | H5: 1. アシレーヌ 2. ミミッキュ 3. ガブリアス 4. サザンドラ 5. カバルドン 6. ブリジュラス 7. マスカーニャ 8. リザードン 9. カイリュー 10. ゲッコウガ | I5: 1. H2/A32/B0/C0/D0/S32 (25.1%) 2. H20/A25/B1/C0/D1/S19 (4.9%) 3. H10/A25/B0/C8/D0/S23 (4%) 4. H26/A32/B0/C0/D0/S8 (3.8%) 5. H12/A22/B0/C0/D0/S32 (3.2%) 6. H16/A25/B0/C0/D0/S25 (2.8%) 7. H32/A0/B32/C0/D0/S2 (2.3%) 8. H22/A32/B3/C0/D0/S9 (2%) 9. H32/A32/B0/C0/D0/S2 (1.8%) 10. H9/A32/B0/C0/D0/S25 (1.7%) | J5: 今回は大きな変化なし | K5: 1. サイコファング (94.9%) 2. バレットパンチ (91.4%) 3. じしん (52.6%) 4. れいとうパンチ (46.8%) 5. かみなりパンチ (33.6%) | L5: 6. ボディプレス (17.8%) 7. てっぺき (17.3%) 8. アームハンマー (13%) 9. アイアンヘッド (8.1%) 10. コメットパンチ (6.3%) | M5: 1. メタグロスナイト (99%) 2. いのちのたま (0.1%) 3. オボンのみ (0.1%) 4. たべのこし (0.1%) 5. こだわりスカーフ (0.1%) | N5: 6. シュカのみ (0.1%) 7. ラムのみ (0.1%) 8. ひかりのねんど (0.1%) 9. たつじんのおび (0.1%) 10. リザードナイトＹ (0%) | O5: 1. いじっぱり +A -C (47.3%) 2. ようき +S -C (38.5%) 3. わんぱく +B -C (12.5%) 4. しんちょう +D -C (0.4%) 5. むじゃき +S -D (0.3%) | P5: 6. ゆうかん +A -S (0.2%) 7. さみしがり +A -B (0.2%) 8. やんちゃ +A -D (0.1%) 9. なまいき +D -S (0.1%) 10. ずぶとい +B -A (0.1%) | Q5: 1. H2/A32/B0/C0/D0/S32 (25.1%) 2. H20/A25/B1/C0/D1/S19 (4.9%) 3. H10/A25/B0/C8/D0/S23 (4%) 4. H26/A32/B0/C0/D0/S8 (3.8%) 5. H12/A22/B0/C0/D0/S32 (3.2%) | R5: 6. H16/A25/B0/C0/D0/S25 (2.8%) 7. H32/A0/B32/C0/D0/S2 (2.3%) 8. H22/A32/B3/C0/D0/S9 (2%) 9. H32/A32/B0/C0/D0/S2 (1.8%) 10. H9/A32/B0/C0/D0/S25 (1.7%) | S5: 1. アシレーヌ 2. ミミッキュ 3. ガブリアス 4. サザンドラ 5. カバルドン | T5: 6. ブリジュラス 7. マスカーニャ 8. リザードン 9. カイリュー 10. ゲッコウガ
A6: 5 | B6: カバルドン | C6: Hippowdon | D6: 1. じしん (98.6%) 2. あくび (95%) 3. ステルスロック (74.8%) 4. なまける (66.3%) 5. ふきとばし (40.1%) 6. まもる (17.4%) 7. ほえる (3.3%) 8. がんせきふうじ (1%) 9. こおりのキバ (0.7%) 10. じわれ (0.6%) | E6: 1. オボンのみ (57.4%) 2. たべのこし (40.6%) 3. さらさらいわ (0.5%) 4. メンタルハーブ (0.3%) 5. ラムのみ (0.2%) 6. リンドのみ (0.2%) 7. いのちのたま (0.1%) 8. ひかりのこな (0.1%) 9. せんせいのツメ (0.1%) 10. きあいのタスキ (0.1%) | F6: 1. すなおこし (99.9%) 2. すなのちから (0.1%) | G6: 1. わんぱく +B -C (74.5%) 2. しんちょう +D -C (13.5%) 3. のんき +B -S (8.3%) 4. なまいき +D -S (1.4%) 5. ずぶとい +B -A (1%) 6. いじっぱり +A -C (0.7%) 7. おだやか +D -A (0.2%) 8. ゆうかん +A -S (0.2%) 9. さみしがり +A -B (0.1%) 10. やんちゃ +A -D (0%) | H6: 1. ミミッキュ 2. メタグロス 3. アシレーヌ 4. マスカーニャ 5. ブリジュラス 6. ギャラドス 7. サザンドラ 8. カイリュー 9. ガブリアス 10. リザードン | I6: 1. H32/A0/B32/C0/D2/S0 (23.9%) 2. H32/A0/B2/C0/D32/S0 (17.4%) 3. H32/A0/B22/C0/D12/S0 (8.8%) 4. H32/A0/B22/C0/D10/S2 (5.2%) 5. H32/A0/B12/C0/D22/S0 (4.2%) 6. H32/A0/B15/C0/D19/S0 (4.1%) 7. H32/A0/B18/C0/D16/S0 (2.8%) 8. H32/A0/B20/C0/D14/S0 (2.3%) 9. H32/A0/B32/C0/D0/S2 (2%) 10. H32/A0/B6/C0/D28/S0 (1.7%) | J6: 今回は大きな変化なし | K6: 1. じしん (98.6%) 2. あくび (95%) 3. ステルスロック (74.8%) 4. なまける (66.3%) 5. ふきとばし (40.1%) | L6: 6. まもる (17.4%) 7. ほえる (3.3%) 8. がんせきふうじ (1%) 9. こおりのキバ (0.7%) 10. じわれ (0.6%) | M6: 1. オボンのみ (57.4%) 2. たべのこし (40.6%) 3. さらさらいわ (0.5%) 4. メンタルハーブ (0.3%) 5. ラムのみ (0.2%) | N6: 6. リンドのみ (0.2%) 7. いのちのたま (0.1%) 8. ひかりのこな (0.1%) 9. せんせいのツメ (0.1%) 10. きあいのタスキ (0.1%) | O6: 1. わんぱく +B -C (74.5%) 2. しんちょう +D -C (13.5%) 3. のんき +B -S (8.3%) 4. なまいき +D -S (1.4%) 5. ずぶとい +B -A (1%) | P6: 6. いじっぱり +A -C (0.7%) 7. おだやか +D -A (0.2%) 8. ゆうかん +A -S (0.2%) 9. さみしがり +A -B (0.1%) 10. やんちゃ +A -D (0%) | Q6: 1. H32/A0/B32/C0/D2/S0 (23.9%) 2. H32/A0/B2/C0/D32/S0 (17.4%) 3. H32/A0/B22/C0/D12/S0 (8.8%) 4. H32/A0/B22/C0/D10/S2 (5.2%) 5. H32/A0/B12/C0/D22/S0 (4.2%) | R6: 6. H32/A0/B15/C0/D19/S0 (4.1%) 7. H32/A0/B18/C0/D16/S0 (2.8%) 8. H32/A0/B20/C0/D14/S0 (2.3%) 9. H32/A0/B32/C0/D0/S2 (2%) 10. H32/A0/B6/C0/D28/S0 (1.7%) | S6: 1. ミミッキュ 2. メタグロス 3. アシレーヌ 4. マスカーニャ 5. ブリジュラス | T6: 6. ギャラドス 7. サザンドラ 8. カイリュー 9. ガブリアス 10. リザードン
A7: 6 | B7: アシレーヌ | C7: Primarina | D7: 1. ムーンフォース (98.4%) 2. うたかたのアリア (87.6%) 3. アクアジェット (75%) 4. アンコール (43.1%) 5. めいそう (23.2%) 6. クイックターン (21.7%) 7. なみのり (10.1%) 8. れいとうビーム (6.6%) 9. ミストフィールド (5.7%) 10. エナジーボール (5.4%) | E7: 1. オボンのみ (50.2%) 2. たべのこし (22.7%) 3. しんぴのしずく (9.9%) 4. きあいのタスキ (4.7%) 5. カゴのみ (3.3%) 6. ラムのみ (2.8%) 7. ソクノのみ (1.7%) 8. ようせいのハネ (1.5%) 9. いのちのたま (1%) 10. せんせいのツメ (0.4%) | F7: 1. げきりゅう (96.3%) 2. うるおいボイス (3.7%) | G7: 1. ひかえめ +C -A (63.4%) 2. れいせい +C -S (16%) 3. ずぶとい +B -A (12.3%) 4. のんき +B -S (3.7%) 5. おだやか +D -A (2.6%) 6. おくびょう +S -A (0.8%) 7. なまいき +D -S (0.4%) 8. おっとり +C -B (0.4%) 9. うっかりや +C -D (0.2%) 10. むじゃき +S -D (0%) | H7: 1. ガブリアス 2. メタグロス 3. ミミッキュ 4. カバルドン 5. サザンドラ 6. マスカーニャ 7. ブリジュラス 8. リザードン 9. マフォクシー 10. カイリュー | I7: 1. H32/A0/B0/C32/D0/S2 (7.5%) 2. H32/A0/B20/C14/D0/S0 (6.4%) 3. H32/A0/B29/C4/D1/S0 (4.4%) 4. H32/A0/B2/C32/D0/S0 (4.3%) 5. H32/A0/B32/C2/D0/S0 (3.7%) 6. H2/A0/B0/C32/D0/S32 (3.4%) 7. H32/A0/B0/C32/D2/S0 (3.1%) 8. H32/A0/B32/C0/D2/S0 (2.2%) 9. H32/A0/B30/C4/D0/S0 (2.1%) 10. H32/A0/B0/C24/D0/S10 (2%) | J7: 今回は大きな変化なし | K7: 1. ムーンフォース (98.4%) 2. うたかたのアリア (87.6%) 3. アクアジェット (75%) 4. アンコール (43.1%) 5. めいそう (23.2%) | L7: 6. クイックターン (21.7%) 7. なみのり (10.1%) 8. れいとうビーム (6.6%) 9. ミストフィールド (5.7%) 10. エナジーボール (5.4%) | M7: 1. オボンのみ (50.2%) 2. たべのこし (22.7%) 3. しんぴのしずく (9.9%) 4. きあいのタスキ (4.7%) 5. カゴのみ (3.3%) | N7: 6. ラムのみ (2.8%) 7. ソクノのみ (1.7%) 8. ようせいのハネ (1.5%) 9. いのちのたま (1%) 10. せんせいのツメ (0.4%) | O7: 1. ひかえめ +C -A (63.4%) 2. れいせい +C -S (16%) 3. ずぶとい +B -A (12.3%) 4. のんき +B -S (3.7%) 5. おだやか +D -A (2.6%) | P7: 6. おくびょう +S -A (0.8%) 7. なまいき +D -S (0.4%) 8. おっとり +C -B (0.4%) 9. うっかりや +C -D (0.2%) 10. むじゃき +S -D (0%) | Q7: 1. H32/A0/B0/C32/D0/S2 (7.5%) 2. H32/A0/B20/C14/D0/S0 (6.4%) 3. H32/A0/B29/C4/D1/S0 (4.4%) 4. H32/A0/B2/C32/D0/S0 (4.3%) 5. H32/A0/B32/C2/D0/S0 (3.7%) | R7: 6. H2/A0/B0/C32/D0/S32 (3.4%) 7. H32/A0/B0/C32/D2/S0 (3.1%) 8. H32/A0/B32/C0/D2/S0 (2.2%) 9. H32/A0/B30/C4/D0/S0 (2.1%) 10. H32/A0/B0/C24/D0/S10 (2%) | S7: 1. ガブリアス 2. メタグロス 3. ミミッキュ 4. カバルドン 5. サザンドラ | T7: 6. マスカーニャ 7. ブリジュラス 8. リザードン 9. マフォクシー 10. カイリュー
A8: 7 | B8: マスカーニャ | C8: Meowscarada | D8: 1. トリックフラワー (96.9%) 2. トリプルアクセル (84.3%) 3. とんぼがえり (72.2%) 4. はたきおとす (62.1%) 5. ふいうち (17.2%) 6. かみなりパンチ (16.9%) 7. イカサマ (7.2%) 8. じゃれつく (6.6%) 9. パワージェム (5.9%) 10. どくびし (5.7%) | E8: 1. こだわりスカーフ (74.7%) 2. きあいのタスキ (17.3%) 3. いのちのたま (4.7%) 4. たつじんのおび (1.3%) 5. でんきだま (0.3%) 6. こうかくレンズ (0.2%) 7. ラムのみ (0.2%) 8. ちからのハチマキ (0.2%) 9. たべのこし (0.2%) 10. せんせいのツメ (0.1%) | F8: 1. へんげんじざい (93.1%) 2. しんりょく (6.9%) | G8: 1. ようき +S -C (57.9%) 2. いじっぱり +A -C (34%) 3. むじゃき +S -D (4.2%) 4. うっかりや +C -D (1.3%) 5. やんちゃ +A -D (0.8%) 6. せっかち +S -B (0.6%) 7. おくびょう +S -A (0.4%) 8. ひかえめ +C -A (0.4%) 9. さみしがり +A -B (0.3%) 10. おっとり +C -B (0.1%) | H8: 1. ガブリアス 2. カバルドン 3. アシレーヌ 4. ミミッキュ 5. ブリジュラス 6. メタグロス 7. マフォクシー 8. リザードン 9. バシャーモ 10. ギャラドス | I8: 1. H2/A32/B0/C0/D0/S32 (59.8%) 2. H0/A32/B2/C0/D0/S32 (9.6%) 3. H0/A32/B1/C0/D1/S32 (3.9%) 4. H0/A32/B0/C0/D2/S32 (3.8%) 5. H4/A30/B20/C0/D0/S12 (1.8%) 6. H0/A32/B0/C0/D0/S32 (1.4%) 7. H0/A30/B0/C11/D0/S25 (1.2%) 8. H4/A25/B23/C0/D0/S14 (1%) 9. H8/A30/B14/C0/D0/S14 (0.8%) 10. H0/A2/B0/C32/D0/S32 (0.8%) | J8: 今回は大きな変化なし | K8: 1. トリックフラワー (96.9%) 2. トリプルアクセル (84.3%) 3. とんぼがえり (72.2%) 4. はたきおとす (62.1%) 5. ふいうち (17.2%) | L8: 6. かみなりパンチ (16.9%) 7. イカサマ (7.2%) 8. じゃれつく (6.6%) 9. パワージェム (5.9%) 10. どくびし (5.7%) | M8: 1. こだわりスカーフ (74.7%) 2. きあいのタスキ (17.3%) 3. いのちのたま (4.7%) 4. たつじんのおび (1.3%) 5. でんきだま (0.3%) | N8: 6. こうかくレンズ (0.2%) 7. ラムのみ (0.2%) 8. ちからのハチマキ (0.2%) 9. たべのこし (0.2%) 10. せんせいのツメ (0.1%) | O8: 1. ようき +S -C (57.9%) 2. いじっぱり +A -C (34%) 3. むじゃき +S -D (4.2%) 4. うっかりや +C -D (1.3%) 5. やんちゃ +A -D (0.8%) | P8: 6. せっかち +S -B (0.6%) 7. おくびょう +S -A (0.4%) 8. ひかえめ +C -A (0.4%) 9. さみしがり +A -B (0.3%) 10. おっとり +C -B (0.1%) | Q8: 1. H2/A32/B0/C0/D0/S32 (59.8%) 2. H0/A32/B2/C0/D0/S32 (9.6%) 3. H0/A32/B1/C0/D1/S32 (3.9%) 4. H0/A32/B0/C0/D2/S32 (3.8%) 5. H4/A30/B20/C0/D0/S12 (1.8%) | R8: 6. H0/A32/B0/C0/D0/S32 (1.4%) 7. H0/A30/B0/C11/D0/S25 (1.2%) 8. H4/A25/B23/C0/D0/S14 (1%) 9. H8/A30/B14/C0/D0/S14 (0.8%) 10. H0/A2/B0/C32/D0/S32 (0.8%) | S8: 1. ガブリアス 2. カバルドン 3. アシレーヌ 4. ミミッキュ 5. ブリジュラス | T8: 6. メタグロス 7. マフォクシー 8. リザードン 9. バシャーモ 10. ギャラドス
A9: 8 | B9: ギャラドス | C9: Gyarados | D9: 1. たきのぼり (84.9%) 2. りゅうのまい (84.1%) 3. じしん (81.1%) 4. こおりのキバ (52%) 5. パワーウィップ (38.5%) 6. ちょうはつ (23.9%) 7. かみくだく (13.5%) 8. ゆきなだれ (11%) 9. やけっぱち (2.3%) 10. みがわり (2%) | E9: 1. ギャラドスナイト (80.1%) 2. たべのこし (10.8%) 3. オボンのみ (3.9%) 4. ラムのみ (2.2%) 5. たつじんのおび (0.9%) 6. ソクノのみ (0.5%) 7. いのちのたま (0.4%) 8. カゴのみ (0.3%) 9. きあいのタスキ (0.2%) 10. こだわりスカーフ (0.2%) | F9: 1. いかく (99.3%) 2. じしんかじょう (0.7%) | G9: 1. ようき +S -C (53.4%) 2. いじっぱり +A -C (40.1%) 3. わんぱく +B -C (5.5%) 4. しんちょう +D -C (0.6%) 5. やんちゃ +A -D (0.1%) 6. むじゃき +S -D (0%) 7. おくびょう +S -A (0%) 8. ゆうかん +A -S (0%) 9. のんき +B -S (0%) 10. なまいき +D -S (0%) | H9: 1. ガブリアス 2. ミミッキュ 3. ブリジュラス 4. カバルドン 5. バシャーモ 6. キュウコン（アローラのすがた） 7. マフォクシー 8. マスカーニャ 9. メタグロス 10. キラフロル | I9: 1. H1/A32/B1/C0/D0/S32 (25.7%) 2. H2/A32/B0/C0/D0/S32 (18.9%) 3. H1/A32/B0/C0/D1/S32 (2.9%) 4. H7/A32/B1/C0/D0/S26 (2%) 5. H0/A32/B2/C0/D0/S32 (1.9%) 6. H13/A32/B0/C0/D0/S21 (1.9%) 7. H31/A11/B21/C0/D1/S2 (1.7%) 8. H5/A26/B5/C0/D0/S30 (1.6%) 9. H3/A32/B1/C0/D0/S30 (1.4%) 10. H3/A32/B0/C0/D0/S31 (1.3%) | J9: 今回は大きな変化なし | K9: 1. たきのぼり (84.9%) 2. りゅうのまい (84.1%) 3. じしん (81.1%) 4. こおりのキバ (52%) 5. パワーウィップ (38.5%) | L9: 6. ちょうはつ (23.9%) 7. かみくだく (13.5%) 8. ゆきなだれ (11%) 9. やけっぱち (2.3%) 10. みがわり (2%) | M9: 1. ギャラドスナイト (80.1%) 2. たべのこし (10.8%) 3. オボンのみ (3.9%) 4. ラムのみ (2.2%) 5. たつじんのおび (0.9%) | N9: 6. ソクノのみ (0.5%) 7. いのちのたま (0.4%) 8. カゴのみ (0.3%) 9. きあいのタスキ (0.2%) 10. こだわりスカーフ (0.2%) | O9: 1. ようき +S -C (53.4%) 2. いじっぱり +A -C (40.1%) 3. わんぱく +B -C (5.5%) 4. しんちょう +D -C (0.6%) 5. やんちゃ +A -D (0.1%) | P9: 6. むじゃき +S -D (0%) 7. おくびょう +S -A (0%) 8. ゆうかん +A -S (0%) 9. のんき +B -S (0%) 10. なまいき +D -S (0%) | Q9: 1. H1/A32/B1/C0/D0/S32 (25.7%) 2. H2/A32/B0/C0/D0/S32 (18.9%) 3. H1/A32/B0/C0/D1/S32 (2.9%) 4. H7/A32/B1/C0/D0/S26 (2%) 5. H0/A32/B2/C0/D0/S32 (1.9%) | R9: 6. H13/A32/B0/C0/D0/S21 (1.9%) 7. H31/A11/B21/C0/D1/S2 (1.7%) 8. H5/A26/B5/C0/D0/S30 (1.6%) 9. H3/A32/B1/C0/D0/S30 (1.4%) 10. H3/A32/B0/C0/D0/S31 (1.3%) | S9: 1. ガブリアス 2. ミミッキュ 3. ブリジュラス 4. カバルドン 5. バシャーモ | T9: 6. キュウコン（アローラのすがた） 7. マフォクシー 8. マスカーニャ 9. メタグロス 10. キラフロル
A10: 9 | B10: バシャーモ | C10: Blaziken | D10: 1. フレアドライブ (85%) 2. インファイト (66.2%) 3. かみなりパンチ (48.1%) 4. つるぎのまい (47.3%) 5. まもる (40.5%) 6. みきり (31.8%) 7. とびひざげり (23.2%) 8. バトンタッチ (9.6%) 9. じしん (6.6%) 10. オーバーヒート (6%) | E10: 1. バシャーモナイト (73.8%) 2. きあいのタスキ (14.9%) 3. いのちのたま (7.4%) 4. オボンのみ (1.5%) 5. たべのこし (0.5%) 6. シュカのみ (0.3%) 7. ピントレンズ (0.2%) 8. しろいハーブ (0.2%) 9. メンタルハーブ (0.2%) 10. ラムのみ (0.1%) | F10: 1. かそく (98.5%) 2. もうか (1.5%) | G10: 1. いじっぱり +A -C (72.5%) 2. ようき +S -C (15.9%) 3. やんちゃ +A -D (4.7%) 4. わんぱく +B -C (1.6%) 5. うっかりや +C -D (1.4%) 6. むじゃき +S -D (1.2%) 7. おくびょう +S -A (0.6%) 8. ひかえめ +C -A (0.6%) 9. さみしがり +A -B (0.4%) 10. しんちょう +D -C (0.4%) | H10: 1. ガブリアス 2. ミミッキュ 3. ブリジュラス 4. ギャラドス 5. マスカーニャ 6. カバルドン 7. アシレーヌ 8. キュウコン（アローラのすがた） 9. メタグロス 10. ゲッコウガ | I10: 1. H2/A32/B0/C0/D0/S32 (46.8%) 2. H16/A32/B0/C0/D0/S18 (6.5%) 3. H10/A32/B0/C0/D0/S24 (4.2%) 4. H0/A32/B2/C0/D0/S32 (3.5%) 5. H0/A32/B0/C5/D0/S29 (2.3%) 6. H0/A32/B1/C0/D1/S32 (2.2%) 7. H0/A32/B0/C0/D0/S32 (2%) 8. H0/A32/B0/C0/D2/S32 (1.8%) 9. H20/A25/B3/C0/D0/S18 (1.4%) 10. H0/A2/B0/C32/D0/S32 (1.3%) | J10: 今回は大きな変化なし | K10: 1. フレアドライブ (85%) 2. インファイト (66.2%) 3. かみなりパンチ (48.1%) 4. つるぎのまい (47.3%) 5. まもる (40.5%) | L10: 6. みきり (31.8%) 7. とびひざげり (23.2%) 8. バトンタッチ (9.6%) 9. じしん (6.6%) 10. オーバーヒート (6%) | M10: 1. バシャーモナイト (73.8%) 2. きあいのタスキ (14.9%) 3. いのちのたま (7.4%) 4. オボンのみ (1.5%) 5. たべのこし (0.5%) | N10: 6. シュカのみ (0.3%) 7. ピントレンズ (0.2%) 8. しろいハーブ (0.2%) 9. メンタルハーブ (0.2%) 10. ラムのみ (0.1%) | O10: 1. いじっぱり +A -C (72.5%) 2. ようき +S -C (15.9%) 3. やんちゃ +A -D (4.7%) 4. わんぱく +B -C (1.6%) 5. うっかりや +C -D (1.4%) | P10: 6. むじゃき +S -D (1.2%) 7. おくびょう +S -A (0.6%) 8. ひかえめ +C -A (0.6%) 9. さみしがり +A -B (0.4%) 10. しんちょう +D -C (0.4%) | Q10: 1. H2/A32/B0/C0/D0/S32 (46.8%) 2. H16/A32/B0/C0/D0/S18 (6.5%) 3. H10/A32/B0/C0/D0/S24 (4.2%) 4. H0/A32/B2/C0/D0/S32 (3.5%) 5. H0/A32/B0/C5/D0/S29 (2.3%) | R10: 6. H0/A32/B1/C0/D1/S32 (2.2%) 7. H0/A32/B0/C0/D0/S32 (2%) 8. H0/A32/B0/C0/D2/S32 (1.8%) 9. H20/A25/B3/C0/D0/S18 (1.4%) 10. H0/A2/B0/C32/D0/S32 (1.3%) | S10: 1. ガブリアス 2. ミミッキュ 3. ブリジュラス 4. ギャラドス 5. マスカーニャ | T10: 6. カバルドン 7. アシレーヌ 8. キュウコン（アローラのすがた） 9. メタグロス 10. ゲッコウガ
A11: 10 | B11: リザードン | C11: Charizard | D11: 1. ソーラービーム (62.6%) 2. かえんほうしゃ (41.6%) 3. エアスラッシュ (41.1%) 4. フレアドライブ (34.2%) 5. ニトロチャージ (29.1%) 6. オーバーヒート (24.7%) 7. りゅうのまい (21.6%) 8. ウェザーボール (19.8%) 9. はねやすめ (19.5%) 10. ドラゴンクロー (17.9%) | E11: 1. リザードナイトＹ (64.2%) 2. リザードナイトＸ (34.8%) 3. ライチュウナイトＹ (0.1%) 4. こだわりスカーフ (0.1%) 5. ラムのみ (0.1%) 6. たつじんのおび (0%) 7. せんせいのツメ (0%) 8. いのちのたま (0%) 9. しろいハーブ (0%) 10. たべのこし (0%) | F11: 1. もうか (87.7%) 2. サンパワー (12.3%) | G11: 1. ひかえめ +C -A (38.7%) 2. おくびょう +S -A (24.9%) 3. いじっぱり +A -C (21.5%) 4. ようき +S -C (13.4%) 5. ずぶとい +B -A (0.4%) 6. わんぱく +B -C (0.2%) 7. すなお (0.2%) 8. おだやか +D -A (0.1%) 9. むじゃき +S -D (0.1%) 10. おっとり +C -B (0.1%) | H11: 1. ガブリアス 2. ミミッキュ 3. アシレーヌ 4. メタグロス 5. ブリジュラス 6. カバルドン 7. マスカーニャ 8. サザンドラ 9. ゲッコウガ 10. アーマーガア | I11: 1. H2/A0/B0/C32/D0/S32 (27.9%) 2. H2/A32/B0/C0/D0/S32 (15.5%) 3. H4/A30/B0/C0/D0/S32 (6.2%) 4. H12/A0/B20/C16/D0/S18 (3.6%) 5. H0/A0/B2/C32/D0/S32 (3.1%) 6. H6/A0/B9/C29/D0/S22 (2.5%) 7. H14/A0/B12/C21/D0/S19 (2.2%) 8. H0/A32/B2/C0/D0/S32 (1.6%) 9. H0/A0/B0/C32/D2/S32 (1.4%) 10. H12/A0/B20/C14/D0/S20 (1.3%) | J11: わざ/げきりん 22.7→0.0% (-22.7) わざ/ドラゴンクロー 0.0→17.9% (+17.9) | K11: 1. ソーラービーム (62.6%) 2. かえんほうしゃ (41.6%) 3. エアスラッシュ (41.1%) 4. フレアドライブ (34.2%) 5. ニトロチャージ (29.1%) | L11: 6. オーバーヒート (24.7%) 7. りゅうのまい (21.6%) 8. ウェザーボール (19.8%) 9. はねやすめ (19.5%) 10. ドラゴンクロー (17.9%) | M11: 1. リザードナイトＹ (64.2%) 2. リザードナイトＸ (34.8%) 3. ライチュウナイトＹ (0.1%) 4. こだわりスカーフ (0.1%) 5. ラムのみ (0.1%) | N11: 6. たつじんのおび (0%) 7. せんせいのツメ (0%) 8. いのちのたま (0%) 9. しろいハーブ (0%) 10. たべのこし (0%) | O11: 1. ひかえめ +C -A (38.7%) 2. おくびょう +S -A (24.9%) 3. いじっぱり +A -C (21.5%) 4. ようき +S -C (13.4%) 5. ずぶとい +B -A (0.4%) | P11: 6. わんぱく +B -C (0.2%) 7. すなお (0.2%) 8. おだやか +D -A (0.1%) 9. むじゃき +S -D (0.1%) 10. おっとり +C -B (0.1%) | Q11: 1. H2/A0/B0/C32/D0/S32 (27.9%) 2. H2/A32/B0/C0/D0/S32 (15.5%) 3. H4/A30/B0/C0/D0/S32 (6.2%) 4. H12/A0/B20/C16/D0/S18 (3.6%) 5. H0/A0/B2/C32/D0/S32 (3.1%) | R11: 6. H6/A0/B9/C29/D0/S22 (2.5%) 7. H14/A0/B12/C21/D0/S19 (2.2%) 8. H0/A32/B2/C0/D0/S32 (1.6%) 9. H0/A0/B0/C32/D2/S32 (1.4%) 10. H12/A0/B20/C14/D0/S20 (1.3%) | S11: 1. ガブリアス 2. ミミッキュ 3. アシレーヌ 4. メタグロス 5. ブリジュラス | T11: 6. カバルドン 7. マスカーニャ 8. サザンドラ 9. ゲッコウガ 10. アーマーガア
A12: 11 | B12: マフォクシー | C12: Delphox | D12: 1. かえんほうしゃ (84.8%) 2. マジカルシャイン (63.4%) 3. サイコキネシス (56.5%) 4. みがわり (44.3%) 5. サイコショック (39.9%) 6. わるだくみ (37.8%) 7. アンコール (17.5%) 8. マジカルフレイム (10%) 9. くさむすび (9.3%) 10. シャドーボール (8.8%) | E12: 1. マフォクシナイト (99.2%) 2. こだわりスカーフ (0.3%) 3. きあいのタスキ (0.1%) 4. いのちのたま (0%) 5. バシャーモナイト (0%) 6. ひかりのねんど (0%) 7. まがったスプーン (0%) 8. ライチュウナイトＹ (0%) 9. ムクホークナイト (0%) 10. ルカリオナイト (0%) | F12: 1. もうか (91.5%) 2. マジシャン (8.5%) | G12: 1. おくびょう +S -A (80.1%) 2. ひかえめ +C -A (18.9%) 3. ずぶとい +B -A (0.3%) 4. おっとり +C -B (0.3%) 5. せっかち +S -B (0.2%) 6. おだやか +D -A (0.1%) 7. おとなしい +D -B (0%) 8. れいせい +C -S (0%) 9. きまぐれ (0%) 10. むじゃき +S -D (0%) | H12: 1. ガブリアス 2. ミミッキュ 3. マスカーニャ 4. ブリジュラス 5. アシレーヌ 6. ギャラドス 7. カバルドン 8. メタグロス 9. キュウコン（アローラのすがた） 10. ハッサム | I12: 1. H2/A0/B0/C32/D0/S32 (20.5%) 2. H1/A0/B1/C32/D0/S32 (10.1%) 3. H5/A0/B0/C32/D0/S29 (9%) 4. H1/A0/B4/C32/D0/S29 (7.5%) 5. H1/A0/B0/C32/D1/S32 (3.5%) 6. H0/A0/B2/C32/D0/S32 (3.2%) 7. H9/A0/B8/C19/D0/S30 (2.6%) 8. H9/A0/B1/C27/D0/S29 (1.8%) 9. H25/A0/B0/C12/D0/S29 (1.7%) 10. H0/A0/B0/C32/D2/S32 (1.7%) | J12: 今回は大きな変化なし | K12: 1. かえんほうしゃ (84.8%) 2. マジカルシャイン (63.4%) 3. サイコキネシス (56.5%) 4. みがわり (44.3%) 5. サイコショック (39.9%) | L12: 6. わるだくみ (37.8%) 7. アンコール (17.5%) 8. マジカルフレイム (10%) 9. くさむすび (9.3%) 10. シャドーボール (8.8%) | M12: 1. マフォクシナイト (99.2%) 2. こだわりスカーフ (0.3%) 3. きあいのタスキ (0.1%) 4. いのちのたま (0%) 5. バシャーモナイト (0%) | N12: 6. ひかりのねんど (0%) 7. まがったスプーン (0%) 8. ライチュウナイトＹ (0%) 9. ムクホークナイト (0%) 10. ルカリオナイト (0%) | O12: 1. おくびょう +S -A (80.1%) 2. ひかえめ +C -A (18.9%) 3. ずぶとい +B -A (0.3%) 4. おっとり +C -B (0.3%) 5. せっかち +S -B (0.2%) | P12: 6. おだやか +D -A (0.1%) 7. おとなしい +D -B (0%) 8. れいせい +C -S (0%) 9. きまぐれ (0%) 10. むじゃき +S -D (0%) | Q12: 1. H2/A0/B0/C32/D0/S32 (20.5%) 2. H1/A0/B1/C32/D0/S32 (10.1%) 3. H5/A0/B0/C32/D0/S29 (9%) 4. H1/A0/B4/C32/D0/S29 (7.5%) 5. H1/A0/B0/C32/D1/S32 (3.5%) | R12: 6. H0/A0/B2/C32/D0/S32 (3.2%) 7. H9/A0/B8/C19/D0/S30 (2.6%) 8. H9/A0/B1/C27/D0/S29 (1.8%) 9. H25/A0/B0/C12/D0/S29 (1.7%) 10. H0/A0/B0/C32/D2/S32 (1.7%) | S12: 1. ガブリアス 2. ミミッキュ 3. マスカーニャ 4. ブリジュラス 5. アシレーヌ | T12: 6. ギャラドス 7. カバルドン 8. メタグロス 9. キュウコン（アローラのすがた） 10. ハッサム
A13: 12 | B13: ゲッコウガ | C13: Greninja | D13: 1. あくのはどう (86.9%) 2. れいとうビーム (84.4%) 3. みずしゅりけん (68.3%) 4. ヘドロウェーブ (68.3%) 5. なみのり (46.8%) 6. くさむすび (7.9%) 7. ハイドロポンプ (6.6%) 8. マッドショット (4.6%) 9. どくびし (4.5%) 10. とんぼがえり (2.4%) | E13: 1. ゲッコウガナイト (46.9%) 2. きあいのタスキ (44.3%) 3. いのちのたま (4.1%) 4. こだわりスカーフ (3.5%) 5. たつじんのおび (0.6%) 6. でんきだま (0.2%) 7. しんぴのしずく (0.1%) 8. おうじゃのしるし (0.1%) 9. きあいのハチマキ (0%) 10. ひかりのこな (0%) | F13: 1. へんげんじざい (67.7%) 2. げきりゅう (32.3%) | G13: 1. おくびょう +S -A (52%) 2. ひかえめ +C -A (42.8%) 3. むじゃき +S -D (2.5%) 4. うっかりや +C -D (0.8%) 5. せっかち +S -B (0.7%) 6. おっとり +C -B (0.5%) 7. ようき +S -C (0.3%) 8. やんちゃ +A -D (0.2%) 9. いじっぱり +A -C (0.1%) 10. なまいき +D -S (0%) | H13: 1. ミミッキュ 2. ガブリアス 3. ブリジュラス 4. カバルドン 5. メタグロス 6. バシャーモ 7. マスカーニャ 8. リザードン 9. カイリュー 10. クチート | I13: 1. H2/A0/B0/C32/D0/S32 (59%) 2. H0/A0/B2/C32/D0/S32 (8.4%) 3. H6/A0/B1/C32/D0/S27 (4.3%) 4. H0/A0/B1/C32/D1/S32 (2.8%) 5. H0/A0/B0/C32/D2/S32 (2.7%) 6. H2/A0/B1/C32/D0/S31 (2.4%) 7. H8/A0/B0/C32/D0/S26 (2.1%) 8. H6/A0/B0/C32/D0/S28 (1.5%) 9. H16/A0/B0/C28/D1/S21 (1.5%) 10. H0/A2/B0/C32/D0/S32 (1.4%) | J13: 今回は大きな変化なし | K13: 1. あくのはどう (86.9%) 2. れいとうビーム (84.4%) 3. みずしゅりけん (68.3%) 4. ヘドロウェーブ (68.3%) 5. なみのり (46.8%) | L13: 6. くさむすび (7.9%) 7. ハイドロポンプ (6.6%) 8. マッドショット (4.6%) 9. どくびし (4.5%) 10. とんぼがえり (2.4%) | M13: 1. ゲッコウガナイト (46.9%) 2. きあいのタスキ (44.3%) 3. いのちのたま (4.1%) 4. こだわりスカーフ (3.5%) 5. たつじんのおび (0.6%) | N13: 6. でんきだま (0.2%) 7. しんぴのしずく (0.1%) 8. おうじゃのしるし (0.1%) 9. きあいのハチマキ (0%) 10. ひかりのこな (0%) | O13: 1. おくびょう +S -A (52%) 2. ひかえめ +C -A (42.8%) 3. むじゃき +S -D (2.5%) 4. うっかりや +C -D (0.8%) 5. せっかち +S -B (0.7%) | P13: 6. おっとり +C -B (0.5%) 7. ようき +S -C (0.3%) 8. やんちゃ +A -D (0.2%) 9. いじっぱり +A -C (0.1%) 10. なまいき +D -S (0%) | Q13: 1. H2/A0/B0/C32/D0/S32 (59%) 2. H0/A0/B2/C32/D0/S32 (8.4%) 3. H6/A0/B1/C32/D0/S27 (4.3%) 4. H0/A0/B1/C32/D1/S32 (2.8%) 5. H0/A0/B0/C32/D2/S32 (2.7%) | R13: 6. H2/A0/B1/C32/D0/S31 (2.4%) 7. H8/A0/B0/C32/D0/S26 (2.1%) 8. H6/A0/B0/C32/D0/S28 (1.5%) 9. H16/A0/B0/C28/D1/S21 (1.5%) 10. H0/A2/B0/C32/D0/S32 (1.4%) | S13: 1. ミミッキュ 2. ガブリアス 3. ブリジュラス 4. カバルドン 5. メタグロス | T13: 6. バシャーモ 7. マスカーニャ 8. リザードン 9. カイリュー 10. クチート
... A62: 61 | B62: ミロカロス | C62: Milotic | D62: 1. じこさいせい (96.9%) 2. ねっとう (96.6%) 3. ミラーコート (67.5%) 4. れいとうビーム (64.5%) 5. くろいきり (36.9%) 6. みわくのボイス (4.8%) 7. とぐろをまく (4.5%) 8. さいみんじゅつ (4.1%) 9. こごえるかぜ (3.4%) 10. クイックターン (2.9%) | E62: 1. たべのこし (65.8%) 2. オボンのみ (18.2%) 3. ラムのみ (3%) 4. ソクノのみ (2.6%) 5. きあいのタスキ (1.4%) 6. たつじんのおび (1.1%) 7. かいがらのすず (1%) 8. ひかりのこな (1%) 9. リンドのみ (0.9%) 10. しんぴのしずく (0.8%) | F62: 1. かちき (71.4%) 2. ふしぎなうろこ (19.2%) 3. メロメロボディ (9.4%) | G62: 1. ずぶとい +B -A (62.8%) 2. おだやか +D -A (26.7%) 3. ひかえめ +C -A (6.8%) 4. のんき +B -S (1.8%) 5. なまいき +D -S (0.8%) 6. れいせい +C -S (0.4%) 7. ようき +S -C (0.3%) 8. おっとり +C -B (0.1%) 9. わんぱく +B -C (0.1%) 10. しんちょう +D -C (0.1%) | H62: 1. ガブリアス 2. ミミッキュ 3. メタグロス 4. サザンドラ 5. マスカーニャ 6. ゲンガー 7. クチート 8. バシャーモ 9. マフォクシー 10. リザードン | I62: 1. H32/A0/B32/C0/D2/S0 (25.5%) 2. H32/A0/B32/C1/D1/S0 (6.2%) 3. H31/A0/B32/C0/D3/S0 (5.5%) 4. H32/A0/B32/C2/D0/S0 (5.5%) 5. H32/A0/B0/C2/D32/S0 (4.8%) 6. H32/A0/B2/C0/D32/S0 (3.6%) 7. H32/A0/B32/C0/D0/S2 (3.1%) 8. H2/A0/B32/C0/D32/S0 (2.9%) 9. H32/A0/B15/C19/D0/S0 (1.9%) 10. H32/A0/B2/C32/D0/S0 (1.7%) | J62: 今回は大きな変化なし | K62: 1. じこさいせい (96.9%) 2. ねっとう (96.6%) 3. ミラーコート (67.5%) 4. れいとうビーム (64.5%) 5. くろいきり (36.9%) | L62: 6. みわくのボイス (4.8%) 7. とぐろをまく (4.5%) 8. さいみんじゅつ (4.1%) 9. こごえるかぜ (3.4%) 10. クイックターン (2.9%) | M62: 1. たべのこし (65.8%) 2. オボンのみ (18.2%) 3. ラムのみ (3%) 4. ソクノのみ (2.6%) 5. きあいのタスキ (1.4%) | N62: 6. たつじんのおび (1.1%) 7. かいがらのすず (1%) 8. ひかりのこな (1%) 9. リンドのみ (0.9%) 10. しんぴのしずく (0.8%) | O62: 1. ずぶとい +B -A (62.8%) 2. おだやか +D -A (26.7%) 3. ひかえめ +C -A (6.8%) 4. のんき +B -S (1.8%) 5. なまいき +D -S (0.8%) | P62: 6. れいせい +C -S (0.4%) 7. ようき +S -C (0.3%) 8. おっとり +C -B (0.1%) 9. わんぱく +B -C (0.1%) 10. しんちょう +D -C (0.1%) | Q62: 1. H32/A0/B32/C0/D2/S0 (25.5%) 2. H32/A0/B32/C1/D1/S0 (6.2%) 3. H31/A0/B32/C0/D3/S0 (5.5%) 4. H32/A0/B32/C2/D0/S0 (5.5%) 5. H32/A0/B0/C2/D32/S0 (4.8%) | R62: 6. H32/A0/B2/C0/D32/S0 (3.6%) 7. H32/A0/B32/C0/D0/S2 (3.1%) 8. H2/A0/B32/C0/D32/S0 (2.9%) 9. H32/A0/B15/C19/D0/S0 (1.9%) 10. H32/A0/B2/C32/D0/S0 (1.7%) | S62: 1. ガブリアス 2. ミミッキュ 3. メタグロス 4. サザンドラ 5. マスカーニャ | T62: 6. ゲンガー 7. クチート 8. バシャーモ 9. マフォクシー 10. リザードン
A63: 62 | B63: メタモン | C63: Ditto | D63: 1. へんしん (100%) | E63: 1. こだわりスカーフ (79.5%) 2. せんせいのツメ (8.7%) 3. きあいのタスキ (8%) 4. ひかりのこな (1.5%) 5. いのちのたま (0.8%) 6. オボンのみ (0.7%) 7. たべのこし (0.4%) 8. きあいのハチマキ (0.1%) 9. たつじんのおび (0.1%) 10. ラムのみ (0%) | F63: 1. かわりもの (99.6%) 2. じゅうなん (0.4%) | G63: 1. のんき +B -S (27.1%) 2. おくびょう +S -A (9.3%) 3. なまいき +D -S (7.7%) 4. まじめ (7.4%) 5. むじゃき +S -D (6.6%) 6. ゆうかん +A -S (5.8%) 7. ようき +S -C (4.8%) 8. れいせい +C -S (4.2%) 9. せっかち +S -B (3.2%) 10. おだやか +D -A (3%) | H63: 1. ガブリアス 2. ミミッキュ 3. ブリジュラス 4. メタグロス 5. アシレーヌ 6. リザードン 7. カイリュー 8. ライチュウ 9. ブラッキー 10. ギャラドス | I63: 1. H32/A0/B0/C0/D0/S0 (20.4%) 2. H32/A0/B32/C0/D2/S0 (12.4%) 3. H32/A0/B2/C0/D32/S0 (8.1%) 4. H32/A2/B32/C0/D0/S0 (7.7%) 5. H32/A0/B2/C0/D0/S32 (7.3%) 6. H32/A0/B0/C0/D0/S32 (5.2%) 7. H32/A2/B0/C0/D0/S32 (4.4%) 8. H32/A0/B0/C0/D2/S32 (3.1%) 9. H32/A0/B32/C0/D0/S0 (2.6%) 10. H32/A0/B0/C2/D0/S32 (2.5%) | J63: 今回は大きな変化なし | K63: 1. へんしん (100%) | M63: 1. こだわりスカーフ (79.5%) 2. せんせいのツメ (8.7%) 3. きあいのタスキ (8%) 4. ひかりのこな (1.5%) 5. いのちのたま (0.8%) | N63: 6. オボンのみ (0.7%) 7. たべのこし (0.4%) 8. きあいのハチマキ (0.1%) 9. たつじんのおび (0.1%) 10. ラムのみ (0%) | O63: 1. のんき +B -S (27.1%) 2. おくびょう +S -A (9.3%) 3. なまいき +D -S (7.7%) 4. まじめ (7.4%) 5. むじゃき +S -D (6.6%) | P63: 6. ゆうかん +A -S (5.8%) 7. ようき +S -C (4.8%) 8. れいせい +C -S (4.2%) 9. せっかち +S -B (3.2%) 10. おだやか +D -A (3%) | Q63: 1. H32/A0/B0/C0/D0/S0 (20.4%) 2. H32/A0/B32/C0/D2/S0 (12.4%) 3. H32/A0/B2/C0/D32/S0 (8.1%) 4. H32/A2/B32/C0/D0/S0 (7.7%) 5. H32/A0/B2/C0/D0/S32 (7.3%) | R63: 6. H32/A0/B0/C0/D0/S32 (5.2%) 7. H32/A2/B0/C0/D0/S32 (4.4%) 8. H32/A0/B0/C0/D2/S32 (3.1%) 9. H32/A0/B32/C0/D0/S0 (2.6%) 10. H32/A0/B0/C2/D0/S32 (2.5%) | S63: 1. ガブリアス 2. ミミッキュ 3. ブリジュラス 4. メタグロス 5. アシレーヌ | T63: 6. リザードン 7. カイリュー 8. ライチュウ 9. ブラッキー 10. ギャラドス
A64: 63 | B64: マリルリ | C64: Azumarill | D64: 1. じゃれつく (93.4%) 2. アクアジェット (93.2%) 3. アクアブレイク (62.3%) 4. はらだいこ (55.5%) 5. ばかぢから (29.8%) 6. はたきおとす (15.5%) 7. かわらわり (11.6%) 8. ほろびのうた (5.9%) 9. アイススピナー (5.5%) 10. アンコール (5%) | E64: 1. オボンのみ (70.2%) 2. いのちのたま (8.1%) 3. ラムのみ (7%) 4. しんぴのしずく (3.6%) 5. たべのこし (3.4%) 6. ソクノのみ (2.4%) 7. たつじんのおび (1.8%) 8. カゴのみ (1.2%) 9. きあいのタスキ (0.9%) 10. せんせいのツメ (0.4%) | F64: 1. ちからもち (94.2%) 2. そうしょく (5.7%) 3. あついしぼう (0.2%) | G64: 1. いじっぱり +A -C (91.1%) 2. ゆうかん +A -S (1.7%) 3. ずぶとい +B -A (1.7%) 4. なまいき +D -S (1.4%) 5. わんぱく +B -C (0.8%) 6. ようき +S -C (0.7%) 7. のんき +B -S (0.7%) 8. しんちょう +D -C (0.6%) 9. れいせい +C -S (0.6%) 10. おだやか +D -A (0.5%) | H64: 1. ガブリアス 2. リザードン 3. ライチュウ 4. サザンドラ 5. メタグロス 6. ゲンガー 7. マスカーニャ 8. ミミッキュ 9. マフォクシー 10. ブリジュラス | I64: 1. H32/A32/B0/C0/D0/S2 (15.7%) 2. H31/A32/B0/C0/D0/S3 (12.2%) 3. H31/A32/B3/C0/D0/S0 (6.4%) 4. H32/A32/B2/C0/D0/S0 (5.3%) 5. H32/A32/B0/C0/D2/S0 (4.1%) 6. H32/A32/B1/C0/D1/S0 (3.3%) 7. H29/A32/B3/C0/D2/S0 (2.8%) 8. H15/A32/B0/C0/D0/S19 (2.3%) 9. H31/A32/B0/C0/D3/S0 (2.1%) 10. H32/A0/B32/C0/D2/S0 (2%) | J64: 今回は大きな変化なし | K64: 1. じゃれつく (93.4%) 2. アクアジェット (93.2%) 3. アクアブレイク (62.3%) 4. はらだいこ (55.5%) 5. ばかぢから (29.8%) | L64: 6. はたきおとす (15.5%) 7. かわらわり (11.6%) 8. ほろびのうた (5.9%) 9. アイススピナー (5.5%) 10. アンコール (5%) | M64: 1. オボンのみ (70.2%) 2. いのちのたま (8.1%) 3. ラムのみ (7%) 4. しんぴのしずく (3.6%) 5. たべのこし (3.4%) | N64: 6. ソクノのみ (2.4%) 7. たつじんのおび (1.8%) 8. カゴのみ (1.2%) 9. きあいのタスキ (0.9%) 10. せんせいのツメ (0.4%) | O64: 1. いじっぱり +A -C (91.1%) 2. ゆうかん +A -S (1.7%) 3. ずぶとい +B -A (1.7%) 4. なまいき +D -S (1.4%) 5. わんぱく +B -C (0.8%) | P64: 6. ようき +S -C (0.7%) 7. のんき +B -S (0.7%) 8. しんちょう +D -C (0.6%) 9. れいせい +C -S (0.6%) 10. おだやか +D -A (0.5%) | Q64: 1. H32/A32/B0/C0/D0/S2 (15.7%) 2. H31/A32/B0/C0/D0/S3 (12.2%) 3. H31/A32/B3/C0/D0/S0 (6.4%) 4. H32/A32/B2/C0/D0/S0 (5.3%) 5. H32/A32/B0/C0/D2/S0 (4.1%) | R64: 6. H32/A32/B1/C0/D1/S0 (3.3%) 7. H29/A32/B3/C0/D2/S0 (2.8%) 8. H15/A32/B0/C0/D0/S19 (2.3%) 9. H31/A32/B0/C0/D3/S0 (2.1%) 10. H32/A0/B32/C0/D2/S0 (2%) | S64: 1. ガブリアス 2. リザードン 3. ライチュウ 4. サザンドラ 5. メタグロス | T64: 6. ゲンガー 7. マスカーニャ 8. ミミッキュ 9. マフォクシー 10. ブリジュラス
A65: 64 | B65: ジュカイン | C65: Sceptile | D65: 1. りゅうのはどう (88.9%) 2. だいちのちから (83.1%) 3. リーフストーム (77.9%) 4. しっぽきり (56.2%) 5. エナジーボール (18.6%) 6. みがわり (17.9%) 7. しんくうは (17.3%) 8. きあいだま (12.4%) 9. がむしゃら (5.9%) 10. ギガドレイン (3.3%) | E65: 1. ジュカインナイト (84.4%) 2. きあいのタスキ (5.8%) 3. オボンのみ (4.2%) 4. しろいハーブ (1.4%) 5. こだわりスカーフ (1.3%) 6. たべのこし (0.4%) 7. オレンのみ (0.3%) 8. でんきだま (0.1%) 9. ひかりのこな (0.1%) 10. いのちのたま (0.1%) | F65: 1. しんりょく (83.8%) 2. かるわざ (16.2%) | G65: 1. おくびょう +S -A (84.6%) 2. ひかえめ +C -A (10%) 3. ずぶとい +B -A (1.3%) 4. むじゃき +S -D (1.1%) 5. いじっぱり +A -C (0.8%) 6. せっかち +S -B (0.4%) 7. さみしがり +A -B (0.4%) 8. おっとり +C -B (0.3%) 9. ようき +S -C (0.3%) 10. のんき +B -S (0.3%) | H65: 1. ガブリアス 2. カバルドン 3. ミミッキュ 4. アシレーヌ 5. バシャーモ 6. ブリジュラス 7. ギャラドス 8. ソウブレイズ 9. ゲッコウガ 10. ラウドボーン | I65: 1. H2/A0/B0/C32/D0/S32 (70.3%) 2. H0/A0/B2/C32/D0/S32 (8.1%) 3. H0/A0/B0/C32/D2/S32 (3.7%) 4. H4/A0/B0/C32/D0/S30 (1.5%) 5. H1/A0/B1/C32/D0/S32 (1.4%) 6. H1/A0/B2/C31/D0/S32 (1.2%) 7. H3/A0/B0/C32/D0/S31 (1%) 8. H0/A2/B0/C32/D0/S32 (1%) 9. H2/A0/B1/C32/D0/S31 (0.9%) 10. H19/A0/B0/C32/D0/S15 (0.9%) | J65: 今回は大きな変化なし | K65: 1. りゅうのはどう (88.9%) 2. だいちのちから (83.1%) 3. リーフストーム (77.9%) 4. しっぽきり (56.2%) 5. エナジーボール (18.6%) | L65: 6. みがわり (17.9%) 7. しんくうは (17.3%) 8. きあいだま (12.4%) 9. がむしゃら (5.9%) 10. ギガドレイン (3.3%) | M65: 1. ジュカインナイト (84.4%) 2. きあいのタスキ (5.8%) 3. オボンのみ (4.2%) 4. しろいハーブ (1.4%) 5. こだわりスカーフ (1.3%) | N65: 6. たべのこし (0.4%) 7. オレンのみ (0.3%) 8. でんきだま (0.1%) 9. ひかりのこな (0.1%) 10. いのちのたま (0.1%) | O65: 1. おくびょう +S -A (84.6%) 2. ひかえめ +C -A (10%) 3. ずぶとい +B -A (1.3%) 4. むじゃき +S -D (1.1%) 5. いじっぱり +A -C (0.8%) | P65: 6. せっかち +S -B (0.4%) 7. さみしがり +A -B (0.4%) 8. おっとり +C -B (0.3%) 9. ようき +S -C (0.3%) 10. のんき +B -S (0.3%) | Q65: 1. H2/A0/B0/C32/D0/S32 (70.3%) 2. H0/A0/B2/C32/D0/S32 (8.1%) 3. H0/A0/B0/C32/D2/S32 (3.7%) 4. H4/A0/B0/C32/D0/S30 (1.5%) 5. H1/A0/B1/C32/D0/S32 (1.4%) | R65: 6. H1/A0/B2/C31/D0/S32 (1.2%) 7. H3/A0/B0/C32/D0/S31 (1%) 8. H0/A2/B0/C32/D0/S32 (1%) 9. H2/A0/B1/C32/D0/S31 (0.9%) 10. H19/A0/B0/C32/D0/S15 (0.9%) | S65: 1. ガブリアス 2. カバルドン 3. ミミッキュ 4. アシレーヌ 5. バシャーモ | T65: 6. ブリジュラス 7. ギャラドス 8. ソウブレイズ 9. ゲッコウガ 10. ラウドボーン
A66: 65 | B66: ヒスイゾロアーク | C66: Zoroark-Hisui | D66: 1. うらみつらみ (61.8%) 2. こごえるかぜ (57.1%) 3. かえんほうしゃ (35.5%) 4. シャドーボール (34.2%) 5. きあいだま (33.5%) 6. ちょうはつ (23.3%) 7. かげうち (22.7%) 8. はかいこうせん (14.6%) 9. ハイパーボイス (13.4%) 10. おきみやげ (12.9%) | E66: 1. きあいのタスキ (69.5%) 2. こだわりスカーフ (13.2%) 3. いのちのたま (6.6%) 4. たつじんのおび (2.8%) 5. ものしりメガネ (1.8%) 6. ひかりのこな (1%) 7. ナモのみ (0.9%) 8. オボンのみ (0.6%) 9. のろいのおふだ (0.6%) 10. ラムのみ (0.6%) | F66: 1. イリュージョン (100%) | G66: 1. おくびょう +S -A (58.3%) 2. ひかえめ +C -A (22.4%) 3. むじゃき +S -D (11%) 4. せっかち +S -B (4.2%) 5. うっかりや +C -D (1.3%) 6. のんき +B -S (0.7%) 7. ようき +S -C (0.5%) 8. おっとり +C -B (0.4%) 9. なまいき +D -S (0.4%) 10. れいせい +C -S (0.4%) | H66: 1. ガブリアス 2. ブリジュラス 3. マスカーニャ 4. メタグロス 5. ミミッキュ 6. バシャーモ 7. ギャラドス 8. スターミー 9. ムクホーク 10. ライチュウ | I66: 1. H2/A0/B0/C32/D0/S32 (46.2%) 2. H1/A0/B1/C32/D0/S32 (13.5%) 3. H0/A2/B0/C32/D0/S32 (10.6%) 4. H0/A0/B2/C32/D0/S32 (4.3%) 5. H0/A0/B0/C32/D0/S32 (4.1%) 6. H1/A0/B0/C32/D1/S32 (3.4%) 7. H0/A0/B0/C32/D2/S32 (2%) 8. H1/A0/B0/C32/D0/S32 (1.8%) 9. H1/A1/B0/C32/D0/S32 (1.5%) 10. H0/A0/B1/C32/D1/S32 (0.8%) | J66: 今回は大きな変化なし | K66: 1. うらみつらみ (61.8%) 2. こごえるかぜ (57.1%) 3. かえんほうしゃ (35.5%) 4. シャドーボール (34.2%) 5. きあいだま (33.5%) | L66: 6. ちょうはつ (23.3%) 7. かげうち (22.7%) 8. はかいこうせん (14.6%) 9. ハイパーボイス (13.4%) 10. おきみやげ (12.9%) | M66: 1. きあいのタスキ (69.5%) 2. こだわりスカーフ (13.2%) 3. いのちのたま (6.6%) 4. たつじんのおび (2.8%) 5. ものしりメガネ (1.8%) | N66: 6. ひかりのこな (1%) 7. ナモのみ (0.9%) 8. オボンのみ (0.6%) 9. のろいのおふだ (0.6%) 10. ラムのみ (0.6%) | O66: 1. おくびょう +S -A (58.3%) 2. ひかえめ +C -A (22.4%) 3. むじゃき +S -D (11%) 4. せっかち +S -B (4.2%) 5. うっかりや +C -D (1.3%) | P66: 6. のんき +B -S (0.7%) 7. ようき +S -C (0.5%) 8. おっとり +C -B (0.4%) 9. なまいき +D -S (0.4%) 10. れいせい +C -S (0.4%) | Q66: 1. H2/A0/B0/C32/D0/S32 (46.2%) 2. H1/A0/B1/C32/D0/S32 (13.5%) 3. H0/A2/B0/C32/D0/S32 (10.6%) 4. H0/A0/B2/C32/D0/S32 (4.3%) 5. H0/A0/B0/C32/D0/S32 (4.1%) | R66: 6. H1/A0/B0/C32/D1/S32 (3.4%) 7. H0/A0/B0/C32/D2/S32 (2%) 8. H1/A0/B0/C32/D0/S32 (1.8%) 9. H1/A1/B0/C32/D0/S32 (1.5%) 10. H0/A0/B1/C32/D1/S32 (0.8%) | S66: 1. ガブリアス 2. ブリジュラス 3. マスカーニャ 4. メタグロス 5. ミミッキュ | T66: 6. バシャーモ 7. ギャラドス 8. スターミー 9. ムクホーク 10. ライチュウ
A67: 66 | B67: エルレイド | C67: Gallade | D67: 1. せいなるつるぎ (95.4%) 2. サイコカッター (83.1%) 3. リーフブレード (73.8%) 4. かげうち (54.6%) 5. つじぎり (13.8%) 6. トリプルアクセル (12.1%) 7. シャドークロー (11.7%) 8. みちづれ (6%) 9. アクアカッター (5.9%) 10. れいとうパンチ (5%) | E67: 1. きあいのタスキ (41.8%) 2. こだわりスカーフ (18.2%) 3. ピントレンズ (13.1%) 4. ラムのみ (9%) 5. エルレイドナイト (7.6%) 6. いのちのたま (4.6%) 7. たつじんのおび (2%) 8. オボンのみ (1%) 9. ちからのハチマキ (0.9%) 10. せんせいのツメ (0.5%) | F67: 1. きれあじ (96.6%) 2. せいぎのこころ (2.9%) 3. ふくつのこころ (0.5%) | G67: 1. いじっぱり +A -C (63.2%) 2. ようき +S -C (34.1%) 3. しんちょう +D -C (1%) 4. なまいき +D -S (0.8%) 5. ゆうかん +A -S (0.6%) 6. わんぱく +B -C (0.2%) 7. さみしがり +A -B (0%) 8. のんき +B -S (0%) | H67: 1. ガブリアス 2. マスカーニャ 3. ミミッキュ 4. アシレーヌ 5. リザードン 6. ブリジュラス 7. ゲッコウガ 8. マフォクシー 9. ギャラドス 10. バシャーモ | I67: 1. H2/A32/B0/C0/D0/S32 (48.1%) 2. H0/A32/B2/C0/D0/S32 (8.8%) 3. H32/A32/B2/C0/D0/S0 (4.8%) 4. H0/A32/B0/C0/D2/S32 (3.8%) 5. H28/A32/B0/C0/D0/S6 (3.6%) 6. H2/A32/B32/C0/D0/S0 (1.9%) 7. H2/A32/B0/C0/D32/S0 (1.9%) 8. H0/A32/B0/C0/D0/S32 (1.6%) 9. H0/A26/B8/C0/D0/S32 (1%) 10. H18/A32/B16/C0/D0/S0 (1%) | J67: 今回は大きな変化なし | K67: 1. せいなるつるぎ (95.4%) 2. サイコカッター (83.1%) 3. リーフブレード (73.8%) 4. かげうち (54.6%) 5. つじぎり (13.8%) | L67: 6. トリプルアクセル (12.1%) 7. シャドークロー (11.7%) 8. みちづれ (6%) 9. アクアカッター (5.9%) 10. れいとうパンチ (5%) | M67: 1. きあいのタスキ (41.8%) 2. こだわりスカーフ (18.2%) 3. ピントレンズ (13.1%) 4. ラムのみ (9%) 5. エルレイドナイト (7.6%) | N67: 6. いのちのたま (4.6%) 7. たつじんのおび (2%) 8. オボンのみ (1%) 9. ちからのハチマキ (0.9%) 10. せんせいのツメ (0.5%) | O67: 1. いじっぱり +A -C (63.2%) 2. ようき +S -C (34.1%) 3. しんちょう +D -C (1%) 4. なまいき +D -S (0.8%) | P67: 5. ゆうかん +A -S (0.6%) 6. わんぱく +B -C (0.2%) 7. さみしがり +A -B (0%) 8. のんき +B -S (0%) | Q67: 1. H2/A32/B0/C0/D0/S32 (48.1%) 2. H0/A32/B2/C0/D0/S32 (8.8%) 3. H32/A32/B2/C0/D0/S0 (4.8%) 4. H0/A32/B0/C0/D2/S32 (3.8%) 5. H28/A32/B0/C0/D0/S6 (3.6%) | R67: 6. H2/A32/B32/C0/D0/S0 (1.9%) 7. H2/A32/B0/C0/D32/S0 (1.9%) 8. H0/A32/B0/C0/D0/S32 (1.6%) 9. H0/A26/B8/C0/D0/S32 (1%) 10. H18/A32/B16/C0/D0/S0 (1%) | S67: 1. ガブリアス 2. マスカーニャ 3. ミミッキュ 4. アシレーヌ 5. リザードン | T67: 6. ブリジュラス 7. ゲッコウガ 8. マフォクシー 9. ギャラドス 10. バシャーモ
A68: 67 | B68: ヒスイヌメルゴン | C68: Goodra-Hisui | D68: 1. りゅうせいぐん (63.8%) 2. かえんほうしゃ (50.6%) 3. ヘビーボンバー (43.2%) 4. ラスターカノン (38.5%) 5. ドラゴンテール (37.6%) 6. １０まんボルト (27.9%) 7. たてこもる (22.2%) 8. ボディプレス (21.2%) 9. れいとうビーム (15.1%) 10. アシッドボム (13.7%) | E68: 1. たべのこし (64.1%) 2. オボンのみ (11.5%) 3. カゴのみ (5.1%) 4. シュカのみ (4.9%) 5. たつじんのおび (3.5%) 6. りゅうのキバ (2.8%) 7. しろいハーブ (2.3%) 8. いのちのたま (1.7%) 9. きあいのタスキ (1%) 10. ものしりメガネ (0.7%) | F68: 1. ぬめぬめ (48.6%) 2. そうしょく (25.9%) 3. シェルアーマー (25.5%) | G68: 1. なまいき +D -S (37.3%) 2. ひかえめ +C -A (20.7%) 3. おだやか +D -A (14.7%) 4. ずぶとい +B -A (13%) 5. れいせい +C -S (5.7%) 6. わんぱく +B -C (2.9%) 7. のんき +B -S (1.9%) 8. しんちょう +D -C (1.6%) 9. いじっぱり +A -C (1.3%) 10. まじめ (0.5%) | H68: 1. カバルドン 2. メガニウム 3. カメックス 4. ドヒドイデ 5. サーフゴー 6. ガブリアス 7. ギャラドス 8. ラウドボーン 9. マスカーニャ 10. ミミッキュ | I68: 1. H22/A11/B0/C1/D32/S0 (25.7%) 2. H32/A0/B32/C0/D2/S0 (10.4%) 3. H32/A0/B2/C32/D0/S0 (7.1%) 4. H32/A0/B0/C32/D2/S0 (7.1%) 5. H32/A0/B32/C0/D0/S2 (2.9%) 6. H32/A0/B0/C32/D0/S2 (2.7%) 7. H22/A11/B1/C0/D32/S0 (2.3%) 8. H2/A0/B0/C32/D32/S0 (1.9%) 9. H22/A0/B11/C1/D32/S0 (1.7%) 10. H22/A12/B0/C0/D32/S0 (1.6%) | J68: 今回は大きな変化なし | K68: 1. りゅうせいぐん (63.8%) 2. かえんほうしゃ (50.6%) 3. ヘビーボンバー (43.2%) 4. ラスターカノン (38.5%) 5. ドラゴンテール (37.6%) | L68: 6. １０まんボルト (27.9%) 7. たてこもる (22.2%) 8. ボディプレス (21.2%) 9. れいとうビーム (15.1%) 10. アシッドボム (13.7%) | M68: 1. たべのこし (64.1%) 2. オボンのみ (11.5%) 3. カゴのみ (5.1%) 4. シュカのみ (4.9%) 5. たつじんのおび (3.5%) | N68: 6. りゅうのキバ (2.8%) 7. しろいハーブ (2.3%) 8. いのちのたま (1.7%) 9. きあいのタスキ (1%) 10. ものしりメガネ (0.7%) | O68: 1. なまいき +D -S (37.3%) 2. ひかえめ +C -A (20.7%) 3. おだやか +D -A (14.7%) 4. ずぶとい +B -A (13%) 5. れいせい +C -S (5.7%) | P68: 6. わんぱく +B -C (2.9%) 7. のんき +B -S (1.9%) 8. しんちょう +D -C (1.6%) 9. いじっぱり +A -C (1.3%) 10. まじめ (0.5%) | Q68: 1. H22/A11/B0/C1/D32/S0 (25.7%) 2. H32/A0/B32/C0/D2/S0 (10.4%) 3. H32/A0/B2/C32/D0/S0 (7.1%) 4. H32/A0/B0/C32/D2/S0 (7.1%) 5. H32/A0/B32/C0/D0/S2 (2.9%) | R68: 6. H32/A0/B0/C32/D0/S2 (2.7%) 7. H22/A11/B1/C0/D32/S0 (2.3%) 8. H2/A0/B0/C32/D32/S0 (1.9%) 9. H22/A0/B11/C1/D32/S0 (1.7%) 10. H22/A12/B0/C0/D32/S0 (1.6%) | S68: 1. カバルドン 2. メガニウム 3. カメックス 4. ドヒドイデ 5. サーフゴー | T68: 6. ガブリアス 7. ギャラドス 8. ラウドボーン 9. マスカーニャ 10. ミミッキュ
A69: 68 | B69: オニシズクモ | C69: Araquanid | D69: 1. ねばねばネット (89.3%) 2. アクアブレイク (78.3%) 3. ミラーコート (70.6%) 4. きゅうけつ (26.8%) 5. とびかかる (20.4%) 6. なみのり (18.8%) 7. こごえるかぜ (13.9%) 8. がむしゃら (12.4%) 9. れいとうビーム (10.7%) 10. とびつく (9.8%) | E69: 1. オボンのみ (44.7%) 2. しんぴのしずく (14.2%) 3. きあいのタスキ (12%) 4. たべのこし (10.2%) 5. ソクノのみ (5.3%) 6. いのちのたま (3.6%) 7. ラムのみ (2.6%) 8. せんせいのツメ (2.1%) 9. メンタルハーブ (1.2%) 10. カゴのみ (0.8%) | F69: 1. すいほう (99.1%) 2. ちょすい (0.9%) | G69: 1. いじっぱり +A -C (38.5%) 2. ひかえめ +C -A (14.8%) 3. わんぱく +B -C (10.8%) 4. しんちょう +D -C (8%) 5. ようき +S -C (6.7%) 6. のんき +B -S (5.7%) 7. ゆうかん +A -S (4.5%) 8. れいせい +C -S (2.9%) 9. ずぶとい +B -A (2.8%) 10. おだやか +D -A (1.8%) | H69: 1. ガブリアス 2. ミミッキュ 3. ライチュウ 4. メタグロス 5. カバルドン 6. ハッサム 7. マスカーニャ 8. ギャラドス 9. リザードン 10. ブリジュラス | I69: 1. H32/A32/B2/C0/D0/S0 (22.9%) 2. H32/A0/B32/C0/D2/S0 (7%) 3. H16/A18/B0/C0/D0/S32 (4.9%) 4. H32/A0/B2/C32/D0/S0 (4.5%) 5. H32/A32/B0/C0/D2/S0 (3.9%) 6. H32/A0/B0/C32/D2/S0 (3.6%) 7. H28/A0/B0/C32/D0/S6 (3.3%) 8. H28/A32/B0/C0/D0/S6 (2.4%) 9. H32/A2/B32/C0/D0/S0 (2.3%) 10. H32/A0/B28/C0/D6/S0 (2.1%) | J69: 今回は大きな変化なし | K69: 1. ねばねばネット (89.3%) 2. アクアブレイク (78.3%) 3. ミラーコート (70.6%) 4. きゅうけつ (26.8%) 5. とびかかる (20.4%) | L69: 6. なみのり (18.8%) 7. こごえるかぜ (13.9%) 8. がむしゃら (12.4%) 9. れいとうビーム (10.7%) 10. とびつく (9.8%) | M69: 1. オボンのみ (44.7%) 2. しんぴのしずく (14.2%) 3. きあいのタスキ (12%) 4. たべのこし (10.2%) 5. ソクノのみ (5.3%) | N69: 6. いのちのたま (3.6%) 7. ラムのみ (2.6%) 8. せんせいのツメ (2.1%) 9. メンタルハーブ (1.2%) 10. カゴのみ (0.8%) | O69: 1. いじっぱり +A -C (38.5%) 2. ひかえめ +C -A (14.8%) 3. わんぱく +B -C (10.8%) 4. しんちょう +D -C (8%) 5. ようき +S -C (6.7%) | P69: 6. のんき +B -S (5.7%) 7. ゆうかん +A -S (4.5%) 8. れいせい +C -S (2.9%) 9. ずぶとい +B -A (2.8%) 10. おだやか +D -A (1.8%) | Q69: 1. H32/A32/B2/C0/D0/S0 (22.9%) 2. H32/A0/B32/C0/D2/S0 (7%) 3. H16/A18/B0/C0/D0/S32 (4.9%) 4. H32/A0/B2/C32/D0/S0 (4.5%) 5. H32/A32/B0/C0/D2/S0 (3.9%) | R69: 6. H32/A0/B0/C32/D2/S0 (3.6%) 7. H28/A0/B0/C32/D0/S6 (3.3%) 8. H28/A32/B0/C0/D0/S6 (2.4%) 9. H32/A2/B32/C0/D0/S0 (2.3%) 10. H32/A0/B28/C0/D6/S0 (2.1%) | S69: 1. ガブリアス 2. ミミッキュ 3. ライチュウ 4. メタグロス 5. カバルドン | T69: 6. ハッサム 7. マスカーニャ 8. ギャラドス 9. リザードン 10. ブリジュラス
A70: 69 | B70: ビビヨン | C70: Vivillon | D70: 1. ねむりごな (98.3%) 2. ぼうふう (97.5%) 3. ちょうのまい (96.9%) 4. みがわり (91.5%) 5. むしのさざめき (4.9%) 6. おいかぜ (2.1%) 7. いかりのこな (1.7%) 8. まもる (1.5%) 9. かふんだんご (1.5%) 10. ギガドレイン (1.4%) | E70: 1. たべのこし (86.5%) 2. きあいのタスキ (7.5%) 3. こうかくレンズ (1%) 4. ひかりのこな (0.8%) 5. せんせいのツメ (0.8%) 6. ものしりメガネ (0.8%) 7. こだわりスカーフ (0.2%) 8. オボンのみ (0.2%) 9. いのちのたま (0.1%) 10. ラムのみ (0.1%) | F70: 1. ふくがん (97.7%) 2. フレンドガード (2.3%) 3. りんぷん (0%) | G70: 1. おくびょう +S -A (97.6%) 2. ひかえめ +C -A (1.6%) 3. まじめ (0.3%) 4. おだやか +D -A (0.2%) 5. れいせい +C -S (0.2%) 6. ずぶとい +B -A (0.1%) 7. せっかち +S -B (0%) | H70: 1. ミミッキュ 2. ブリジュラス 3. ゲッコウガ 4. クエスパトラ 5. ミミロップ 6. バシャーモ 7. ガブリアス 8. メタグロス 9. ギャラドス 10. イダイトウ | I70: 1. H6/A0/B28/C0/D0/S32 (41%) 2. H2/A0/B0/C32/D0/S32 (21.9%) 3. H6/A0/B0/C28/D0/S32 (12.8%) 4. H0/A0/B2/C32/D0/S32 (3.2%) 5. H32/A0/B0/C2/D0/S32 (2.3%) 6. H32/A0/B1/C0/D1/S32 (1.8%) 7. H0/A0/B0/C32/D0/S32 (1.8%) 8. H32/A0/B0/C0/D2/S32 (1.6%) 9. H18/A0/B0/C16/D0/S32 (1.4%) 10. H32/A0/B2/C0/D0/S32 (1.4%) | J70: 今回は大きな変化なし | K70: 1. ねむりごな (98.3%) 2. ぼうふう (97.5%) 3. ちょうのまい (96.9%) 4. みがわり (91.5%) 5. むしのさざめき (4.9%) | L70: 6. おいかぜ (2.1%) 7. いかりのこな (1.7%) 8. まもる (1.5%) 9. かふんだんご (1.5%) 10. ギガドレイン (1.4%) | M70: 1. たべのこし (86.5%) 2. きあいのタスキ (7.5%) 3. こうかくレンズ (1%) 4. ひかりのこな (0.8%) 5. せんせいのツメ (0.8%) | N70: 6. ものしりメガネ (0.8%) 7. こだわりスカーフ (0.2%) 8. オボンのみ (0.2%) 9. いのちのたま (0.1%) 10. ラムのみ (0.1%) | O70: 1. おくびょう +S -A (97.6%) 2. ひかえめ +C -A (1.6%) 3. まじめ (0.3%) 4. おだやか +D -A (0.2%) | P70: 5. れいせい +C -S (0.2%) 6. ずぶとい +B -A (0.1%) 7. せっかち +S -B (0%) | Q70: 1. H6/A0/B28/C0/D0/S32 (41%) 2. H2/A0/B0/C32/D0/S32 (21.9%) 3. H6/A0/B0/C28/D0/S32 (12.8%) 4. H0/A0/B2/C32/D0/S32 (3.2%) 5. H32/A0/B0/C2/D0/S32 (2.3%) | R70: 6. H32/A0/B1/C0/D1/S32 (1.8%) 7. H0/A0/B0/C32/D0/S32 (1.8%) 8. H32/A0/B0/C0/D2/S32 (1.6%) 9. H18/A0/B0/C16/D0/S32 (1.4%) 10. H32/A0/B2/C0/D0/S32 (1.4%) | S70: 1. ミミッキュ 2. ブリジュラス 3. ゲッコウガ 4. クエスパトラ 5. ミミロップ | T70: 6. バシャーモ 7. ガブリアス 8. メタグロス 9. ギャラドス 10. イダイトウ
A71: 70 | B71: ヤミラミ | C71: Sableye | D71: 1. おにび (71.9%) 2. イカサマ (61.1%) 3. アンコール (59%) 4. じこさいせい (48.2%) 5. ひかりのかべ (38.8%) 6. リフレクター (34.4%) 7. かなしばり (12.2%) 8. めいそう (11.5%) 9. ちょうはつ (9%) 10. メタルバースト (7.3%) | E71: 1. ひかりのねんど (34.4%) 2. ヤミラミナイト (34%) 3. たべのこし (13.7%) 4. きあいのタスキ (5%) 5. ロゼルのみ (3.9%) 6. オボンのみ (2.8%) 7. こうかくレンズ (2.6%) 8. くろいてっきゅう (1%) 9. ひかりのこな (0.7%) 10. しめったいわ (0.2%) | F71: 1. いたずらごころ (99.6%) 2. するどいめ (0.2%) 3. あとだし (0.1%) | G71: 1. ずぶとい +B -A (38.5%) 2. わんぱく +B -C (25.5%) 3. おだやか +D -A (13.7%) 4. しんちょう +D -C (9.3%) 5. のんき +B -S (6.6%) 6. なまいき +D -S (3.2%) 7. いじっぱり +A -C (1.4%) 8. ゆうかん +A -S (0.7%) 9. さみしがり +A -B (0.3%) 10. ひかえめ +C -A (0.2%) | H71: 1. ガブリアス 2. バシャーモ 3. ギャラドス 4. メタグロス 5. ブリジュラス 6. ミミッキュ 7. アシレーヌ 8. ゲッコウガ 9. マスカーニャ 10. ムクホーク | I71: 1. H32/A0/B32/C0/D2/S0 (35.4%) 2. H32/A0/B2/C0/D32/S0 (15.1%) 3. H32/A0/B25/C0/D9/S0 (9.3%) 4. H32/A0/B18/C0/D16/S0 (4.9%) 5. H32/A0/B32/C0/D0/S0 (3.5%) 6. H32/A0/B7/C0/D27/S0 (2.9%) 7. H32/A0/B15/C0/D19/S0 (2.5%) 8. H32/A0/B9/C0/D25/S0 (2.3%) 9. H32/A0/B16/C0/D18/S0 (2%) 10. H32/A0/B32/C0/D0/S2 (2%) | J71: 今回は大きな変化なし | K71: 1. おにび (71.9%) 2. イカサマ (61.1%) 3. アンコール (59%) 4. じこさいせい (48.2%) 5. ひかりのかべ (38.8%) | L71: 6. リフレクター (34.4%) 7. かなしばり (12.2%) 8. めいそう (11.5%) 9. ちょうはつ (9%) 10. メタルバースト (7.3%) | M71: 1. ひかりのねんど (34.4%) 2. ヤミラミナイト (34%) 3. たべのこし (13.7%) 4. きあいのタスキ (5%) 5. ロゼルのみ (3.9%) | N71: 6. オボンのみ (2.8%) 7. こうかくレンズ (2.6%) 8. くろいてっきゅう (1%) 9. ひかりのこな (0.7%) 10. しめったいわ (0.2%) | O71: 1. ずぶとい +B -A (38.5%) 2. わんぱく +B -C (25.5%) 3. おだやか +D -A (13.7%) 4. しんちょう +D -C (9.3%) 5. のんき +B -S (6.6%) | P71: 6. なまいき +D -S (3.2%) 7. いじっぱり +A -C (1.4%) 8. ゆうかん +A -S (0.7%) 9. さみしがり +A -B (0.3%) 10. ひかえめ +C -A (0.2%) | Q71: 1. H32/A0/B32/C0/D2/S0 (35.4%) 2. H32/A0/B2/C0/D32/S0 (15.1%) 3. H32/A0/B25/C0/D9/S0 (9.3%) 4. H32/A0/B18/C0/D16/S0 (4.9%) 5. H32/A0/B32/C0/D0/S0 (3.5%) | R71: 6. H32/A0/B7/C0/D27/S0 (2.9%) 7. H32/A0/B15/C0/D19/S0 (2.5%) 8. H32/A0/B9/C0/D25/S0 (2.3%) 9. H32/A0/B16/C0/D18/S0 (2%) 10. H32/A0/B32/C0/D0/S2 (2%) | S71: 1. ガブリアス 2. バシャーモ 3. ギャラドス 4. メタグロス 5. ブリジュラス | T71: 6. ミミッキュ 7. アシレーヌ 8. ゲッコウガ 9. マスカーニャ 10. ムクホーク
A72: 71 | B72: エアームド | C72: Skarmory | D72: 1. はねやすめ (63.1%) 2. ステルスロック (45.6%) 3. ブレイブバード (36.9%) 4. ふきとばし (36.7%) 5. ボディプレス (36.3%) 6. つるぎのまい (30.8%) 7. ドリルライナー (28.9%) 8. アイアンヘッド (28.9%) 9. てっぺき (27.8%) 10. まきびし (19.4%) | E72: 1. エアームドナイト (35.8%) 2. オボンのみ (28.5%) 3. たべのこし (19.7%) 4. メンタルハーブ (4.3%) 5. ラムのみ (4%) 6. ひかりのこな (2.5%) 7. いのちのたま (1.6%) 8. ソクノのみ (0.8%) 9. メタルコート (0.6%) 10. くろおび (0.5%) | F72: 1. がんじょう (72.1%) 2. くだけるよろい (26.9%) 3. するどいめ (0.9%) | G72: 1. わんぱく +B -C (45.8%) 2. ようき +S -C (22.4%) 3. いじっぱり +A -C (13.3%) 4. しんちょう +D -C (8.5%) 5. ずぶとい +B -A (7.2%) 6. のんき +B -S (1.3%) 7. おだやか +D -A (0.8%) 8. おくびょう +S -A (0.2%) 9. まじめ (0.2%) 10. ゆうかん +A -S (0.2%) | H72: 1. ガブリアス 2. ドラミドロ 3. ブリジュラス 4. マフォクシー 5. ミミッキュ 6. マスカーニャ 7. バシャーモ 8. アシレーヌ 9. ラウドボーン 10. ブラッキー | I72: 1. H32/A0/B32/C0/D2/S0 (21.6%) 2. H32/A0/B32/C0/D0/S2 (8%) 3. H2/A32/B0/C0/D0/S32 (5.3%) 4. H32/A0/B2/C0/D32/S0 (4.8%) 5. H31/A0/B32/C0/D3/S0 (3.3%) 6. H1/A32/B1/C0/D0/S32 (2.6%) 7. H32/A0/B32/C0/D1/S1 (2.2%) 8. H5/A32/B4/C0/D0/S25 (2.2%) 9. H32/A2/B32/C0/D0/S0 (1.9%) 10. H19/A32/B0/C0/D0/S15 (1.9%) | J72: 今回は大きな変化なし | K72: 1. はねやすめ (63.1%) 2. ステルスロック (45.6%) 3. ブレイブバード (36.9%) 4. ふきとばし (36.7%) 5. ボディプレス (36.3%) | L72: 6. つるぎのまい (30.8%) 7. ドリルライナー (28.9%) 8. アイアンヘッド (28.9%) 9. てっぺき (27.8%) 10. まきびし (19.4%) | M72: 1. エアームドナイト (35.8%) 2. オボンのみ (28.5%) 3. たべのこし (19.7%) 4. メンタルハーブ (4.3%) 5. ラムのみ (4%) | N72: 6. ひかりのこな (2.5%) 7. いのちのたま (1.6%) 8. ソクノのみ (0.8%) 9. メタルコート (0.6%) 10. くろおび (0.5%) | O72: 1. わんぱく +B -C (45.8%) 2. ようき +S -C (22.4%) 3. いじっぱり +A -C (13.3%) 4. しんちょう +D -C (8.5%) 5. ずぶとい +B -A (7.2%) | P72: 6. のんき +B -S (1.3%) 7. おだやか +D -A (0.8%) 8. おくびょう +S -A (0.2%) 9. まじめ (0.2%) 10. ゆうかん +A -S (0.2%) | Q72: 1. H32/A0/B32/C0/D2/S0 (21.6%) 2. H32/A0/B32/C0/D0/S2 (8%) 3. H2/A32/B0/C0/D0/S32 (5.3%) 4. H32/A0/B2/C0/D32/S0 (4.8%) 5. H31/A0/B32/C0/D3/S0 (3.3%) | R72: 6. H1/A32/B1/C0/D0/S32 (2.6%) 7. H32/A0/B32/C0/D1/S1 (2.2%) 8. H5/A32/B4/C0/D0/S25 (2.2%) 9. H32/A2/B32/C0/D0/S0 (1.9%) 10. H19/A32/B0/C0/D0/S15 (1.9%) | S72: 1. ガブリアス 2. ドラミドロ 3. ブリジュラス 4. マフォクシー 5. ミミッキュ | T72: 6. マスカーニャ 7. バシャーモ 8. アシレーヌ 9. ラウドボーン 10. ブラッキー
A73: 72 | B73: ジュペッタ | C73: Banette | D73: 1. みちづれ (99.4%) 2. ポルターガイスト (96.2%) 3. かげうち (72.1%) 4. アンコール (67.1%) 5. ちょうはつ (23%) 6. おにび (12.5%) 7. ダストシュート (9.3%) 8. ふいうち (4.5%) 9. つるぎのまい (2.9%) 10. のろい (2.7%) | E73: 1. ジュペッタナイト (99.9%) 2. こだわりスカーフ (0%) | F73: 1. おみとおし (90.1%) 2. ふみん (6.7%) 3. のろわれボディ (3.1%) | G73: 1. いじっぱり +A -C (73.7%) 2. ゆうかん +A -S (20.8%) 3. しんちょう +D -C (1.5%) 4. やんちゃ +A -D (1.4%) 5. ずぶとい +B -A (1.1%) 6. ようき +S -C (1%) 7. わんぱく +B -C (0.5%) 8. なまいき +D -S (0.1%) | H73: 1. ミミッキュ 2. ブリジュラス 3. イダイトウ 4. アシレーヌ 5. ガブリアス 6. マスカーニャ 7. ゲッコウガ 8. ドドゲザン 9. アーマーガア 10. ムクホーク | I73: 1. H32/A32/B2/C0/D0/S0 (32.5%) 2. H32/A32/B0/C0/D2/S0 (12.6%) 3. H32/A32/B0/C0/D0/S2 (10.8%) 4. H30/A25/B0/C0/D4/S7 (5.3%) 5. H32/A32/B1/C0/D1/S0 (3%) 6. H32/A25/B0/C0/D8/S1 (1.6%) 7. H20/A15/B0/C0/D31/S0 (1.5%) 8. H32/A28/B6/C0/D0/S0 (1.5%) 9. H30/A32/B0/C0/D0/S4 (1.4%) 10. H32/A0/B32/C0/D0/S0 (1.3%) | J73: 今回は大きな変化なし | K73: 1. みちづれ (99.4%) 2. ポルターガイスト (96.2%) 3. かげうち (72.1%) 4. アンコール (67.1%) 5. ちょうはつ (23%) | L73: 6. おにび (12.5%) 7. ダストシュート (9.3%) 8. ふいうち (4.5%) 9. つるぎのまい (2.9%) 10. のろい (2.7%) | M73: 1. ジュペッタナイト (99.9%) | N73: 2. こだわりスカーフ (0%) | O73: 1. いじっぱり +A -C (73.7%) 2. ゆうかん +A -S (20.8%) 3. しんちょう +D -C (1.5%) 4. やんちゃ +A -D (1.4%) | P73: 5. ずぶとい +B -A (1.1%) 6. ようき +S -C (1%) 7. わんぱく +B -C (0.5%) 8. なまいき +D -S (0.1%) | Q73: 1. H32/A32/B2/C0/D0/S0 (32.5%) 2. H32/A32/B0/C0/D2/S0 (12.6%) 3. H32/A32/B0/C0/D0/S2 (10.8%) 4. H30/A25/B0/C0/D4/S7 (5.3%) 5. H32/A32/B1/C0/D1/S0 (3%) | R73: 6. H32/A25/B0/C0/D8/S1 (1.6%) 7. H20/A15/B0/C0/D31/S0 (1.5%) 8. H32/A28/B6/C0/D0/S0 (1.5%) 9. H30/A32/B0/C0/D0/S4 (1.4%) 10. H32/A0/B32/C0/D0/S0 (1.3%) | S73: 1. ミミッキュ 2. ブリジュラス 3. イダイトウ 4. アシレーヌ 5. ガブリアス | T73: 6. マスカーニャ 7. ゲッコウガ 8. ドドゲザン 9. アーマーガア 10. ムクホーク
A74: 73 | B74: サーナイト | C74: Gardevoir | D74: 1. しんくうは (69.3%) 2. ハイパーボイス (58.4%) 3. １０まんボルト (43.1%) 4. ムーンフォース (37.3%) 5. サイコキネシス (30.1%) 6. サイコショック (26.2%) 7. マジカルフレイム (23.8%) 8. サイコノイズ (18.4%) 9. めいそう (15.1%) 10. シャドーボール (12.2%) | E74: 1. サーナイトナイト (65.1%) 2. きあいのタスキ (19.1%) 3. こだわりスカーフ (6.9%) 4. いのちのたま (2.2%) 5. こうかくレンズ (1.8%) 6. ものしりメガネ (1.4%) 7. ビアーのみ (0.5%) 8. リリバのみ (0.5%) 9. かいがらのすず (0.5%) 10. オボンのみ (0.5%) | F74: 1. トレース (96.2%) 2. シンクロ (3.3%) 3. テレパシー (0.4%) | G74: 1. ひかえめ +C -A (63.1%) 2. おくびょう +S -A (27.9%) 3. ずぶとい +B -A (3.1%) 4. おだやか +D -A (2.3%) 5. れいせい +C -S (2.2%) 6. おっとり +C -B (1%) 7. のんき +B -S (0.2%) 8. がんばりや (0.1%) 9. わんぱく +B -C (0.1%) | H74: 1. ガブリアス 2. マスカーニャ 3. ミミッキュ 4. ブリジュラス 5. ギャラドス 6. ドドゲザン 7. バシャーモ 8. ゲッコウガ 9. メタグロス 10. ソウブレイズ | I74: 1. H2/A0/B0/C32/D0/S32 (25.2%) 2. H32/A0/B11/C5/D0/S18 (8.7%) 3. H0/A0/B2/C32/D0/S32 (6.8%) 4. H32/A0/B2/C32/D0/S0 (4.6%) 5. H32/A0/B0/C32/D0/S2 (3.5%) 6. H29/A0/B1/C18/D0/S18 (3.3%) 7. H0/A0/B0/C32/D2/S32 (2.8%) 8. H0/A0/B9/C25/D0/S32 (1.9%) 9. H2/A0/B32/C0/D0/S32 (1.8%) 10. H32/A0/B0/C32/D2/S0 (1.8%) | J74: 今回は大きな変化なし | K74: 1. しんくうは (69.3%) 2. ハイパーボイス (58.4%) 3. １０まんボルト (43.1%) 4. ムーンフォース (37.3%) 5. サイコキネシス (30.1%) | L74: 6. サイコショック (26.2%) 7. マジカルフレイム (23.8%) 8. サイコノイズ (18.4%) 9. めいそう (15.1%) 10. シャドーボール (12.2%) | M74: 1. サーナイトナイト (65.1%) 2. きあいのタスキ (19.1%) 3. こだわりスカーフ (6.9%) 4. いのちのたま (2.2%) 5. こうかくレンズ (1.8%) | N74: 6. ものしりメガネ (1.4%) 7. ビアーのみ (0.5%) 8. リリバのみ (0.5%) 9. かいがらのすず (0.5%) 10. オボンのみ (0.5%) | O74: 1. ひかえめ +C -A (63.1%) 2. おくびょう +S -A (27.9%) 3. ずぶとい +B -A (3.1%) 4. おだやか +D -A (2.3%) 5. れいせい +C -S (2.2%) | P74: 6. おっとり +C -B (1%) 7. のんき +B -S (0.2%) 8. がんばりや (0.1%) 9. わんぱく +B -C (0.1%) | Q74: 1. H2/A0/B0/C32/D0/S32 (25.2%) 2. H32/A0/B11/C5/D0/S18 (8.7%) 3. H0/A0/B2/C32/D0/S32 (6.8%) 4. H32/A0/B2/C32/D0/S0 (4.6%) 5. H32/A0/B0/C32/D0/S2 (3.5%) | R74: 6. H29/A0/B1/C18/D0/S18 (3.3%) 7. H0/A0/B0/C32/D2/S32 (2.8%) 8. H0/A0/B9/C25/D0/S32 (1.9%) 9. H2/A0/B32/C0/D0/S32 (1.8%) 10. H32/A0/B0/C32/D2/S0 (1.8%) | S74: 1. ガブリアス 2. マスカーニャ 3. ミミッキュ 4. ブリジュラス 5. ギャラドス | T74: 6. ドドゲザン 7. バシャーモ 8. ゲッコウガ 9. メタグロス 10. ソウブレイズ
A75: 74 | B75: イッカネズミ | C75: Maushold | D75: 1. ネズミざん (95.7%) 2. おかたづけ (91.4%) 3. アンコール (81.4%) 4. かみつく (59.6%) 5. バトンタッチ (22.1%) 6. タネマシンガン (11.6%) 7. マッドショット (7.4%) 8. でんじは (7.4%) 9. ちょうはつ (4.8%) 10. いかりのまえば (4%) | E75: 1. こうかくレンズ (80.2%) 2. オボンのみ (7.6%) 3. おうじゃのしるし (7.6%) 4. きあいのタスキ (1.6%) 5. いのちのたま (0.9%) 6. シルクのスカーフ (0.5%) 7. ピントレンズ (0.4%) 8. せんせいのツメ (0.3%) 9. しろいハーブ (0.3%) 10. かいがらのすず (0.1%) | F75: 1. テクニシャン (91.5%) 2. ほおぶくろ (7.6%) 3. フレンドガード (0.9%) | G75: 1. ようき +S -C (80.3%) 2. いじっぱり +A -C (12.9%) 3. わんぱく +B -C (4%) 4. しんちょう +D -C (0.7%) 5. おくびょう +S -A (0.5%) 6. むじゃき +S -D (0.4%) 7. おだやか +D -A (0.3%) 8. さみしがり +A -B (0.2%) 9. せっかち +S -B (0.2%) 10. ずぶとい +B -A (0.2%) | H75: 1. ガブリアス 2. ミミッキュ 3. リザードン 4. ギャラドス 5. メタグロス 6. ライチュウ 7. マスカーニャ 8. ブリジュラス 9. バシャーモ 10. ゲッコウガ | I75: 1. H2/A32/B0/C0/D0/S32 (56.9%) 2. H0/A32/B2/C0/D0/S32 (6.2%) 3. H10/A19/B0/C0/D10/S27 (6.2%) 4. H0/A32/B0/C0/D2/S32 (6%) 5. H0/A32/B0/C0/D0/S32 (2.3%) 6. H31/A0/B30/C0/D5/S0 (2.2%) 7. H1/A32/B0/C0/D0/S32 (1.5%) 8. H32/A0/B32/C0/D0/S2 (1.3%) 9. H32/A32/B2/C0/D0/S0 (1.3%) 10. H0/A21/B13/C0/D0/S32 (1.1%) | J75: 今回は大きな変化なし | K75: 1. ネズミざん (95.7%) 2. おかたづけ (91.4%) 3. アンコール (81.4%) 4. かみつく (59.6%) 5. バトンタッチ (22.1%) | L75: 6. タネマシンガン (11.6%) 7. マッドショット (7.4%) 8. でんじは (7.4%) 9. ちょうはつ (4.8%) 10. いかりのまえば (4%) | M75: 1. こうかくレンズ (80.2%) 2. オボンのみ (7.6%) 3. おうじゃのしるし (7.6%) 4. きあいのタスキ (1.6%) 5. いのちのたま (0.9%) | N75: 6. シルクのスカーフ (0.5%) 7. ピントレンズ (0.4%) 8. せんせいのツメ (0.3%) 9. しろいハーブ (0.3%) 10. かいがらのすず (0.1%) | O75: 1. ようき +S -C (80.3%) 2. いじっぱり +A -C (12.9%) 3. わんぱく +B -C (4%) 4. しんちょう +D -C (0.7%) 5. おくびょう +S -A (0.5%) | P75: 6. むじゃき +S -D (0.4%) 7. おだやか +D -A (0.3%) 8. さみしがり +A -B (0.2%) 9. せっかち +S -B (0.2%) 10. ずぶとい +B -A (0.2%) | Q75: 1. H2/A32/B0/C0/D0/S32 (56.9%) 2. H0/A32/B2/C0/D0/S32 (6.2%) 3. H10/A19/B0/C0/D10/S27 (6.2%) 4. H0/A32/B0/C0/D2/S32 (6%) 5. H0/A32/B0/C0/D0/S32 (2.3%) | R75: 6. H31/A0/B30/C0/D5/S0 (2.2%) 7. H1/A32/B0/C0/D0/S32 (1.5%) 8. H32/A0/B32/C0/D0/S2 (1.3%) 9. H32/A32/B2/C0/D0/S0 (1.3%) 10. H0/A21/B13/C0/D0/S32 (1.1%) | S75: 1. ガブリアス 2. ミミッキュ 3. リザードン 4. ギャラドス 5. メタグロス | T75: 6. ライチュウ 7. マスカーニャ 8. ブリジュラス 9. バシャーモ 10. ゲッコウガ
... A224: 223 | B224: ポワルン | C224: Castform | D224: 1. ウェザーボール (78.3%) 2. ぼうふう (78.3%) 3. かみなり (65.2%) 4. ふぶき (59.4%) 5. みらいよち (17.4%) 6. ねっとう (17.4%) 7. すなあらし (13%) 8. ドわすれ (11.6%) 9. ガードスワップ (11.6%) 10. りんしょう (11.6%) | E224: 1. こだわりスカーフ (59.4%) 2. ライチュウナイトＹ (11.6%) 3. きあいのタスキ (5.8%) | F224: 1. てんきや (100%) | G224: 1. ひかえめ +C -A (59.4%) 2. おくびょう +S -A (23.2%) 3. まじめ (15.9%) 4. れいせい +C -S (1.4%) | H224: 1. バンギラス 2. バシャーモ 3. メガニウム 4. ムクホーク 5. ドリュウズ 6. ミミッキュ 7. ギャラドス 8. ハラバリー 9. ブリジュラス 10. ラフレシア | I224: 1. H2/A0/B0/C32/D0/S32 (82.6%) 2. H6/A7/B6/C7/D6/S7 (11.6%) 3. H1/A2/B3/C4/D5/S6 (4.3%) 4. H0/A0/B2/C32/D32/S0 (1.4%) | J224: 今回は大きな変化なし | K224: 1. ウェザーボール (78.3%) 2. ぼうふう (78.3%) 3. かみなり (65.2%) 4. ふぶき (59.4%) 5. みらいよち (17.4%) | L224: 6. ねっとう (17.4%) 7. すなあらし (13%) 8. ドわすれ (11.6%) 9. ガードスワップ (11.6%) 10. りんしょう (11.6%) | M224: 1. こだわりスカーフ (59.4%) 2. ライチュウナイトＹ (11.6%) | N224: 3. きあいのタスキ (5.8%) | O224: 1. ひかえめ +C -A (59.4%) 2. おくびょう +S -A (23.2%) | P224: 3. まじめ (15.9%) 4. れいせい +C -S (1.4%) | Q224: 1. H2/A0/B0/C32/D0/S32 (82.6%) 2. H6/A7/B6/C7/D6/S7 (11.6%) | R224: 3. H1/A2/B3/C4/D5/S6 (4.3%) 4. H0/A0/B2/C32/D32/S0 (1.4%) | S224: 1. バンギラス 2. バシャーモ 3. メガニウム 4. ムクホーク 5. ドリュウズ | T224: 6. ミミッキュ 7. ギャラドス 8. ハラバリー 9. ブリジュラス 10. ラフレシア
A225: 224 | B225: ルガルガン(夜) | C225: Lycanroc-Midnight | D225: 1. ストーンエッジ (100%) 2. ふいうち (90.9%) 3. カウンター (90.9%) 4. つるぎのまい (76.4%) 5. インファイト (14.5%) 6. かわらわり (9.1%) 7. はたきおとす (9.1%) 8. ほのおのキバ (9.1%) | E225: 1. きあいのタスキ (100%) | F225: 1. ノーガード (100%) | G225: 1. ようき +S -C (98.2%) 2. いじっぱり +A -C (1.8%) | H225: 1. リザードン 2. キュウコン（アローラのすがた） 3. カビゴン 4. ワルビアル 5. ミミッキュ 6. ギャラドス 7. ブリジュラス 8. フラエッテ（えいえんのはな） 9. マスカーニャ 10. ミロカロス | I225: 1. H2/A32/B0/C0/D0/S32 (89.1%) 2. H0/A32/B0/C0/D2/S32 (9.1%) 3. H0/A32/B2/C0/D0/S32 (1.8%) | J225: 今回は大きな変化なし | K225: 1. ストーンエッジ (100%) 2. ふいうち (90.9%) 3. カウンター (90.9%) 4. つるぎのまい (76.4%) | L225: 5. インファイト (14.5%) 6. かわらわり (9.1%) 7. はたきおとす (9.1%) 8. ほのおのキバ (9.1%) | M225: 1. きあいのタスキ (100%) | O225: 1. ようき +S -C (98.2%) | P225: 2. いじっぱり +A -C (1.8%) | Q225: 1. H2/A32/B0/C0/D0/S32 (89.1%) 2. H0/A32/B0/C0/D2/S32 (9.1%) | R225: 3. H0/A32/B2/C0/D0/S32 (1.8%) | S225: 1. リザードン 2. キュウコン（アローラのすがた） 3. カビゴン 4. ワルビアル 5. ミミッキュ | T225: 6. ギャラドス 7. ブリジュラス 8. フラエッテ（えいえんのはな） 9. マスカーニャ 10. ミロカロス
A226: 225 | B226: タルップル | C226: Appletun | D226: 1. じこさいせい (90.4%) 2. りんごさん (78.8%) 3. やどりぎのタネ (46.2%) 4. てっぺき (44.2%) 5. ボディプレス (32.7%) 6. りゅうのはどう (28.8%) 7. じしん (26.9%) 8. まもる (17.3%) 9. みがわり (13.5%) 10. ドラゴンテール (11.5%) | E226: 1. たべのこし (73.1%) 2. オボンのみ (15.4%) 3. ハバンのみ (11.5%) | F226: 1. あついしぼう (100%) | G226: 1. ずぶとい +B -A (55.8%) 2. のんき +B -S (26.9%) 3. おだやか +D -A (11.5%) 4. わんぱく +B -C (5.8%) | H226: 1. ミミロップ 2. クチート 3. サザンドラ 4. ケンタロス（パルデアのすがた・ウォーターしゅ） 5. メタグロス 6. アマルルガ 7. アシレーヌ 8. カミツオロチ 9. カバルドン 10. ゲンガー | I226: 1. H32/A0/B32/C0/D2/S0 (80.8%) 2. H32/A0/B4/C0/D30/S0 (7.7%) 3. H32/A0/B32/C0/D0/S0 (5.8%) 4. H25/A0/B9/C0/D32/S0 (3.8%) 5. H32/A0/B32/C2/D0/S0 (1.9%) | J226: 今回は大きな変化なし | K226: 1. じこさいせい (90.4%) 2. りんごさん (78.8%) 3. やどりぎのタネ (46.2%) 4. てっぺき (44.2%) 5. ボディプレス (32.7%) | L226: 6. りゅうのはどう (28.8%) 7. じしん (26.9%) 8. まもる (17.3%) 9. みがわり (13.5%) 10. ドラゴンテール (11.5%) | M226: 1. たべのこし (73.1%) 2. オボンのみ (15.4%) | N226: 3. ハバンのみ (11.5%) | O226: 1. ずぶとい +B -A (55.8%) 2. のんき +B -S (26.9%) | P226: 3. おだやか +D -A (11.5%) 4. わんぱく +B -C (5.8%) | Q226: 1. H32/A0/B32/C0/D2/S0 (80.8%) 2. H32/A0/B4/C0/D30/S0 (7.7%) 3. H32/A0/B32/C0/D0/S0 (5.8%) | R226: 4. H25/A0/B9/C0/D32/S0 (3.8%) 5. H32/A0/B32/C2/D0/S0 (1.9%) | S226: 1. ミミロップ 2. クチート 3. サザンドラ 4. ケンタロス（パルデアのすがた・ウォーターしゅ） 5. メタグロス | T226: 6. アマルルガ 7. アシレーヌ 8. カミツオロチ 9. カバルドン 10. ゲンガー
A227: 226 | B227: アローラライチュウ | C227: Raichu-Alola | D227: 1. サイコキネシス (53.2%) 2. １０まんボルト (50.4%) 3. エレキフィールド (40.3%) 4. ライジングボルト (32.4%) 5. くさむすび (28.7%) 6. ボルトチェンジ (20.6%) 7. なみのり (17.4%) 8. きあいだま (13.8%) 9. みわくのボイス (12.4%) 10. ねこだまし (11.1%) | E227: 1. きあいのタスキ (40.2%) 2. いのちのたま (14.2%) 3. じしゃく (7.6%) 4. こだわりスカーフ (6.5%) 5. オボンのみ (3.3%) 6. ライチュウナイトＹ (3.3%) 7. たつじんのおび (3.3%) 8. せんせいのツメ (2.8%) 9. ものしりメガネ (2.6%) 10. ひかりのこな (2.2%) | F227: 1. サーフテール (100%) | G227: 1. ひかえめ +C -A (44.8%) 2. おくびょう +S -A (38%) 3. おっとり +C -B (5.4%) 4. せっかち +S -B (3%) 5. むじゃき +S -D (1.8%) 6. れいせい +C -S (1.3%) 7. ずぶとい +B -A (1.3%) 8. ようき +S -C (1.1%) 9. まじめ (0.9%) 10. おとなしい +D -B (0.8%) | H227: 1. ガブリアス 2. リザードン 3. ミミッキュ 4. マスカーニャ 5. カイリュー 6. ムクホーク 7. ハッサム 8. ドラパルト 9. バシャーモ 10. メタグロス | I227: 1. H2/A0/B0/C32/D0/S32 (38.5%) 2. H0/A0/B0/C32/D2/S32 (15.9%) 3. H0/A0/B2/C32/D0/S32 (12.2%) 4. H0/A0/B0/C32/D0/S32 (3.5%) 5. H0/A0/B0/C32/D32/S2 (2.6%) 6. H0/A2/B0/C32/D0/S32 (2.3%) 7. H0/A0/B2/C32/D32/S0 (1.5%) 8. H0/A0/B32/C32/D0/S2 (1.5%) 9. H0/A32/B0/C2/D0/S32 (1.4%) 10. H0/A0/B32/C32/D2/S0 (1.3%) | J227: 今回は大きな変化なし | K227: 1. サイコキネシス (53.2%) 2. １０まんボルト (50.4%) 3. エレキフィールド (40.3%) 4. ライジングボルト (32.4%) 5. くさむすび (28.7%) | L227: 6. ボルトチェンジ (20.6%) 7. なみのり (17.4%) 8. きあいだま (13.8%) 9. みわくのボイス (12.4%) 10. ねこだまし (11.1%) | M227: 1. きあいのタスキ (40.2%) 2. いのちのたま (14.2%) 3. じしゃく (7.6%) 4. こだわりスカーフ (6.5%) 5. オボンのみ (3.3%) | N227: 6. ライチュウナイトＹ (3.3%) 7. たつじんのおび (3.3%) 8. せんせいのツメ (2.8%) 9. ものしりメガネ (2.6%) 10. ひかりのこな (2.2%) | O227: 1. ひかえめ +C -A (44.8%) 2. おくびょう +S -A (38%) 3. おっとり +C -B (5.4%) 4. せっかち +S -B (3%) 5. むじゃき +S -D (1.8%) | P227: 6. れいせい +C -S (1.3%) 7. ずぶとい +B -A (1.3%) 8. ようき +S -C (1.1%) 9. まじめ (0.9%) 10. おとなしい +D -B (0.8%) | Q227: 1. H2/A0/B0/C32/D0/S32 (38.5%) 2. H0/A0/B0/C32/D2/S32 (15.9%) 3. H0/A0/B2/C32/D0/S32 (12.2%) 4. H0/A0/B0/C32/D0/S32 (3.5%) 5. H0/A0/B0/C32/D32/S2 (2.6%) | R227: 6. H0/A2/B0/C32/D0/S32 (2.3%) 7. H0/A0/B2/C32/D32/S0 (1.5%) 8. H0/A0/B32/C32/D0/S2 (1.5%) 9. H0/A32/B0/C2/D0/S32 (1.4%) 10. H0/A0/B32/C32/D2/S0 (1.3%) | S227: 1. ガブリアス 2. リザードン 3. ミミッキュ 4. マスカーニャ 5. カイリュー | T227: 6. ムクホーク 7. ハッサム 8. ドラパルト 9. バシャーモ 10. メタグロス
A228: 227 | B228: ヒヤッキー | C228: Simipour | D228: 1. れいとうビーム (65.6%) 2. ねこだまし (40.4%) 3. きあいだま (39.4%) 4. ねっとう (35.7%) 5. ハイドロポンプ (32.2%) 6. なみのり (23%) 7. クイックターン (19.8%) 8. くさむすび (18.6%) 9. ちょうはつ (14.8%) 10. アクアブレイク (10.4%) | E228: 1. きあいのタスキ (42.6%) 2. こだわりスカーフ (19.5%) 3. いのちのたま (7.9%) 4. オボンのみ (5.4%) 5. ひかりのこな (3.4%) 6. しんぴのしずく (3%) 7. たつじんのおび (2.9%) 8. ものしりメガネ (2.6%) 9. ユキノオナイト (1.1%) 10. でんきだま (1.1%) | F228: 1. げきりゅう (91%) 2. くいしんぼう (9%) | G228: 1. おくびょう +S -A (40.8%) 2. ひかえめ +C -A (20.7%) 3. ようき +S -C (10.7%) 4. せっかち +S -B (7.6%) 5. うっかりや +C -D (4.7%) 6. おっとり +C -B (4.1%) 7. むじゃき +S -D (3.1%) 8. いじっぱり +A -C (2.2%) 9. ずぶとい +B -A (2%) 10. わんぱく +B -C (0.9%) | H228: 1. バオッキー 2. ヤナッキー 3. ガブリアス 4. カバルドン 5. ギャラドス 6. ライチュウ 7. ムクホーク 8. ゲッコウガ 9. サザンドラ 10. ドリュウズ | I228: 1. H2/A0/B0/C32/D0/S32 (33.6%) 2. H0/A2/B0/C32/D0/S32 (7.5%) 3. H1/A0/B1/C32/D0/S32 (6.7%) 4. H0/A0/B0/C32/D0/S32 (6.3%) 5. H1/A0/B0/C32/D1/S32 (6.3%) 6. H0/A0/B2/C32/D0/S32 (5.6%) 7. H2/A32/B0/C0/D0/S32 (3.8%) 8. H0/A0/B0/C32/D2/S32 (2.7%) 9. H0/A0/B1/C32/D1/S32 (2.6%) 10. H0/A32/B1/C0/D1/S32 (2.2%) | J228: 今回は大きな変化なし | K228: 1. れいとうビーム (65.6%) 2. ねこだまし (40.4%) 3. きあいだま (39.4%) 4. ねっとう (35.7%) 5. ハイドロポンプ (32.2%) | L228: 6. なみのり (23%) 7. クイックターン (19.8%) 8. くさむすび (18.6%) 9. ちょうはつ (14.8%) 10. アクアブレイク (10.4%) | M228: 1. きあいのタスキ (42.6%) 2. こだわりスカーフ (19.5%) 3. いのちのたま (7.9%) 4. オボンのみ (5.4%) 5. ひかりのこな (3.4%) | N228: 6. しんぴのしずく (3%) 7. たつじんのおび (2.9%) 8. ものしりメガネ (2.6%) 9. ユキノオナイト (1.1%) 10. でんきだま (1.1%) | O228: 1. おくびょう +S -A (40.8%) 2. ひかえめ +C -A (20.7%) 3. ようき +S -C (10.7%) 4. せっかち +S -B (7.6%) 5. うっかりや +C -D (4.7%) | P228: 6. おっとり +C -B (4.1%) 7. むじゃき +S -D (3.1%) 8. いじっぱり +A -C (2.2%) 9. ずぶとい +B -A (2%) 10. わんぱく +B -C (0.9%) | Q228: 1. H2/A0/B0/C32/D0/S32 (33.6%) 2. H0/A2/B0/C32/D0/S32 (7.5%) 3. H1/A0/B1/C32/D0/S32 (6.7%) 4. H0/A0/B0/C32/D0/S32 (6.3%) 5. H1/A0/B0/C32/D1/S32 (6.3%) | R228: 6. H0/A0/B2/C32/D0/S32 (5.6%) 7. H2/A32/B0/C0/D0/S32 (3.8%) 8. H0/A0/B0/C32/D2/S32 (2.7%) 9. H0/A0/B1/C32/D1/S32 (2.6%) 10. H0/A32/B1/C0/D1/S32 (2.2%) | S228: 1. バオッキー 2. ヤナッキー 3. ガブリアス 4. カバルドン 5. ギャラドス | T228: 6. ライチュウ 7. ムクホーク 8. ゲッコウガ 9. サザンドラ 10. ドリュウズ
A229: 228 | B229: バオッキー | C229: Simisear | D229: 1. がんせきふうじ (61%) 2. かえんほうしゃ (51.2%) 3. わるだくみ (48.8%) 4. ねっさのだいち (48.8%) 5. フレアドライブ (22%) 6. くさむすび (19.5%) 7. おにび (14.6%) 8. リサイクル (14.6%) 9. あくび (14.6%) 10. オーバーヒート (14.6%) | E229: 1. ひかりのこな (46.3%) 2. きあいのタスキ (26.8%) 3. オボンのみ (14.6%) | F229: 1. もうか (78%) 2. くいしんぼう (22%) | G229: 1. おくびょう +S -A (48.8%) 2. むじゃき +S -D (14.6%) 3. わんぱく +B -C (12.2%) 4. れいせい +C -S (9.8%) 5. いじっぱり +A -C (9.8%) 6. ひかえめ +C -A (2.4%) 7. おだやか +D -A (2.4%) | H229: 1. クチート 2. ミミッキュ 3. ウルガモス 4. ブラッキー 5. ヒヤッキー 6. ソウブレイズ 7. ヤナッキー 8. ウォッシュロトム 9. マスカーニャ 10. エアームド | I229: 1. H2/A0/B0/C32/D0/S32 (63.4%) 2. H29/A0/B32/C0/D0/S5 (12.2%) 3. H0/A0/B0/C0/D0/S0 (9.8%) 4. H2/A32/B0/C0/D0/S32 (7.3%) 5. H1/A0/B0/C32/D1/S32 (2.4%) 6. H2/A32/B32/C0/D0/S0 (2.4%) 7. H32/A0/B17/C0/D17/S0 (2.4%) | J229: 今回は大きな変化なし | K229: 1. がんせきふうじ (61%) 2. かえんほうしゃ (51.2%) 3. わるだくみ (48.8%) 4. ねっさのだいち (48.8%) 5. フレアドライブ (22%) | L229: 6. くさむすび (19.5%) 7. おにび (14.6%) 8. リサイクル (14.6%) 9. あくび (14.6%) 10. オーバーヒート (14.6%) | M229: 1. ひかりのこな (46.3%) 2. きあいのタスキ (26.8%) | N229: 3. オボンのみ (14.6%) | O229: 1. おくびょう +S -A (48.8%) 2. むじゃき +S -D (14.6%) 3. わんぱく +B -C (12.2%) 4. れいせい +C -S (9.8%) | P229: 5. いじっぱり +A -C (9.8%) 6. ひかえめ +C -A (2.4%) 7. おだやか +D -A (2.4%) | Q229: 1. H2/A0/B0/C32/D0/S32 (63.4%) 2. H29/A0/B32/C0/D0/S5 (12.2%) 3. H0/A0/B0/C0/D0/S0 (9.8%) 4. H2/A32/B0/C0/D0/S32 (7.3%) | R229: 5. H1/A0/B0/C32/D1/S32 (2.4%) 6. H2/A32/B32/C0/D0/S0 (2.4%) 7. H32/A0/B17/C0/D17/S0 (2.4%) | S229: 1. クチート 2. ミミッキュ 3. ウルガモス 4. ブラッキー 5. ヒヤッキー | T229: 6. ソウブレイズ 7. ヤナッキー 8. ウォッシュロトム 9. マスカーニャ 10. エアームド
A230: 229 | B230: ガラルマッギョ | C230: Stunfisk-Galar | D230: 1. トラバサミ (93.3%) 2. あくび (75.6%) 3. じわれ (71.1%) 4. まもる (60%) 5. ステルスロック (28.9%) 6. じしん (22.2%) 7. てっぺき (15.6%) 8. イカサマ (8.9%) 9. ねむる (6.7%) 10. ねごと (4.4%) | E230: 1. たべのこし (68.9%) 2. オボンのみ (26.7%) 3. ラムのみ (2.2%) 4. せんせいのツメ (2.2%) | F230: 1. ぎたい (100%) | G230: 1. しんちょう +D -C (71.1%) 2. わんぱく +B -C (17.8%) 3. おだやか +D -A (4.4%) | H230: 1. ゾロアーク（ヒスイのすがた） 2. マスカーニャ 3. ラウドボーン 4. シャワーズ 5. チルタリス 6. ミミッキュ 7. ピクシー 8. クレベース 9. イダイトウ 10. スコヴィラン | I230: 1. H25/A0/B9/C0/D32/S0 (44.4%) 2. H32/A0/B2/C0/D32/S0 (28.9%) 3. H32/A0/B32/C0/D2/S0 (13.3%) 4. H31/A3/B0/C0/D32/S0 (6.7%) 5. H0/A32/B0/C0/D32/S2 (2.2%) 6. H32/A0/B32/C0/D0/S0 (2.2%) 7. H32/A5/B21/C0/D8/S0 (2.2%) | J230: 今回は大きな変化なし | K230: 1. トラバサミ (93.3%) 2. あくび (75.6%) 3. じわれ (71.1%) 4. まもる (60%) 5. ステルスロック (28.9%) | L230: 6. じしん (22.2%) 7. てっぺき (15.6%) 8. イカサマ (8.9%) 9. ねむる (6.7%) 10. ねごと (4.4%) | M230: 1. たべのこし (68.9%) 2. オボンのみ (26.7%) | N230: 3. ラムのみ (2.2%) 4. せんせいのツメ (2.2%) | O230: 1. しんちょう +D -C (71.1%) 2. わんぱく +B -C (17.8%) | P230: 3. おだやか +D -A (4.4%) | Q230: 1. H25/A0/B9/C0/D32/S0 (44.4%) 2. H32/A0/B2/C0/D32/S0 (28.9%) 3. H32/A0/B32/C0/D2/S0 (13.3%) 4. H31/A3/B0/C0/D32/S0 (6.7%) | R230: 5. H0/A32/B0/C0/D32/S2 (2.2%) 6. H32/A0/B32/C0/D0/S0 (2.2%) 7. H32/A5/B21/C0/D8/S0 (2.2%) | S230: 1. ゾロアーク（ヒスイのすがた） 2. マスカーニャ 3. ラウドボーン 4. シャワーズ 5. チルタリス | T230: 6. ミミッキュ 7. ピクシー 8. クレベース 9. イダイトウ 10. スコヴィラン
A231: 230 | B231: フレフワン | C231: Aromatisse | D231: 1. めいそう (76.9%) 2. サイコショック (76.9%) 3. ドレインキッス (76.9%) 4. ねがいごと (65.4%) 5. エナジーボール (34.6%) 6. トリックルーム (23.1%) 7. ムーンフォース (23.1%) 8. １０まんボルト (23.1%) | E231: 1. たべのこし (76.9%) 2. いのちのたま (23.1%) | F231: 1. アロマベール (100%) | G231: 1. ずぶとい +B -A (65.4%) 2. ひかえめ +C -A (23.1%) 3. おだやか +D -A (11.5%) | H231: 1. ギャラドス 2. メタグロス 3. ウォッシュロトム 4. キラフロル 5. バンバドロ 6. ソウブレイズ 7. エーフィ 8. ハガネール 9. ウルガモス 10. マスカーニャ | I231: 1. H32/A0/B32/C0/D0/S0 (65.4%) 2. H32/A0/B2/C32/D0/S0 (23.1%) 3. H32/A0/B2/C0/D32/S0 (11.5%) | J231: 今回は大きな変化なし | K231: 1. めいそう (76.9%) 2. サイコショック (76.9%) 3. ドレインキッス (76.9%) 4. ねがいごと (65.4%) | L231: 5. エナジーボール (34.6%) 6. トリックルーム (23.1%) 7. ムーンフォース (23.1%) 8. １０まんボルト (23.1%) | M231: 1. たべのこし (76.9%) | N231: 2. いのちのたま (23.1%) | O231: 1. ずぶとい +B -A (65.4%) 2. ひかえめ +C -A (23.1%) | P231: 3. おだやか +D -A (11.5%) | Q231: 1. H32/A0/B32/C0/D0/S0 (65.4%) 2. H32/A0/B2/C32/D0/S0 (23.1%) | R231: 3. H32/A0/B2/C0/D32/S0 (11.5%) | S231: 1. ギャラドス 2. メタグロス 3. ウォッシュロトム 4. キラフロル 5. バンバドロ | T231: 6. ソウブレイズ 7. エーフィ 8. ハガネール 9. ウルガモス 10. マスカーニャ
A232: 231 | B232: ナゲツケサル | C232: Passimian | D232: 1. インファイト (95.2%) 2. いわなだれ (76.2%) 3. はたきおとす (66.7%) 4. とんぼがえり (52.4%) 5. ダストシュート (33.3%) 6. なげつける (23.8%) 7. じしん (23.8%) 8. くさわけ (14.3%) 9. きあいパンチ (4.8%) 10. ドレインパンチ (4.8%) | E232: 1. こだわりスカーフ (57.1%) 2. でんきだま (23.8%) 3. いのちのたま (9.5%) | F232: 1. まけんき (100%) | G232: 1. いじっぱり +A -C (85.7%) 2. やんちゃ +A -D (14.3%) | H232: 1. ガブリアス 2. カイリュー 3. ハッサム 4. エルフーン 5. ゲッコウガ 6. ブリムオン 7. ヘラクロス 8. ドドゲザン 9. ブリジュラス 10. ゲンガー | I232: 1. H2/A32/B0/C0/D0/S32 (66.7%) 2. H0/A32/B0/C0/D2/S32 (23.8%) 3. H0/A32/B2/C0/D0/S32 (4.8%) 4. H0/A32/B32/C0/D0/S2 (4.8%) | J232: 今回は大きな変化なし | K232: 1. インファイト (95.2%) 2. いわなだれ (76.2%) 3. はたきおとす (66.7%) 4. とんぼがえり (52.4%) 5. ダストシュート (33.3%) | L232: 6. なげつける (23.8%) 7. じしん (23.8%) 8. くさわけ (14.3%) 9. きあいパンチ (4.8%) 10. ドレインパンチ (4.8%) | M232: 1. こだわりスカーフ (57.1%) 2. でんきだま (23.8%) | N232: 3. いのちのたま (9.5%) | O232: 1. いじっぱり +A -C (85.7%) | P232: 2. やんちゃ +A -D (14.3%) | Q232: 1. H2/A32/B0/C0/D0/S32 (66.7%) 2. H0/A32/B0/C0/D2/S32 (23.8%) | R232: 3. H0/A32/B2/C0/D0/S32 (4.8%) 4. H0/A32/B32/C0/D0/S2 (4.8%) | S232: 1. ガブリアス 2. カイリュー 3. ハッサム 4. エルフーン 5. ゲッコウガ | T232: 6. ブリムオン 7. ヘラクロス 8. ドドゲザン 9. ブリジュラス 10. ゲンガー
A233: 232 | B233: パルデアケンタロス(闘) | C233: Tauros-Paldea-Combat | D233: 1. レイジングブル (100%) 2. インファイト (66.7%) 3. ストーンエッジ (41.7%) 4. くさわけ (41.7%) 5. じしん (33.3%) 6. うっぷんばらし (25%) 7. じならし (16.7%) 8. じごくづき (16.7%) 9. じだんだ (16.7%) 10. いわなだれ (8.3%) | E233: 1. きあいのタスキ (66.7%) 2. ラムのみ (16.7%) 3. オボンのみ (8.3%) 4. こうかくレンズ (8.3%) | F233: 1. いかく (66.7%) 2. はんすう (25%) 3. いかりのつぼ (8.3%) | G233: 1. いじっぱり +A -C (50%) 2. ゆうかん +A -S (41.7%) 3. ようき +S -C (8.3%) | H233: 1. ドラパルト 2. プテラ 3. マリルリ 4. メタグロス 5. ガブリアス 6. サザンドラ 7. ミミッキュ 8. フシギバナ 9. リザードン 10. カビゴン | I233: 1. H0/A32/B2/C0/D32/S0 (41.7%) 2. H2/A32/B0/C0/D0/S32 (41.7%) 3. H32/A0/B2/C0/D0/S32 (8.3%) 4. H32/A32/B0/C0/D2/S0 (8.3%) | J233: 今回は大きな変化なし | K233: 1. レイジングブル (100%) 2. インファイト (66.7%) 3. ストーンエッジ (41.7%) 4. くさわけ (41.7%) 5. じしん (33.3%) | L233: 6. うっぷんばらし (25%) 7. じならし (16.7%) 8. じごくづき (16.7%) 9. じだんだ (16.7%) 10. いわなだれ (8.3%) | M233: 1. きあいのタスキ (66.7%) 2. ラムのみ (16.7%) | N233: 3. オボンのみ (8.3%) 4. こうかくレンズ (8.3%) | O233: 1. いじっぱり +A -C (50%) 2. ゆうかん +A -S (41.7%) | P233: 3. ようき +S -C (8.3%) | Q233: 1. H0/A32/B2/C0/D32/S0 (41.7%) 2. H2/A32/B0/C0/D0/S32 (41.7%) | R233: 3. H32/A0/B2/C0/D0/S32 (8.3%) 4. H32/A32/B0/C0/D2/S0 (8.3%) | S233: 1. ドラパルト 2. プテラ 3. マリルリ 4. メタグロス 5. ガブリアス | T233: 6. サザンドラ 7. ミミッキュ 8. フシギバナ 9. リザードン 10. カビゴン
A234: 233 | B234: ヤナッキー | C234: Simisage | D234: 1. いわなだれ (69.2%) 2. タネばくだん (61.5%) 3. アイアンテール (30.8%) 4. さわぐ (30.8%) 5. かみつく (30.8%) 6. ダストシュート (30.8%) 7. グラススライダー (30.8%) 8. かわらわり (23.1%) 9. ねこだまし (7.7%) 10. ちょうはつ (7.7%) | E234: 1. いのちのたま (69.2%) 2. リザードナイトＸ (30.8%) | F234: 1. しんりょく (69.2%) 2. くいしんぼう (30.8%) | G234: 1. いじっぱり +A -C (61.5%) 2. ずぶとい +B -A (30.8%) 3. ようき +S -C (7.7%) | H234: 1. バオッキー 2. ヒヤッキー 3. ギャラドス 4. エンペルト 5. エルレイド 6. ドリュウズ 7. ペンドラー 8. ドデカバシ 9. オオニューラ 10. ブリジュラス | I234: 1. H0/A0/B0/C0/D0/S0 (30.8%) 2. H2/A32/B0/C0/D0/S32 (30.8%) 3. H1/A32/B1/C0/D0/S32 (23.1%) 4. H2/A32/B32/C0/D0/S0 (7.7%) 5. H16/A18/B0/C0/D0/S32 (7.7%) | J234: 今回は大きな変化なし | K234: 1. いわなだれ (69.2%) 2. タネばくだん (61.5%) 3. アイアンテール (30.8%) 4. さわぐ (30.8%) 5. かみつく (30.8%) | L234: 6. ダストシュート (30.8%) 7. グラススライダー (30.8%) 8. かわらわり (23.1%) 9. ねこだまし (7.7%) 10. ちょうはつ (7.7%) | M234: 1. いのちのたま (69.2%) | N234: 2. リザードナイトＸ (30.8%) | O234: 1. いじっぱり +A -C (61.5%) 2. ずぶとい +B -A (30.8%) | P234: 3. ようき +S -C (7.7%) | Q234: 1. H0/A0/B0/C0/D0/S0 (30.8%) 2. H2/A32/B0/C0/D0/S32 (30.8%) 3. H1/A32/B1/C0/D0/S32 (23.1%) | R234: 4. H2/A32/B32/C0/D0/S0 (7.7%) 5. H16/A18/B0/C0/D0/S32 (7.7%) | S234: 1. バオッキー 2. ヒヤッキー 3. ギャラドス 4. エンペルト 5. エルレイド | T234: 6. ドリュウズ 7. ペンドラー 8. ドデカバシ 9. オオニューラ 10. ブリジュラス
A235: 234 | B235: パンプジン(おおだま) | C235: Gourgeist-Large | D235: 1. やどりぎのタネ (100%) 2. おにび (66.7%) 3. まもる (44.4%) 4. ポルターガイスト (44.4%) 5. のろい (33.3%) 6. パワーウィップ (33.3%) 7. かなしばり (33.3%) 8. みがわり (11.1%) 9. いたみわけ (11.1%) 10. にほんばれ (11.1%) | E235: 1. たべのこし (44.4%) 2. オボンのみ (33.3%) 3. あついいわ (11.1%) | F235: 1. ふみん (77.8%) 2. おみとおし (22.2%) | G235: 1. わんぱく +B -C (55.6%) 2. ゆうかん +A -S (44.4%) | H235: 1. リザードン 2. コノヨザル 3. カメックス 4. メガニウム 5. バンギラス 6. サメハダー 7. ガブリアス 8. ルカリオ 9. エルレイド 10. ウォッシュロトム | I235: 1. H32/A0/B32/C0/D2/S0 (44.4%) 2. H32/A4/B30/C0/D0/S0 (33.3%) 3. H0/A32/B2/C0/D32/S0 (11.1%) 4. H27/A0/B29/C0/D10/S0 (11.1%) | J235: 今回は大きな変化なし | K235: 1. やどりぎのタネ (100%) 2. おにび (66.7%) 3. まもる (44.4%) 4. ポルターガイスト (44.4%) 5. のろい (33.3%) | L235: 6. パワーウィップ (33.3%) 7. かなしばり (33.3%) 8. みがわり (11.1%) 9. いたみわけ (11.1%) 10. にほんばれ (11.1%) | M235: 1. たべのこし (44.4%) 2. オボンのみ (33.3%) | N235: 3. あついいわ (11.1%) | O235: 1. わんぱく +B -C (55.6%) | P235: 2. ゆうかん +A -S (44.4%) | Q235: 1. H32/A0/B32/C0/D2/S0 (44.4%) 2. H32/A4/B30/C0/D0/S0 (33.3%) | R235: 3. H0/A32/B2/C0/D32/S0 (11.1%) 4. H27/A0/B29/C0/D10/S0 (11.1%) | S235: 1. リザードン 2. コノヨザル 3. カメックス 4. メガニウム 5. バンギラス | T235: 6. サメハダー 7. ガブリアス 8. ルカリオ 9. エルレイド 10. ウォッシュロトム
A236: 235 | B236: ミルホッグ | C236: Watchog | D236: 1. つるぎのまい (100%) 2. ダメおし (100%) 3. ギガインパクト (100%) 4. さいみんじゅつ (100%) | E236: 1. フォーカスレンズ (100%) | F236: 1. アナライズ (100%) | G236: 1. わんぱく +B -C (100%) | H236: 1. リザードン 2. エンペルト 3. ガブリアス | I236: 1. H32/A17/B17/C0/D0/S0 (100%) | J236: 今回は大きな変化なし | K236: 1. つるぎのまい (100%) 2. ダメおし (100%) | L236: 3. ギガインパクト (100%) 4. さいみんじゅつ (100%) | M236: 1. フォーカスレンズ (100%) | O236: 1. わんぱく +B -C (100%) | Q236: 1. H32/A17/B17/C0/D0/S0 (100%) | S236: 1. リザードン 2. エンペルト | T236: 3. ガブリアス

Sheet ダブル
A1: 順位 | B1: 日本語名 | C1: 英語名 | D1: わざ | E1: もちもの | F1: とくせい | G1: せいかく | H1: パートナー | I1: 努力値 | J1: 今回の変化 | K1: わざ·1 | L1: わざ·2 | M1: もちもの·1 | N1: もちもの·2 | O1: せいかく·1 | P1: せいかく·2 | Q1: 努力値·1 | R1: 努力値·2 | S1: パートナー·1 | T1: パートナー·2
A2: 1 | B2: ドドゲザン | C2: Kingambit | D2: 1. ふいうち (99.5%) 2. ドゲザン (98.3%) 3. アイアンヘッド (71.7%) 4. まもる (62.7%) 5. けたぐり (41.8%) 6. つるぎのまい (22.5%) 7. かわらわり (2.2%) 8. ファストガード (0.2%) 9. ローキック (0.2%) 10. ストーンエッジ (0.2%) | E2: 1. くろいメガネ (37.9%) 2. きあいのタスキ (26.5%) 3. ヨプのみ (19.9%) 4. いのちのたま (9.4%) 5. オッカのみ (4.6%) 6. オボンのみ (0.3%) 7. ちからのハチマキ (0.2%) 8. たつじんのおび (0.2%) 9. たべのこし (0.2%) 10. ものしりメガネ (0.1%) | F2: 1. まけんき (97%) 2. そうだいしょう (2.9%) 3. プレッシャー (0.1%) | G2: 1. いじっぱり +A -C (87.3%) 2. ゆうかん +A -S (9.8%) 3. ようき +S -C (2.2%) 4. わんぱく +B -C (0.2%) 5. しんちょう +D -C (0.2%) 6. やんちゃ +A -D (0.1%) 7. のんき +B -S (0.1%) 8. さみしがり +A -B (0.1%) 9. なまいき +D -S (0.1%) 10. まじめ (0%) | H2: 1. ガブリアス 2. リザードン 3. ニンフィア 4. プテラ 5. イダイトウ 6. ガオガエン 7. オオニューラ 8. リキキリン 9. エルフーン 10. ヤバソチャ | I2: 1. H32/A32/B0/C0/D2/S0 (12.8%) 2. H2/A32/B0/C0/D0/S32 (10.7%) 3. H32/A7/B0/C0/D27/S0 (9.5%) 4. H32/A32/B2/C0/D0/S0 (7.1%) 5. H32/A32/B0/C0/D0/S2 (5.8%) 6. H13/A25/B1/C0/D1/S26 (4.6%) 7. H32/A32/B0/C0/D1/S1 (4.3%) 8. H25/A25/B0/C0/D0/S16 (2.5%) 9. H24/A31/B1/C0/D1/S9 (2.3%) 10. H1/A32/B0/C0/D1/S32 (1.9%) | J2: 今回は大きな変化なし | K2: 1. ふいうち (99.5%) 2. ドゲザン (98.3%) 3. アイアンヘッド (71.7%) 4. まもる (62.7%) 5. けたぐり (41.8%) | L2: 6. つるぎのまい (22.5%) 7. かわらわり (2.2%) 8. ファストガード (0.2%) 9. ローキック (0.2%) 10. ストーンエッジ (0.2%) | M2: 1. くろいメガネ (37.9%) 2. きあいのタスキ (26.5%) 3. ヨプのみ (19.9%) 4. いのちのたま (9.4%) 5. オッカのみ (4.6%) | N2: 6. オボンのみ (0.3%) 7. ちからのハチマキ (0.2%) 8. たつじんのおび (0.2%) 9. たべのこし (0.2%) 10. ものしりメガネ (0.1%) | O2: 1. いじっぱり +A -C (87.3%) 2. ゆうかん +A -S (9.8%) 3. ようき +S -C (2.2%) 4. わんぱく +B -C (0.2%) 5. しんちょう +D -C (0.2%) | P2: 6. やんちゃ +A -D (0.1%) 7. のんき +B -S (0.1%) 8. さみしがり +A -B (0.1%) 9. なまいき +D -S (0.1%) 10. まじめ (0%) | Q2: 1. H32/A32/B0/C0/D2/S0 (12.8%) 2. H2/A32/B0/C0/D0/S32 (10.7%) 3. H32/A7/B0/C0/D27/S0 (9.5%) 4. H32/A32/B2/C0/D0/S0 (7.1%) 5. H32/A32/B0/C0/D0/S2 (5.8%) | R2: 6. H13/A25/B1/C0/D1/S26 (4.6%) 7. H32/A32/B0/C0/D1/S1 (4.3%) 8. H25/A25/B0/C0/D0/S16 (2.5%) 9. H24/A31/B1/C0/D1/S9 (2.3%) 10. H1/A32/B0/C0/D1/S32 (1.9%) | S2: 1. ガブリアス 2. リザードン 3. ニンフィア 4. プテラ 5. イダイトウ | T2: 6. ガオガエン 7. オオニューラ 8. リキキリン 9. エルフーン 10. ヤバソチャ
A3: 2 | B3: ガブリアス | C3: Garchomp | D3: 1. ドラゴンクロー (91.3%) 2. じしん (86.5%) 3. まもる (80.7%) 4. いわなだれ (77%) 5. じだんだ (38.8%) 6. どくづき (10.5%) 7. ドラゴンテール (4.1%) 8. がんせきふうじ (3.2%) 9. アイアンヘッド (1.9%) 10. つるぎのまい (1.1%) | E3: 1. いのちのたま (70.8%) 2. オボンのみ (9.8%) 3. こだわりスカーフ (9.1%) 4. ロゼルのみ (3.9%) 5. やわらかいすな (1.1%) 6. ガブリアスナイト (0.8%) 7. ハバンのみ (0.7%) 8. きあいのタスキ (0.7%) 9. たつじんのおび (0.6%) 10. ラムのみ (0.5%) | F3: 1. さめはだ (99%) 2. すながくれ (1%) | G3: 1. ようき +S -C (73.3%) 2. いじっぱり +A -C (25.5%) 3. ゆうかん +A -S (0.5%) 4. しんちょう +D -C (0.2%) 5. わんぱく +B -C (0.1%) 6. ひかえめ +C -A (0.1%) 7. おくびょう +S -A (0.1%) 8. せっかち +S -B (0.1%) 9. むじゃき +S -D (0.1%) 10. さみしがり +A -B (0%) | H3: 1. リザードン 2. ドドゲザン 3. ニンフィア 4. エルフーン 5. プテラ 6. イダイトウ 7. リキキリン 8. ガオガエン 9. フラエッテ（えいえんのはな） 10. ムクホーク | I3: 1. H2/A32/B0/C0/D0/S32 (44.6%) 2. H0/A32/B1/C0/D1/S32 (6.1%) 3. H0/A32/B2/C0/D0/S32 (4.8%) 4. H0/A27/B7/C0/D0/S32 (4.1%) 5. H6/A25/B3/C0/D0/S32 (2.6%) 6. H0/A32/B0/C0/D2/S32 (2.4%) 7. H32/A12/B9/C0/D4/S9 (2.4%) 8. H0/A30/B4/C0/D0/S32 (2.1%) 9. H14/A20/B0/C0/D0/S32 (2.1%) 10. H6/A28/B0/C0/D0/S32 (1.5%) | J3: 今回は大きな変化なし | K3: 1. ドラゴンクロー (91.3%) 2. じしん (86.5%) 3. まもる (80.7%) 4. いわなだれ (77%) 5. じだんだ (38.8%) | L3: 6. どくづき (10.5%) 7. ドラゴンテール (4.1%) 8. がんせきふうじ (3.2%) 9. アイアンヘッド (1.9%) 10. つるぎのまい (1.1%) | M3: 1. いのちのたま (70.8%) 2. オボンのみ (9.8%) 3. こだわりスカーフ (9.1%) 4. ロゼルのみ (3.9%) 5. やわらかいすな (1.1%) | N3: 6. ガブリアスナイト (0.8%) 7. ハバンのみ (0.7%) 8. きあいのタスキ (0.7%) 9. たつじんのおび (0.6%) 10. ラムのみ (0.5%) | O3: 1. ようき +S -C (73.3%) 2. いじっぱり +A -C (25.5%) 3. ゆうかん +A -S (0.5%) 4. しんちょう +D -C (0.2%) 5. わんぱく +B -C (0.1%) | P3: 6. ひかえめ +C -A (0.1%) 7. おくびょう +S -A (0.1%) 8. せっかち +S -B (0.1%) 9. むじゃき +S -D (0.1%) 10. さみしがり +A -B (0%) | Q3: 1. H2/A32/B0/C0/D0/S32 (44.6%) 2. H0/A32/B1/C0/D1/S32 (6.1%) 3. H0/A32/B2/C0/D0/S32 (4.8%) 4. H0/A27/B7/C0/D0/S32 (4.1%) 5. H6/A25/B3/C0/D0/S32 (2.6%) | R3: 6. H0/A32/B0/C0/D2/S32 (2.4%) 7. H32/A12/B9/C0/D4/S9 (2.4%) 8. H0/A30/B4/C0/D0/S32 (2.1%) 9. H14/A20/B0/C0/D0/S32 (2.1%) 10. H6/A28/B0/C0/D0/S32 (1.5%) | S3: 1. リザードン 2. ドドゲザン 3. ニンフィア 4. エルフーン 5. プテラ | T3: 6. イダイトウ 7. リキキリン 8. ガオガエン 9. フラエッテ（えいえんのはな） 10. ムクホーク
A4: 3 | B4: ガオガエン | C4: Incineroar | D4: 1. ねこだまし (99.6%) 2. フレアドライブ (93.4%) 3. すてゼリフ (89.6%) 4. ＤＤラリアット (41.6%) 5. じごくづき (33.9%) 6. てだすけ (14.2%) 7. まもる (10.6%) 8. インファイト (7.9%) 9. ちょうはつ (3.9%) 10. おにび (1.7%) | E4: 1. オボンのみ (68.6%) 2. イトケのみ (10.1%) 3. ヨプのみ (4.9%) 4. いのちのたま (4.6%) 5. しろいハーブ (3.2%) 6. もくたん (3.1%) 7. たべのこし (2.8%) 8. シュカのみ (1.1%) 9. ひかりのこな (0.2%) 10. たつじんのおび (0.2%) | F4: 1. いかく (99.8%) 2. もうか (0.2%) | G4: 1. しんちょう +D -C (36.7%) 2. わんぱく +B -C (27.9%) 3. いじっぱり +A -C (14.7%) 4. ゆうかん +A -S (10.5%) 5. なまいき +D -S (5.1%) 6. のんき +B -S (3.5%) 7. ようき +S -C (1.1%) 8. ずぶとい +B -A (0.3%) 9. おだやか +D -A (0.1%) 10. さみしがり +A -B (0.1%) | H4: 1. ヤバソチャ 2. ドドゲザン 3. オオニューラ 4. ガブリアス 5. リザードン 6. マフォクシー 7. カメックス 8. ニンフィア 9. リキキリン 10. プテラ | I4: 1. H32/A0/B1/C0/D10/S23 (12.1%) 2. H32/A0/B32/C0/D2/S0 (6.5%) 3. H32/A0/B14/C0/D20/S0 (5.9%) 4. H32/A32/B2/C0/D0/S0 (3.3%) 5. H32/A32/B0/C0/D0/S2 (3.1%) 6. H32/A32/B0/C0/D2/S0 (3.1%) 7. H32/A0/B20/C0/D14/S0 (2.5%) 8. H31/A0/B15/C0/D20/S0 (2.4%) 9. H32/A0/B14/C0/D16/S4 (1.9%) 10. H32/A0/B10/C0/D14/S10 (1.8%) | J4: 今回は大きな変化なし | K4: 1. ねこだまし (99.6%) 2. フレアドライブ (93.4%) 3. すてゼリフ (89.6%) 4. ＤＤラリアット (41.6%) 5. じごくづき (33.9%) | L4: 6. てだすけ (14.2%) 7. まもる (10.6%) 8. インファイト (7.9%) 9. ちょうはつ (3.9%) 10. おにび (1.7%) | M4: 1. オボンのみ (68.6%) 2. イトケのみ (10.1%) 3. ヨプのみ (4.9%) 4. いのちのたま (4.6%) 5. しろいハーブ (3.2%) | N4: 6. もくたん (3.1%) 7. たべのこし (2.8%) 8. シュカのみ (1.1%) 9. ひかりのこな (0.2%) 10. たつじんのおび (0.2%) | O4: 1. しんちょう +D -C (36.7%) 2. わんぱく +B -C (27.9%) 3. いじっぱり +A -C (14.7%) 4. ゆうかん +A -S (10.5%) 5. なまいき +D -S (5.1%) | P4: 6. のんき +B -S (3.5%) 7. ようき +S -C (1.1%) 8. ずぶとい +B -A (0.3%) 9. おだやか +D -A (0.1%) 10. さみしがり +A -B (0.1%) | Q4: 1. H32/A0/B1/C0/D10/S23 (12.1%) 2. H32/A0/B32/C0/D2/S0 (6.5%) 3. H32/A0/B14/C0/D20/S0 (5.9%) 4. H32/A32/B2/C0/D0/S0 (3.3%) 5. H32/A32/B0/C0/D0/S2 (3.1%) | R4: 6. H32/A32/B0/C0/D2/S0 (3.1%) 7. H32/A0/B20/C0/D14/S0 (2.5%) 8. H31/A0/B15/C0/D20/S0 (2.4%) 9. H32/A0/B14/C0/D16/S4 (1.9%) 10. H32/A0/B10/C0/D14/S10 (1.8%) | S4: 1. ヤバソチャ 2. ドドゲザン 3. オオニューラ 4. ガブリアス 5. リザードン | T4: 6. マフォクシー 7. カメックス 8. ニンフィア 9. リキキリン 10. プテラ
A5: 4 | B5: リザードン | C5: Charizard | D5: 1. まもる (98.7%) 2. ねっぷう (98.1%) 3. ソーラービーム (90%) 4. ウェザーボール (87.5%) 5. てだすけ (5.5%) 6. げんしのちから (4.7%) 7. エアスラッシュ (4.1%) 8. ドラゴンクロー (1.5%) 9. オーバーヒート (1.3%) 10. フレアドライブ (1.2%) | E5: 1. リザードナイトＹ (98.1%) 2. リザードナイトＸ (1.5%) 3. もくたん (0.2%) 4. こだわりスカーフ (0.1%) 5. きあいのタスキ (0%) 6. いのちのたま (0%) 7. ものしりメガネ (0%) 8. こうかくレンズ (0%) 9. ヨロギのみ (0%) 10. メタグロスナイト (0%) | F5: 1. もうか (85.1%) 2. サンパワー (14.9%) | G5: 1. ひかえめ +C -A (82.8%) 2. おくびょう +S -A (13.9%) 3. いじっぱり +A -C (1.4%) 4. ずぶとい +B -A (0.8%) 5. れいせい +C -S (0.5%) 6. ようき +S -C (0.2%) 7. むじゃき +S -D (0.1%) 8. せっかち +S -B (0.1%) 9. おだやか +D -A (0.1%) 10. やんちゃ +A -D (0%) | H5: 1. ガブリアス 2. ドドゲザン 3. ニンフィア 4. エルフーン 5. プテラ 6. イダイトウ 7. リキキリン 8. ガオガエン 9. フラエッテ（えいえんのはな） 10. フシギバナ | I5: 1. H2/A0/B0/C32/D0/S32 (15.9%) 2. H24/A0/B16/C9/D0/S17 (6.8%) 3. H30/A0/B31/C1/D0/S4 (5%) 4. H20/A0/B29/C1/D0/S16 (3.8%) 5. H0/A0/B2/C32/D0/S32 (3.5%) 6. H16/A0/B18/C11/D0/S21 (3.3%) 7. H30/A0/B30/C1/D0/S5 (3.3%) 8. H20/A0/B18/C4/D0/S24 (2.1%) 9. H28/A0/B27/C11/D0/S0 (1.9%) 10. H20/A0/B32/C9/D0/S5 (1.8%) | J5: 今回は大きな変化なし | K5: 1. まもる (98.7%) 2. ねっぷう (98.1%) 3. ソーラービーム (90%) 4. ウェザーボール (87.5%) 5. てだすけ (5.5%) | L5: 6. げんしのちから (4.7%) 7. エアスラッシュ (4.1%) 8. ドラゴンクロー (1.5%) 9. オーバーヒート (1.3%) 10. フレアドライブ (1.2%) | M5: 1. リザードナイトＹ (98.1%) 2. リザードナイトＸ (1.5%) 3. もくたん (0.2%) 4. こだわりスカーフ (0.1%) 5. きあいのタスキ (0%) | N5: 6. いのちのたま (0%) 7. ものしりメガネ (0%) 8. こうかくレンズ (0%) 9. ヨロギのみ (0%) 10. メタグロスナイト (0%) | O5: 1. ひかえめ +C -A (82.8%) 2. おくびょう +S -A (13.9%) 3. いじっぱり +A -C (1.4%) 4. ずぶとい +B -A (0.8%) 5. れいせい +C -S (0.5%) | P5: 6. ようき +S -C (0.2%) 7. むじゃき +S -D (0.1%) 8. せっかち +S -B (0.1%) 9. おだやか +D -A (0.1%) 10. やんちゃ +A -D (0%) | Q5: 1. H2/A0/B0/C32/D0/S32 (15.9%) 2. H24/A0/B16/C9/D0/S17 (6.8%) 3. H30/A0/B31/C1/D0/S4 (5%) 4. H20/A0/B29/C1/D0/S16 (3.8%) 5. H0/A0/B2/C32/D0/S32 (3.5%) | R5: 6. H16/A0/B18/C11/D0/S21 (3.3%) 7. H30/A0/B30/C1/D0/S5 (3.3%) 8. H20/A0/B18/C4/D0/S24 (2.1%) 9. H28/A0/B27/C11/D0/S0 (1.9%) 10. H20/A0/B32/C9/D0/S5 (1.8%) | S5: 1. ガブリアス 2. ドドゲザン 3. ニンフィア 4. エルフーン 5. プテラ | T5: 6. イダイトウ 7. リキキリン 8. ガオガエン 9. フラエッテ（えいえんのはな） 10. フシギバナ
A6: 5 | B6: リキキリン | C6: Farigiraf | D6: 1. トリックルーム (96.7%) 2. １０まんボルト (64.9%) 3. サイコキネシス (54.8%) 4. てだすけ (44.9%) 5. まもる (37.1%) 6. ツインビーム (25.2%) 7. ハイパーボイス (11.3%) 8. ふういん (10.1%) 9. ほえる (8.2%) 10. サイコファング (6.6%) | E6: 1. オボンのみ (71.1%) 2. ナモのみ (19.5%) 3. メンタルハーブ (2.9%) 4. たべのこし (2.3%) 5. きあいのタスキ (1.5%) 6. いのちのたま (0.7%) 7. まがったスプーン (0.3%) 8. ひかりのねんど (0.2%) 9. ラムのみ (0.2%) 10. たつじんのおび (0.2%) | F6: 1. テイルアーマー (99.6%) 2. そうしょく (0.2%) 3. はんすう (0.2%) | G6: 1. ずぶとい +B -A (32.1%) 2. のんき +B -S (24.4%) 3. れいせい +C -S (16.6%) 4. ひかえめ +C -A (10.3%) 5. なまいき +D -S (9.2%) 6. おだやか +D -A (6.4%) 7. おくびょう +S -A (0.3%) 8. わんぱく +B -C (0.2%) 9. しんちょう +D -C (0.2%) 10. おっとり +C -B (0.1%) | H6: 1. ニンフィア 2. ドドゲザン 3. ガブリアス 4. リザードン 5. コータス 6. プテラ 7. ガオガエン 8. クチート 9. イダイトウ 10. エルフーン | I6: 1. H25/A0/B26/C0/D15/S0 (8.8%) 2. H17/A0/B19/C10/D20/S0 (5.1%) 3. H27/A0/B21/C0/D18/S0 (4.6%) 4. H32/A0/B20/C0/D14/S0 (3.4%) 5. H32/A0/B32/C0/D2/S0 (2.5%) 6. H29/A0/B27/C2/D8/S0 (2.2%) 7. H18/A0/B30/C0/D18/S0 (1.8%) 8. H32/A0/B2/C32/D0/S0 (1.7%) 9. H29/A0/B16/C10/D11/S0 (1.7%) 10. H32/A0/B27/C0/D7/S0 (1.7%) | J6: 今回は大きな変化なし | K6: 1. トリックルーム (96.7%) 2. １０まんボルト (64.9%) 3. サイコキネシス (54.8%) 4. てだすけ (44.9%) 5. まもる (37.1%) | L6: 6. ツインビーム (25.2%) 7. ハイパーボイス (11.3%) 8. ふういん (10.1%) 9. ほえる (8.2%) 10. サイコファング (6.6%) | M6: 1. オボンのみ (71.1%) 2. ナモのみ (19.5%) 3. メンタルハーブ (2.9%) 4. たべのこし (2.3%) 5. きあいのタスキ (1.5%) | N6: 6. いのちのたま (0.7%) 7. まがったスプーン (0.3%) 8. ひかりのねんど (0.2%) 9. ラムのみ (0.2%) 10. たつじんのおび (0.2%) | O6: 1. ずぶとい +B -A (32.1%) 2. のんき +B -S (24.4%) 3. れいせい +C -S (16.6%) 4. ひかえめ +C -A (10.3%) 5. なまいき +D -S (9.2%) | P6: 6. おだやか +D -A (6.4%) 7. おくびょう +S -A (0.3%) 8. わんぱく +B -C (0.2%) 9. しんちょう +D -C (0.2%) 10. おっとり +C -B (0.1%) | Q6: 1. H25/A0/B26/C0/D15/S0 (8.8%) 2. H17/A0/B19/C10/D20/S0 (5.1%) 3. H27/A0/B21/C0/D18/S0 (4.6%) 4. H32/A0/B20/C0/D14/S0 (3.4%) 5. H32/A0/B32/C0/D2/S0 (2.5%) | R6: 6. H29/A0/B27/C2/D8/S0 (2.2%) 7. H18/A0/B30/C0/D18/S0 (1.8%) 8. H32/A0/B2/C32/D0/S0 (1.7%) 9. H29/A0/B16/C10/D11/S0 (1.7%) 10. H32/A0/B27/C0/D7/S0 (1.7%) | S6: 1. ニンフィア 2. ドドゲザン 3. ガブリアス 4. リザードン 5. コータス | T6: 6. プテラ 7. ガオガエン 8. クチート 9. イダイトウ 10. エルフーン
A7: 6 | B7: ニンフィア | C7: Sylveon | D7: 1. ハイパーボイス (99.9%) 2. でんこうせっか (85.7%) 3. はかいこうせん (78.1%) 4. みきり (69.8%) 5. まもる (28.9%) 6. あくび (10.4%) 7. ムーンフォース (8.8%) 8. めいそう (6%) 9. マジカルフレイム (2.7%) 10. シャドーボール (1.8%) | E7: 1. ようせいのハネ (93.1%) 2. いのちのたま (3%) 3. きあいのタスキ (1.3%) 4. たべのこし (0.9%) 5. オボンのみ (0.5%) 6. せんせいのツメ (0.4%) 7. こだわりスカーフ (0.4%) 8. ものしりメガネ (0.1%) 9. リリバのみ (0.1%) 10. メトロノーム (0%) | F7: 1. フェアリースキン (99.9%) 2. メロメロボディ (0.1%) | G7: 1. ひかえめ +C -A (83.1%) 2. れいせい +C -S (13.4%) 3. おくびょう +S -A (2.2%) 4. ずぶとい +B -A (1%) 5. おだやか +D -A (0.1%) 6. のんき +B -S (0.1%) 7. おっとり +C -B (0.1%) 8. なまいき +D -S (0%) 9. うっかりや +C -D (0%) | H7: 1. ガブリアス 2. リザードン 3. ドドゲザン 4. プテラ 5. リキキリン 6. ガオガエン 7. イダイトウ 8. エルフーン 9. コータス 10. フシギバナ | I7: 1. H32/A0/B2/C32/D0/S0 (8.7%) 2. H18/A0/B10/C21/D0/S17 (7.9%) 3. H5/A0/B21/C30/D0/S10 (5.8%) 4. H9/A0/B22/C30/D0/S5 (4.6%) 5. H9/A0/B22/C25/D0/S10 (3.6%) 6. H9/A0/B22/C20/D0/S15 (3.4%) 7. H32/A0/B0/C32/D0/S2 (3.3%) 8. H19/A0/B32/C10/D0/S5 (2.7%) 9. H7/A0/B22/C26/D0/S11 (2.4%) 10. H10/A0/B15/C30/D0/S11 (2.3%) | J7: 今回は大きな変化なし | K7: 1. ハイパーボイス (99.9%) 2. でんこうせっか (85.7%) 3. はかいこうせん (78.1%) 4. みきり (69.8%) 5. まもる (28.9%) | L7: 6. あくび (10.4%) 7. ムーンフォース (8.8%) 8. めいそう (6%) 9. マジカルフレイム (2.7%) 10. シャドーボール (1.8%) | M7: 1. ようせいのハネ (93.1%) 2. いのちのたま (3%) 3. きあいのタスキ (1.3%) 4. たべのこし (0.9%) 5. オボンのみ (0.5%) | N7: 6. せんせいのツメ (0.4%) 7. こだわりスカーフ (0.4%) 8. ものしりメガネ (0.1%) 9. リリバのみ (0.1%) 10. メトロノーム (0%) | O7: 1. ひかえめ +C -A (83.1%) 2. れいせい +C -S (13.4%) 3. おくびょう +S -A (2.2%) 4. ずぶとい +B -A (1%) 5. おだやか +D -A (0.1%) | P7: 6. のんき +B -S (0.1%) 7. おっとり +C -B (0.1%) 8. なまいき +D -S (0%) 9. うっかりや +C -D (0%) | Q7: 1. H32/A0/B2/C32/D0/S0 (8.7%) 2. H18/A0/B10/C21/D0/S17 (7.9%) 3. H5/A0/B21/C30/D0/S10 (5.8%) 4. H9/A0/B22/C30/D0/S5 (4.6%) 5. H9/A0/B22/C25/D0/S10 (3.6%) | R7: 6. H9/A0/B22/C20/D0/S15 (3.4%) 7. H32/A0/B0/C32/D0/S2 (3.3%) 8. H19/A0/B32/C10/D0/S5 (2.7%) 9. H7/A0/B22/C26/D0/S11 (2.4%) 10. H10/A0/B15/C30/D0/S11 (2.3%) | S7: 1. ガブリアス 2. リザードン 3. ドドゲザン 4. プテラ 5. リキキリン | T7: 6. ガオガエン 7. イダイトウ 8. エルフーン 9. コータス 10. フシギバナ
A8: 7 | B8: ヤバソチャ | C8: Sinistcha | D8: 1. シャカシャカほう (98.5%) 2. いかりのこな (98%) 3. まもる (70.2%) 4. トリックルーム (67%) 5. いのちのしずく (41.7%) 6. シャドーボール (10.5%) 7. ちからをすいとる (6.8%) 8. ふういん (3.8%) 9. リーフストーム (0.7%) 10. じこあんじ (0.5%) | E8: 1. カシブのみ (38.9%) 2. オボンのみ (20.7%) 3. ナモのみ (14.1%) 4. オッカのみ (7.2%) 5. たべのこし (6.9%) 6. バコウのみ (6.3%) 7. きあいのタスキ (2.6%) 8. おおきなねっこ (1%) 9. ひかりのこな (0.9%) 10. きせきのタネ (0.3%) | F8: 1. おもてなし (99.4%) 2. たいねつ (0.6%) | G8: 1. ずぶとい +B -A (55.2%) 2. おだやか +D -A (18.9%) 3. のんき +B -S (14.3%) 4. なまいき +D -S (4.3%) 5. ひかえめ +C -A (4.2%) 6. れいせい +C -S (2.2%) 7. おくびょう +S -A (0.6%) 8. わんぱく +B -C (0.1%) 9. おっとり +C -B (0%) 10. しんちょう +D -C (0%) | H8: 1. ガオガエン 2. オオニューラ 3. ドドゲザン 4. マフォクシー 5. カメックス 6. ブリジュラス 7. ペリッパー 8. オーロンゲ 9. ラグラージ 10. フラエッテ（えいえんのはな） | I8: 1. H32/A0/B4/C0/D30/S0 (32%) 2. H32/A0/B14/C0/D20/S0 (14.5%) 3. H32/A0/B2/C0/D32/S0 (4%) 4. H31/A0/B14/C0/D21/S0 (2.8%) 5. H32/A0/B24/C0/D10/S0 (2.6%) 6. H32/A0/B16/C0/D18/S0 (2.1%) 7. H32/A0/B32/C0/D2/S0 (1.7%) 8. H31/A0/B7/C0/D28/S0 (1.6%) 9. H31/A0/B15/C0/D20/S0 (1.4%) 10. H29/A0/B15/C0/D22/S0 (1.3%) | J8: 今回は大きな変化なし | K8: 1. シャカシャカほう (98.5%) 2. いかりのこな (98%) 3. まもる (70.2%) 4. トリックルーム (67%) 5. いのちのしずく (41.7%) | L8: 6. シャドーボール (10.5%) 7. ちからをすいとる (6.8%) 8. ふういん (3.8%) 9. リーフストーム (0.7%) 10. じこあんじ (0.5%) | M8: 1. カシブのみ (38.9%) 2. オボンのみ (20.7%) 3. ナモのみ (14.1%) 4. オッカのみ (7.2%) 5. たべのこし (6.9%) | N8: 6. バコウのみ (6.3%) 7. きあいのタスキ (2.6%) 8. おおきなねっこ (1%) 9. ひかりのこな (0.9%) 10. きせきのタネ (0.3%) | O8: 1. ずぶとい +B -A (55.2%) 2. おだやか +D -A (18.9%) 3. のんき +B -S (14.3%) 4. なまいき +D -S (4.3%) 5. ひかえめ +C -A (4.2%) | P8: 6. れいせい +C -S (2.2%) 7. おくびょう +S -A (0.6%) 8. わんぱく +B -C (0.1%) 9. おっとり +C -B (0%) 10. しんちょう +D -C (0%) | Q8: 1. H32/A0/B4/C0/D30/S0 (32%) 2. H32/A0/B14/C0/D20/S0 (14.5%) 3. H32/A0/B2/C0/D32/S0 (4%) 4. H31/A0/B14/C0/D21/S0 (2.8%) 5. H32/A0/B24/C0/D10/S0 (2.6%) | R8: 6. H32/A0/B16/C0/D18/S0 (2.1%) 7. H32/A0/B32/C0/D2/S0 (1.7%) 8. H31/A0/B7/C0/D28/S0 (1.6%) 9. H31/A0/B15/C0/D20/S0 (1.4%) 10. H29/A0/B15/C0/D22/S0 (1.3%) | S8: 1. ガオガエン 2. オオニューラ 3. ドドゲザン 4. マフォクシー 5. カメックス | T8: 6. ブリジュラス 7. ペリッパー 8. オーロンゲ 9. ラグラージ 10. フラエッテ（えいえんのはな）
A9: 8 | B9: イダイトウ(オス) | C9: Basculegion | D9: 1. おはかまいり (100%) 2. アクアジェット (96.2%) 3. ウェーブタックル (85.9%) 4. まもる (61.7%) 5. クイックターン (35.9%) 6. アクアブレイク (13.3%) 7. サイコファング (2.5%) 8. もろはのずつき (0.8%) 9. こおりのキバ (0.7%) 10. みずびたし (0.6%) | E9: 1. こだわりスカーフ (37%) 2. しんぴのしずく (22%) 3. きあいのタスキ (16.1%) 4. いのちのたま (14.7%) 5. オボンのみ (8%) 6. ナモのみ (1%) 7. のろいのおふだ (0.3%) 8. カシブのみ (0.2%) 9. ちからのハチマキ (0.2%) 10. せんせいのツメ (0.1%) | F9: 1. てきおうりょく (95.4%) 2. すいすい (4.6%) 3. かたやぶり (0.1%) | G9: 1. いじっぱり +A -C (59.2%) 2. ようき +S -C (36.7%) 3. ゆうかん +A -S (3.4%) 4. むじゃき +S -D (0.3%) 5. さみしがり +A -B (0.1%) 6. しんちょう +D -C (0.1%) 7. やんちゃ +A -D (0.1%) 8. わんぱく +B -C (0%) 9. まじめ (0%) 10. ひかえめ +C -A (0%) | H9: 1. ドドゲザン 2. ガブリアス 3. エルフーン 4. リザードン 5. フラエッテ（えいえんのはな） 6. ニンフィア 7. オオニューラ 8. リキキリン 9. プテラ 10. ガオガエン | I9: 1. H2/A32/B0/C0/D0/S32 (30.7%) 2. H0/A32/B2/C0/D0/S32 (20.2%) 3. H32/A32/B2/C0/D0/S0 (3%) 4. H4/A31/B11/C0/D0/S20 (2.6%) 5. H0/A18/B30/C0/D0/S18 (2.5%) 6. H0/A32/B1/C0/D1/S32 (2.4%) 7. H0/A32/B0/C0/D2/S32 (2.2%) 8. H0/A20/B14/C0/D0/S32 (1.5%) 9. H0/A28/B13/C0/D0/S25 (1.3%) 10. H12/A32/B7/C0/D0/S15 (1.2%) | J9: 今回は大きな変化なし | K9: 1. おはかまいり (100%) 2. アクアジェット (96.2%) 3. ウェーブタックル (85.9%) 4. まもる (61.7%) 5. クイックターン (35.9%) | L9: 6. アクアブレイク (13.3%) 7. サイコファング (2.5%) 8. もろはのずつき (0.8%) 9. こおりのキバ (0.7%) 10. みずびたし (0.6%) | M9: 1. こだわりスカーフ (37%) 2. しんぴのしずく (22%) 3. きあいのタスキ (16.1%) 4. いのちのたま (14.7%) 5. オボンのみ (8%) | N9: 6. ナモのみ (1%) 7. のろいのおふだ (0.3%) 8. カシブのみ (0.2%) 9. ちからのハチマキ (0.2%) 10. せんせいのツメ (0.1%) | O9: 1. いじっぱり +A -C (59.2%) 2. ようき +S -C (36.7%) 3. ゆうかん +A -S (3.4%) 4. むじゃき +S -D (0.3%) 5. さみしがり +A -B (0.1%) | P9: 6. しんちょう +D -C (0.1%) 7. やんちゃ +A -D (0.1%) 8. わんぱく +B -C (0%) 9. まじめ (0%) 10. ひかえめ +C -A (0%) | Q9: 1. H2/A32/B0/C0/D0/S32 (30.7%) 2. H0/A32/B2/C0/D0/S32 (20.2%) 3. H32/A32/B2/C0/D0/S0 (3%) 4. H4/A31/B11/C0/D0/S20 (2.6%) 5. H0/A18/B30/C0/D0/S18 (2.5%) | R9: 6. H0/A32/B1/C0/D1/S32 (2.4%) 7. H0/A32/B0/C0/D2/S32 (2.2%) 8. H0/A20/B14/C0/D0/S32 (1.5%) 9. H0/A28/B13/C0/D0/S25 (1.3%) 10. H12/A32/B7/C0/D0/S15 (1.2%) | S9: 1. ドドゲザン 2. ガブリアス 3. エルフーン 4. リザードン 5. フラエッテ（えいえんのはな） | T9: 6. ニンフィア 7. オオニューラ 8. リキキリン 9. プテラ 10. ガオガエン
A10: 9 | B10: エルフーン | C10: Whimsicott | D10: 1. おいかぜ (96.7%) 2. ムーンフォース (91.6%) 3. アンコール (71.7%) 4. まもる (61.7%) 5. にほんばれ (15.7%) 6. あまえる (13.5%) 7. エナジーボール (8.4%) 8. くさむすび (6.7%) 9. ちょうはつ (4.6%) 10. うそなき (4.3%) | E10: 1. きあいのタスキ (80.8%) 2. いのちのたま (6.6%) 3. ようせいのハネ (4.4%) 4. メンタルハーブ (2.5%) 5. オボンのみ (1.2%) 6. オッカのみ (1.1%) 7. バコウのみ (1%) 8. ひかりのねんど (0.8%) 9. ひかりのこな (0.5%) 10. たべのこし (0.2%) | F10: 1. いたずらごころ (99%) 2. ようりょくそ (0.9%) 3. すりぬけ (0.1%) | G10: 1. おくびょう +S -A (79.2%) 2. ひかえめ +C -A (14.8%) 3. ずぶとい +B -A (3.3%) 4. おだやか +D -A (1.4%) 5. れいせい +C -S (0.5%) 6. せっかち +S -B (0.3%) 7. なまいき +D -S (0.2%) 8. ようき +S -C (0.2%) 9. おっとり +C -B (0.1%) 10. しんちょう +D -C (0%) | H10: 1. ガブリアス 2. リザードン 3. イダイトウ 4. ドドゲザン 5. ムクホーク 6. フラエッテ（えいえんのはな） 7. ガオガエン 8. ニンフィア 9. リキキリン 10. オオニューラ | I10: 1. H2/A0/B0/C32/D0/S32 (57%) 2. H0/A0/B2/C32/D0/S32 (8%) 3. H14/A0/B0/C32/D0/S20 (4.9%) 4. H0/A0/B0/C32/D2/S32 (3.7%) 5. H0/A0/B0/C32/D0/S32 (1.7%) 6. H0/A0/B1/C32/D1/S32 (1.2%) 7. H32/A0/B15/C0/D19/S0 (1.1%) 8. H32/A0/B0/C23/D11/S0 (1%) 9. H6/A0/B0/C28/D0/S32 (0.9%) 10. H32/A0/B0/C0/D2/S32 (0.8%) | J10: 今回は大きな変化なし | K10: 1. おいかぜ (96.7%) 2. ムーンフォース (91.6%) 3. アンコール (71.7%) 4. まもる (61.7%) 5. にほんばれ (15.7%) | L10: 6. あまえる (13.5%) 7. エナジーボール (8.4%) 8. くさむすび (6.7%) 9. ちょうはつ (4.6%) 10. うそなき (4.3%) | M10: 1. きあいのタスキ (80.8%) 2. いのちのたま (6.6%) 3. ようせいのハネ (4.4%) 4. メンタルハーブ (2.5%) 5. オボンのみ (1.2%) | N10: 6. オッカのみ (1.1%) 7. バコウのみ (1%) 8. ひかりのねんど (0.8%) 9. ひかりのこな (0.5%) 10. たべのこし (0.2%) | O10: 1. おくびょう +S -A (79.2%) 2. ひかえめ +C -A (14.8%) 3. ずぶとい +B -A (3.3%) 4. おだやか +D -A (1.4%) 5. れいせい +C -S (0.5%) | P10: 6. せっかち +S -B (0.3%) 7. なまいき +D -S (0.2%) 8. ようき +S -C (0.2%) 9. おっとり +C -B (0.1%) 10. しんちょう +D -C (0%) | Q10: 1. H2/A0/B0/C32/D0/S32 (57%) 2. H0/A0/B2/C32/D0/S32 (8%) 3. H14/A0/B0/C32/D0/S20 (4.9%) 4. H0/A0/B0/C32/D2/S32 (3.7%) 5. H0/A0/B0/C32/D0/S32 (1.7%) | R10: 6. H0/A0/B1/C32/D1/S32 (1.2%) 7. H32/A0/B15/C0/D19/S0 (1.1%) 8. H32/A0/B0/C23/D11/S0 (1%) 9. H6/A0/B0/C28/D0/S32 (0.9%) 10. H32/A0/B0/C0/D2/S32 (0.8%) | S10: 1. ガブリアス 2. リザードン 3. イダイトウ 4. ドドゲザン 5. ムクホーク | T10: 6. フラエッテ（えいえんのはな） 7. ガオガエン 8. ニンフィア 9. リキキリン 10. オオニューラ
A11: 10 | B11: オオニューラ | C11: Sneasler | D11: 1. インファイト (99.1%) 2. ねこだまし (94.8%) 3. フェイタルクロー (65.1%) 4. まもる (40.4%) 5. ファストガード (32%) 6. どくづき (30.6%) 7. いわなだれ (9.9%) 8. コーチング (7.1%) 9. じごくづき (3.5%) 10. ダストシュート (3.5%) | E11: 1. きあいのタスキ (51.2%) 2. しろいハーブ (42.3%) 3. いのちのたま (2.9%) 4. くろいてっきゅう (1.2%) 5. ラムのみ (0.6%) 6. オボンのみ (0.3%) 7. メンタルハーブ (0.2%) 8. シュカのみ (0.2%) 9. たつじんのおび (0.2%) 10. こだわりスカーフ (0.1%) | F11: 1. かるわざ (53%) 2. どくしゅ (46.9%) 3. プレッシャー (0.1%) | G11: 1. ようき +S -C (68.9%) 2. いじっぱり +A -C (28%) 3. ゆうかん +A -S (1.2%) 4. むじゃき +S -D (0.9%) 5. やんちゃ +A -D (0.3%) 6. わんぱく +B -C (0.3%) 7. さみしがり +A -B (0.2%) 8. せっかち +S -B (0.1%) 9. しんちょう +D -C (0.1%) 10. おくびょう +S -A (0%) | H11: 1. ドドゲザン 2. ガオガエン 3. ヤバソチャ 4. マフォクシー 5. カメックス 6. イダイトウ 7. ガブリアス 8. リザードン 9. エルフーン 10. リキキリン | I11: 1. H2/A32/B0/C0/D0/S32 (57.9%) 2. H0/A32/B2/C0/D0/S32 (14.1%) 3. H0/A32/B0/C0/D2/S32 (5.2%) 4. H1/A32/B1/C0/D0/S32 (1.8%) 5. H4/A30/B0/C0/D0/S32 (1.1%) 6. H0/A32/B1/C0/D1/S32 (1.1%) 7. H0/A32/B4/C0/D0/S30 (1%) 8. H0/A32/B0/C0/D0/S32 (0.9%) 9. H32/A32/B2/C0/D0/S0 (0.8%) 10. H4/A13/B17/C0/D0/S32 (0.7%) | J11: 今回は大きな変化なし | K11: 1. インファイト (99.1%) 2. ねこだまし (94.8%) 3. フェイタルクロー (65.1%) 4. まもる (40.4%) 5. ファストガード (32%) | L11: 6. どくづき (30.6%) 7. いわなだれ (9.9%) 8. コーチング (7.1%) 9. じごくづき (3.5%) 10. ダストシュート (3.5%) | M11: 1. きあいのタスキ (51.2%) 2. しろいハーブ (42.3%) 3. いのちのたま (2.9%) 4. くろいてっきゅう (1.2%) 5. ラムのみ (0.6%) | N11: 6. オボンのみ (0.3%) 7. メンタルハーブ (0.2%) 8. シュカのみ (0.2%) 9. たつじんのおび (0.2%) 10. こだわりスカーフ (0.1%) | O11: 1. ようき +S -C (68.9%) 2. いじっぱり +A -C (28%) 3. ゆうかん +A -S (1.2%) 4. むじゃき +S -D (0.9%) 5. やんちゃ +A -D (0.3%) | P11: 6. わんぱく +B -C (0.3%) 7. さみしがり +A -B (0.2%) 8. せっかち +S -B (0.1%) 9. しんちょう +D -C (0.1%) 10. おくびょう +S -A (0%) | Q11: 1. H2/A32/B0/C0/D0/S32 (57.9%) 2. H0/A32/B2/C0/D0/S32 (14.1%) 3. H0/A32/B0/C0/D2/S32 (5.2%) 4. H1/A32/B1/C0/D0/S32 (1.8%) 5. H4/A30/B0/C0/D0/S32 (1.1%) | R11: 6. H0/A32/B1/C0/D1/S32 (1.1%) 7. H0/A32/B4/C0/D0/S30 (1%) 8. H0/A32/B0/C0/D0/S32 (0.9%) 9. H32/A32/B2/C0/D0/S0 (0.8%) 10. H4/A13/B17/C0/D0/S32 (0.7%) | S11: 1. ドドゲザン 2. ガオガエン 3. ヤバソチャ 4. マフォクシー 5. カメックス | T11: 6. イダイトウ 7. ガブリアス 8. リザードン 9. エルフーン 10. リキキリン
A12: 11 | B12: プテラ | C12: Aerodactyl | D12: 1. いわなだれ (99.3%) 2. おいかぜ (94.8%) 3. ダブルウイング (73.5%) 4. こおりのキバ (60.1%) 5. ワイドガード (36.5%) 6. まもる (26%) 7. ちょうはつ (5.3%) 8. サイコファング (0.7%) 9. アイアンヘッド (0.6%) 10. にほんばれ (0.6%) | E12: 1. プテラナイト (72.3%) 2. きあいのタスキ (23.9%) 3. こうかくレンズ (0.9%) 4. おうじゃのしるし (0.4%) 5. メンタルハーブ (0.4%) 6. いのちのたま (0.3%) 7. オボンのみ (0.3%) 8. かたいいし (0.2%) 9. ソクノのみ (0.2%) 10. たつじんのおび (0.2%) | F12: 1. きんちょうかん (98.1%) 2. プレッシャー (1.3%) 3. いしあたま (0.6%) | G12: 1. ようき +S -C (95.3%) 2. いじっぱり +A -C (4%) 3. せっかち +S -B (0.2%) 4. むじゃき +S -D (0.2%) 5. さみしがり +A -B (0.1%) 6. やんちゃ +A -D (0.1%) 7. しんちょう +D -C (0.1%) 8. おくびょう +S -A (0%) 9. わんぱく +B -C (0%) 10. まじめ (0%) | H12: 1. ニンフィア 2. ガブリアス 3. ドドゲザン 4. リザードン 5. リキキリン 6. ガオガエン 7. イダイトウ 8. オオニューラ 9. フシギバナ 10. メタグロス | I12: 1. H2/A32/B0/C0/D0/S32 (33.6%) 2. H22/A12/B0/C0/D0/S32 (13.5%) 3. H28/A11/B9/C0/D1/S17 (10.3%) 4. H26/A7/B1/C0/D0/S32 (7.9%) 5. H0/A32/B2/C0/D0/S32 (4.3%) 6. H12/A21/B1/C0/D0/S32 (3.8%) 7. H0/A32/B0/C0/D2/S32 (3%) 8. H15/A17/B0/C0/D5/S29 (2%) 9. H0/A32/B1/C0/D1/S32 (1.1%) 10. H12/A22/B0/C0/D0/S32 (1.1%) | J12: 今回は大きな変化なし | K12: 1. いわなだれ (99.3%) 2. おいかぜ (94.8%) 3. ダブルウイング (73.5%) 4. こおりのキバ (60.1%) 5. ワイドガード (36.5%) | L12: 6. まもる (26%) 7. ちょうはつ (5.3%) 8. サイコファング (0.7%) 9. アイアンヘッド (0.6%) 10. にほんばれ (0.6%) | M12: 1. プテラナイト (72.3%) 2. きあいのタスキ (23.9%) 3. こうかくレンズ (0.9%) 4. おうじゃのしるし (0.4%) 5. メンタルハーブ (0.4%) | N12: 6. いのちのたま (0.3%) 7. オボンのみ (0.3%) 8. かたいいし (0.2%) 9. ソクノのみ (0.2%) 10. たつじんのおび (0.2%) | O12: 1. ようき +S -C (95.3%) 2. いじっぱり +A -C (4%) 3. せっかち +S -B (0.2%) 4. むじゃき +S -D (0.2%) 5. さみしがり +A -B (0.1%) | P12: 6. やんちゃ +A -D (0.1%) 7. しんちょう +D -C (0.1%) 8. おくびょう +S -A (0%) 9. わんぱく +B -C (0%) 10. まじめ (0%) | Q12: 1. H2/A32/B0/C0/D0/S32 (33.6%) 2. H22/A12/B0/C0/D0/S32 (13.5%) 3. H28/A11/B9/C0/D1/S17 (10.3%) 4. H26/A7/B1/C0/D0/S32 (7.9%) 5. H0/A32/B2/C0/D0/S32 (4.3%) | R12: 6. H12/A21/B1/C0/D0/S32 (3.8%) 7. H0/A32/B0/C0/D2/S32 (3%) 8. H15/A17/B0/C0/D5/S29 (2%) 9. H0/A32/B1/C0/D1/S32 (1.1%) 10. H12/A22/B0/C0/D0/S32 (1.1%) | S12: 1. ニンフィア 2. ガブリアス 3. ドドゲザン 4. リザードン 5. リキキリン | T12: 6. ガオガエン 7. イダイトウ 8. オオニューラ 9. フシギバナ 10. メタグロス
A13: 12 | B13: ムクホーク | C13: Staraptor | D13: 1. インファイト (94.6%) 2. まもる (80.9%) 3. ブレイブバード (80.3%) 4. はねやすめ (58.8%) 5. おいかぜ (21.8%) 6. ダブルウイング (19.7%) 7. いのちがけ (18.3%) 8. とんぼがえり (14.6%) 9. ブレイズキック (2.2%) 10. にほんばれ (1.6%) | E13: 1. ムクホークナイト (82%) 2. こだわりスカーフ (16.7%) 3. するどいくちばし (0.4%) 4. きあいのタスキ (0.3%) 5. オボンのみ (0.2%) 6. しろいハーブ (0.1%) 7. せんせいのツメ (0.1%) 8. いのちのたま (0.1%) 9. たべのこし (0%) 10. メンタルハーブ (0%) | F13: 1. いかく (96.9%) 2. すてみ (3.1%) | G13: 1. ようき +S -C (85.5%) 2. いじっぱり +A -C (11%) 3. しんちょう +D -C (1.7%) 4. むじゃき +S -D (0.4%) 5. おくびょう +S -A (0.4%) 6. わんぱく +B -C (0.3%) 7. ゆうかん +A -S (0.2%) 8. さみしがり +A -B (0.2%) 9. せっかち +S -B (0.1%) 10. なまいき +D -S (0.1%) | H13: 1. エルフーン 2. ガブリアス 3. サーフゴー 4. イダイトウ 5. ドドゲザン 6. リキキリン 7. バンギラス 8. ヤバソチャ 9. ドリュウズ 10. リザードン | I13: 1. H32/A2/B0/C0/D0/S32 (17.6%) 2. H2/A32/B0/C0/D0/S32 (13.4%) 3. H29/A1/B0/C0/D4/S32 (12.9%) 4. H23/A17/B0/C0/D0/S26 (7.8%) 5. H32/A5/B0/C0/D4/S25 (7.6%) 6. H32/A0/B0/C0/D2/S32 (2.7%) 7. H21/A13/B0/C0/D0/S32 (2.1%) 8. H0/A32/B0/C0/D2/S32 (1.9%) 9. H32/A0/B2/C0/D0/S32 (1.5%) 10. H31/A30/B0/C0/D0/S5 (1.1%) | J13: 今回は大きな変化なし | K13: 1. インファイト (94.6%) 2. まもる (80.9%) 3. ブレイブバード (80.3%) 4. はねやすめ (58.8%) 5. おいかぜ (21.8%) | L13: 6. ダブルウイング (19.7%) 7. いのちがけ (18.3%) 8. とんぼがえり (14.6%) 9. ブレイズキック (2.2%) 10. にほんばれ (1.6%) | M13: 1. ムクホークナイト (82%) 2. こだわりスカーフ (16.7%) 3. するどいくちばし (0.4%) 4. きあいのタスキ (0.3%) 5. オボンのみ (0.2%) | N13: 6. しろいハーブ (0.1%) 7. せんせいのツメ (0.1%) 8. いのちのたま (0.1%) 9. たべのこし (0%) 10. メンタルハーブ (0%) | O13: 1. ようき +S -C (85.5%) 2. いじっぱり +A -C (11%) 3. しんちょう +D -C (1.7%) 4. むじゃき +S -D (0.4%) 5. おくびょう +S -A (0.4%) | P13: 6. わんぱく +B -C (0.3%) 7. ゆうかん +A -S (0.2%) 8. さみしがり +A -B (0.2%) 9. せっかち +S -B (0.1%) 10. なまいき +D -S (0.1%) | Q13: 1. H32/A2/B0/C0/D0/S32 (17.6%) 2. H2/A32/B0/C0/D0/S32 (13.4%) 3. H29/A1/B0/C0/D4/S32 (12.9%) 4. H23/A17/B0/C0/D0/S26 (7.8%) 5. H32/A5/B0/C0/D4/S25 (7.6%) | R13: 6. H32/A0/B0/C0/D2/S32 (2.7%) 7. H21/A13/B0/C0/D0/S32 (2.1%) 8. H0/A32/B0/C0/D2/S32 (1.9%) 9. H32/A0/B2/C0/D0/S32 (1.5%) 10. H31/A30/B0/C0/D0/S5 (1.1%) | S13: 1. エルフーン 2. ガブリアス 3. サーフゴー 4. イダイトウ 5. ドドゲザン | T13: 6. リキキリン 7. バンギラス 8. ヤバソチャ 9. ドリュウズ 10. リザードン
... A74: 73 | B74: ミミッキュ | C74: Mimikyu | D74: 1. じゃれつく (93.2%) 2. かげうち (67.1%) 3. トリックルーム (60.8%) 4. シャドークロー (41.6%) 5. つるぎのまい (34.7%) 6. ドレインパンチ (16.6%) 7. まもる (16.5%) 8. おにび (14.5%) 9. ウッドハンマー (10.8%) 10. ちょうはつ (9.7%) | E74: 1. いのちのたま (35.3%) 2. メンタルハーブ (21%) 3. のろいのおふだ (8.2%) 4. オボンのみ (6.9%) 5. ラムのみ (5.4%) 6. ようせいのハネ (3.2%) 7. ひかりのこな (3%) 8. たつじんのおび (2.9%) 9. きあいのタスキ (1.9%) 10. くろいてっきゅう (1.9%) | F74: 1. ばけのかわ (100%) | G74: 1. いじっぱり +A -C (50.4%) 2. ゆうかん +A -S (24.2%) 3. ようき +S -C (10.5%) 4. しんちょう +D -C (5.6%) 5. のんき +B -S (5.2%) 6. やんちゃ +A -D (1.9%) 7. わんぱく +B -C (0.8%) 8. なまいき +D -S (0.6%) 9. きまぐれ (0.3%) 10. すなお (0.2%) | H74: 1. リキキリン 2. ドドゲザン 3. ガオガエン 4. コータス 5. バンギラス 6. イダイトウ 7. ニンフィア 8. ヤバソチャ 9. ガブリアス 10. ウォッシュロトム | I74: 1. H32/A32/B2/C0/D0/S0 (20%) 2. H2/A32/B0/C0/D0/S32 (14.5%) 3. H32/A32/B0/C0/D2/S0 (11.4%) 4. H1/A32/B1/C0/D0/S32 (4.9%) 5. H29/A32/B0/C0/D5/S0 (4.2%) 6. H29/A32/B5/C0/D0/S0 (4%) 7. H32/A32/B0/C0/D0/S2 (3.8%) 8. H0/A32/B0/C0/D2/S32 (2.3%) 9. H0/A30/B10/C0/D5/S21 (1.8%) 10. H20/A14/B0/C0/D32/S0 (1.7%) | J74: 今回は大きな変化なし | K74: 1. じゃれつく (93.2%) 2. かげうち (67.1%) 3. トリックルーム (60.8%) 4. シャドークロー (41.6%) 5. つるぎのまい (34.7%) | L74: 6. ドレインパンチ (16.6%) 7. まもる (16.5%) 8. おにび (14.5%) 9. ウッドハンマー (10.8%) 10. ちょうはつ (9.7%) | M74: 1. いのちのたま (35.3%) 2. メンタルハーブ (21%) 3. のろいのおふだ (8.2%) 4. オボンのみ (6.9%) 5. ラムのみ (5.4%) | N74: 6. ようせいのハネ (3.2%) 7. ひかりのこな (3%) 8. たつじんのおび (2.9%) 9. きあいのタスキ (1.9%) 10. くろいてっきゅう (1.9%) | O74: 1. いじっぱり +A -C (50.4%) 2. ゆうかん +A -S (24.2%) 3. ようき +S -C (10.5%) 4. しんちょう +D -C (5.6%) 5. のんき +B -S (5.2%) | P74: 6. やんちゃ +A -D (1.9%) 7. わんぱく +B -C (0.8%) 8. なまいき +D -S (0.6%) 9. きまぐれ (0.3%) 10. すなお (0.2%) | Q74: 1. H32/A32/B2/C0/D0/S0 (20%) 2. H2/A32/B0/C0/D0/S32 (14.5%) 3. H32/A32/B0/C0/D2/S0 (11.4%) 4. H1/A32/B1/C0/D0/S32 (4.9%) 5. H29/A32/B0/C0/D5/S0 (4.2%) | R74: 6. H29/A32/B5/C0/D0/S0 (4%) 7. H32/A32/B0/C0/D0/S2 (3.8%) 8. H0/A32/B0/C0/D2/S32 (2.3%) 9. H0/A30/B10/C0/D5/S21 (1.8%) 10. H20/A14/B0/C0/D32/S0 (1.7%) | S74: 1. リキキリン 2. ドドゲザン 3. ガオガエン 4. コータス 5. バンギラス | T74: 6. イダイトウ 7. ニンフィア 8. ヤバソチャ 9. ガブリアス 10. ウォッシュロトム
A75: 74 | B75: メガニウム | C75: Meganium | D75: 1. ソーラービーム (97.3%) 2. ウェザーボール (91.3%) 3. マジカルシャイン (89%) 4. まもる (85.3%) 5. こうごうせい (14.3%) 6. だいちのちから (13.3%) 7. げんしのちから (2.5%) 8. アンコール (1.8%) 9. エナジーボール (1.8%) 10. かふんだんご (1%) | E75: 1. メガニウムナイト (98%) | F75: 1. しんりょく (56.3%) 2. リーフガード (43.7%) | G75: 1. ひかえめ +C -A (85%) 2. れいせい +C -S (9%) 3. おくびょう +S -A (2.5%) 4. おだやか +D -A (2%) 5. のんき +B -S (0.5%) 6. おっとり +C -B (0.3%) 7. いじっぱり +A -C (0.3%) 8. ずぶとい +B -A (0.2%) 9. まじめ (0.2%) | H75: 1. ペリッパー 2. ブリジュラス 3. リキキリン 4. オオニューラ 5. イダイトウ 6. ラグラージ 7. ガブリアス 8. ヤミラミ 9. ガオガエン 10. ドドゲザン | I75: 1. H32/A0/B0/C32/D0/S2 (14.9%) 2. H32/A0/B2/C32/D0/S0 (8.6%) 3. H32/A0/B0/C32/D2/S0 (7.4%) 4. H2/A0/B0/C32/D0/S32 (3.6%) 5. H5/A0/B0/C32/D0/S29 (3.6%) 6. H28/A0/B0/C32/D0/S6 (3.3%) 7. H0/A0/B0/C32/D0/S32 (2.9%) 8. H32/A0/B1/C32/D1/S0 (2.6%) 9. H32/A0/B4/C27/D3/S0 (2.4%) 10. H32/A0/B1/C32/D0/S1 (2.2%) | J75: 今回は大きな変化なし | K75: 1. ソーラービーム (97.3%) 2. ウェザーボール (91.3%) 3. マジカルシャイン (89%) 4. まもる (85.3%) 5. こうごうせい (14.3%) | L75: 6. だいちのちから (13.3%) 7. げんしのちから (2.5%) 8. アンコール (1.8%) 9. エナジーボール (1.8%) 10. かふんだんご (1%) | M75: 1. メガニウムナイト (98%) | O75: 1. ひかえめ +C -A (85%) 2. れいせい +C -S (9%) 3. おくびょう +S -A (2.5%) 4. おだやか +D -A (2%) 5. のんき +B -S (0.5%) | P75: 6. おっとり +C -B (0.3%) 7. いじっぱり +A -C (0.3%) 8. ずぶとい +B -A (0.2%) 9. まじめ (0.2%) | Q75: 1. H32/A0/B0/C32/D0/S2 (14.9%) 2. H32/A0/B2/C32/D0/S0 (8.6%) 3. H32/A0/B0/C32/D2/S0 (7.4%) 4. H2/A0/B0/C32/D0/S32 (3.6%) 5. H5/A0/B0/C32/D0/S29 (3.6%) | R75: 6. H28/A0/B0/C32/D0/S6 (3.3%) 7. H0/A0/B0/C32/D0/S32 (2.9%) 8. H32/A0/B1/C32/D1/S0 (2.6%) 9. H32/A0/B4/C27/D3/S0 (2.4%) 10. H32/A0/B1/C32/D0/S1 (2.2%) | S75: 1. ペリッパー 2. ブリジュラス 3. リキキリン 4. オオニューラ 5. イダイトウ | T75: 6. ラグラージ 7. ガブリアス 8. ヤミラミ 9. ガオガエン 10. ドドゲザン
A76: 75 | B76: グレンアルマ | C76: Armarouge | D76: 1. ワイドガード (58.5%) 2. アーマーキャノン (55.9%) 3. トリックルーム (53.6%) 4. ねっぷう (39.7%) 5. サイコキネシス (37.1%) 6. ワイドフォース (29.8%) 7. まもる (26.8%) 8. みちづれ (23.9%) 9. はどうだん (15.8%) 10. サイコショック (12.8%) | E76: 1. きあいのタスキ (37.5%) 2. オボンのみ (18.6%) 3. いのちのたま (8.4%) 4. ナモのみ (8%) 5. もくたん (6.5%) 6. たべのこし (4.8%) 7. たつじんのおび (3.3%) 8. くろおび (2%) 9. まがったスプーン (1.8%) 10. シュカのみ (1.7%) | F76: 1. もらいび (76.7%) 2. くだけるよろい (23.3%) | G76: 1. ひかえめ +C -A (42.9%) 2. れいせい +C -S (35.5%) 3. のんき +B -S (9.5%) 4. おくびょう +S -A (7.4%) 5. ずぶとい +B -A (2.8%) 6. なまいき +D -S (0.8%) 7. せっかち +S -B (0.7%) 8. おだやか +D -A (0.4%) 9. おっとり +C -B (0.1%) | H76: 1. リキキリン 2. コータス 3. ムクホーク 4. ドドゲザン 5. クチート 6. ガブリアス 7. ライチュウ 8. オオニューラ 9. イダイトウ 10. ヤバソチャ | I76: 1. H32/A0/B0/C32/D2/S0 (17.4%) 2. H2/A0/B0/C32/D0/S32 (9%) 3. H32/A0/B2/C32/D0/S0 (8.3%) 4. H18/A0/B0/C32/D0/S16 (7.3%) 5. H32/A0/B0/C32/D0/S0 (4.6%) 6. H17/A0/B20/C5/D24/S0 (4.6%) 7. H0/A0/B13/C32/D2/S19 (3.4%) 8. H32/A0/B0/C32/D1/S0 (3%) 9. H23/A0/B0/C32/D0/S11 (2.9%) 10. H14/A0/B0/C32/D20/S0 (2.6%) | J76: 今回は大きな変化なし | K76: 1. ワイドガード (58.5%) 2. アーマーキャノン (55.9%) 3. トリックルーム (53.6%) 4. ねっぷう (39.7%) 5. サイコキネシス (37.1%) | L76: 6. ワイドフォース (29.8%) 7. まもる (26.8%) 8. みちづれ (23.9%) 9. はどうだん (15.8%) 10. サイコショック (12.8%) | M76: 1. きあいのタスキ (37.5%) 2. オボンのみ (18.6%) 3. いのちのたま (8.4%) 4. ナモのみ (8%) 5. もくたん (6.5%) | N76: 6. たべのこし (4.8%) 7. たつじんのおび (3.3%) 8. くろおび (2%) 9. まがったスプーン (1.8%) 10. シュカのみ (1.7%) | O76: 1. ひかえめ +C -A (42.9%) 2. れいせい +C -S (35.5%) 3. のんき +B -S (9.5%) 4. おくびょう +S -A (7.4%) 5. ずぶとい +B -A (2.8%) | P76: 6. なまいき +D -S (0.8%) 7. せっかち +S -B (0.7%) 8. おだやか +D -A (0.4%) 9. おっとり +C -B (0.1%) | Q76: 1. H32/A0/B0/C32/D2/S0 (17.4%) 2. H2/A0/B0/C32/D0/S32 (9%) 3. H32/A0/B2/C32/D0/S0 (8.3%) 4. H18/A0/B0/C32/D0/S16 (7.3%) 5. H32/A0/B0/C32/D0/S0 (4.6%) | R76: 6. H17/A0/B20/C5/D24/S0 (4.6%) 7. H0/A0/B13/C32/D2/S19 (3.4%) 8. H32/A0/B0/C32/D1/S0 (3%) 9. H23/A0/B0/C32/D0/S11 (2.9%) 10. H14/A0/B0/C32/D20/S0 (2.6%) | S76: 1. リキキリン 2. コータス 3. ムクホーク 4. ドドゲザン 5. クチート | T76: 6. ガブリアス 7. ライチュウ 8. オオニューラ 9. イダイトウ 10. ヤバソチャ
A77: 76 | B77: ゲッコウガ | C77: Greninja | D77: 1. あくのはどう (78.8%) 2. れいとうビーム (59.2%) 3. まもる (59.2%) 4. みずしゅりけん (32.2%) 5. くさむすび (24.5%) 6. ウェザーボール (19.7%) 7. じんつうりき (17.6%) 8. いわなだれ (13.3%) 9. けたぐり (13.1%) 10. ダストシュート (11.4%) | E77: 1. ゲッコウガナイト (44.7%) 2. きあいのタスキ (22%) 3. いのちのたま (17.4%) 4. こだわりスカーフ (10.4%) 5. たつじんのおび (4.1%) 6. しんぴのしずく (0.6%) 7. ものしりメガネ (0.3%) 8. かたいいし (0.2%) 9. フシギバナイト (0.2%) 10. とけないこおり (0.1%) | F77: 1. へんげんじざい (77.9%) 2. げきりゅう (22.1%) | G77: 1. おくびょう +S -A (48.8%) 2. せっかち +S -B (23.1%) 3. ひかえめ +C -A (18.2%) 4. ようき +S -C (2.7%) 5. おっとり +C -B (2.7%) 6. むじゃき +S -D (1.5%) 7. いじっぱり +A -C (1.2%) 8. おだやか +D -A (0.8%) 9. やんちゃ +A -D (0.7%) 10. うっかりや +C -D (0.3%) | H77: 1. イダイトウ 2. ペリッパー 3. ブリジュラス 4. ガブリアス 5. エルフーン 6. オオニューラ 7. ラグラージ 8. ニョロトノ 9. ガオガエン 10. リキキリン | I77: 1. H2/A0/B0/C32/D0/S32 (57.6%) 2. H0/A13/B0/C32/D0/S21 (6.3%) 3. H0/A2/B0/C32/D0/S32 (5%) 4. H0/A0/B2/C32/D0/S32 (3.5%) 5. H8/A0/B0/C32/D0/S26 (2.8%) 6. H2/A32/B0/C0/D0/S32 (2.8%) 7. H3/A5/B0/C27/D0/S31 (1.9%) 8. H0/A0/B0/C32/D0/S32 (1.8%) 9. H0/A0/B0/C32/D2/S32 (1.8%) 10. H0/A20/B0/C32/D0/S14 (1.5%) | J77: 今回は大きな変化なし | K77: 1. あくのはどう (78.8%) 2. れいとうビーム (59.2%) 3. まもる (59.2%) 4. みずしゅりけん (32.2%) 5. くさむすび (24.5%) | L77: 6. ウェザーボール (19.7%) 7. じんつうりき (17.6%) 8. いわなだれ (13.3%) 9. けたぐり (13.1%) 10. ダストシュート (11.4%) | M77: 1. ゲッコウガナイト (44.7%) 2. きあいのタスキ (22%) 3. いのちのたま (17.4%) 4. こだわりスカーフ (10.4%) 5. たつじんのおび (4.1%) | N77: 6. しんぴのしずく (0.6%) 7. ものしりメガネ (0.3%) 8. かたいいし (0.2%) 9. フシギバナイト (0.2%) 10. とけないこおり (0.1%) | O77: 1. おくびょう +S -A (48.8%) 2. せっかち +S -B (23.1%) 3. ひかえめ +C -A (18.2%) 4. ようき +S -C (2.7%) 5. おっとり +C -B (2.7%) | P77: 6. むじゃき +S -D (1.5%) 7. いじっぱり +A -C (1.2%) 8. おだやか +D -A (0.8%) 9. やんちゃ +A -D (0.7%) 10. うっかりや +C -D (0.3%) | Q77: 1. H2/A0/B0/C32/D0/S32 (57.6%) 2. H0/A13/B0/C32/D0/S21 (6.3%) 3. H0/A2/B0/C32/D0/S32 (5%) 4. H0/A0/B2/C32/D0/S32 (3.5%) 5. H8/A0/B0/C32/D0/S26 (2.8%) | R77: 6. H2/A32/B0/C0/D0/S32 (2.8%) 7. H3/A5/B0/C27/D0/S31 (1.9%) 8. H0/A0/B0/C32/D0/S32 (1.8%) 9. H0/A0/B0/C32/D2/S32 (1.8%) 10. H0/A20/B0/C32/D0/S14 (1.5%) | S77: 1. イダイトウ 2. ペリッパー 3. ブリジュラス 4. ガブリアス 5. エルフーン | T77: 6. オオニューラ 7. ラグラージ 8. ニョロトノ 9. ガオガエン 10. リキキリン
A78: 77 | B78: カビゴン | C78: Snorlax | D78: 1. まもる (77.1%) 2. じわれ (38.3%) 3. すてみタックル (26.8%) 4. たくわえる (26.4%) 5. あくび (25.6%) 6. ボディプレス (22.4%) 7. いわなだれ (18.9%) 8. はらだいこ (18%) 9. １０まんばりき (17.8%) 10. れいとうパンチ (15.2%) | E78: 1. たべのこし (61.1%) 2. オボンのみ (25.2%) 3. ちからのハチマキ (3.7%) 4. ヨプのみ (3.4%) 5. シルクのスカーフ (2%) 6. いのちのたま (1.6%) 7. たつじんのおび (1.3%) 8. カゴのみ (1%) 9. せんせいのツメ (0.6%) 10. ラムのみ (0.1%) | F78: 1. あついしぼう (96.8%) 2. くいしんぼう (1.7%) 3. めんえき (1.6%) | G78: 1. のんき +B -S (36.5%) 2. ゆうかん +A -S (21.1%) 3. わんぱく +B -C (19.9%) 4. いじっぱり +A -C (13.9%) 5. しんちょう +D -C (6.6%) 6. ようき +S -C (1%) 7. なまいき +D -S (0.6%) 8. きまぐれ (0.2%) 9. ずぶとい +B -A (0.2%) 10. おとなしい +D -B (0.1%) | H78: 1. ガオガエン 2. ヤバソチャ 3. ゲンガー 4. ルチャブル 5. リキキリン 6. ニョロトノ 7. キュウコン（アローラのすがた） 8. ドドゲザン 9. カイリュー 10. リザードン | I78: 1. H32/A0/B32/C0/D2/S0 (33%) 2. H2/A32/B32/C0/D0/S0 (9.1%) 3. H21/A0/B30/C0/D15/S0 (7.5%) 4. H31/A1/B32/C0/D2/S0 (4.5%) 5. H32/A32/B2/C0/D0/S0 (4.5%) 6. H21/A0/B32/C0/D13/S0 (3.5%) 7. H1/A32/B32/C0/D1/S0 (2.7%) 8. H25/A16/B25/C0/D0/S0 (2.4%) 9. H32/A0/B26/C0/D8/S0 (2.3%) 10. H32/A13/B9/C0/D12/S0 (2.2%) | J78: 今回は大きな変化なし | K78: 1. まもる (77.1%) 2. じわれ (38.3%) 3. すてみタックル (26.8%) 4. たくわえる (26.4%) 5. あくび (25.6%) | L78: 6. ボディプレス (22.4%) 7. いわなだれ (18.9%) 8. はらだいこ (18%) 9. １０まんばりき (17.8%) 10. れいとうパンチ (15.2%) | M78: 1. たべのこし (61.1%) 2. オボンのみ (25.2%) 3. ちからのハチマキ (3.7%) 4. ヨプのみ (3.4%) 5. シルクのスカーフ (2%) | N78: 6. いのちのたま (1.6%) 7. たつじんのおび (1.3%) 8. カゴのみ (1%) 9. せんせいのツメ (0.6%) 10. ラムのみ (0.1%) | O78: 1. のんき +B -S (36.5%) 2. ゆうかん +A -S (21.1%) 3. わんぱく +B -C (19.9%) 4. いじっぱり +A -C (13.9%) 5. しんちょう +D -C (6.6%) | P78: 6. ようき +S -C (1%) 7. なまいき +D -S (0.6%) 8. きまぐれ (0.2%) 9. ずぶとい +B -A (0.2%) 10. おとなしい +D -B (0.1%) | Q78: 1. H32/A0/B32/C0/D2/S0 (33%) 2. H2/A32/B32/C0/D0/S0 (9.1%) 3. H21/A0/B30/C0/D15/S0 (7.5%) 4. H31/A1/B32/C0/D2/S0 (4.5%) 5. H32/A32/B2/C0/D0/S0 (4.5%) | R78: 6. H21/A0/B32/C0/D13/S0 (3.5%) 7. H1/A32/B32/C0/D1/S0 (2.7%) 8. H25/A16/B25/C0/D0/S0 (2.4%) 9. H32/A0/B26/C0/D8/S0 (2.3%) 10. H32/A13/B9/C0/D12/S0 (2.2%) | S78: 1. ガオガエン 2. ヤバソチャ 3. ゲンガー 4. ルチャブル 5. リキキリン | T78: 6. ニョロトノ 7. キュウコン（アローラのすがた） 8. ドドゲザン 9. カイリュー 10. リザードン
A79: 78 | B79: デカヌチャン | C79: Tinkaton | D79: 1. ねこだまし (99.4%) 2. デカハンマー (97%) 3. じゃれつく (43.8%) 4. アンコール (38.1%) 5. まもる (35.9%) 6. フェイント (18.3%) 7. てだすけ (11.7%) 8. かわらわり (10.2%) 9. スキルスワップ (6.9%) 10. はたきおとす (6.6%) | E79: 1. シュカのみ (21.9%) 2. オボンのみ (16.6%) 3. オッカのみ (12.7%) 4. メタルコート (10.2%) 5. きあいのタスキ (10.1%) 6. たつじんのおび (5.5%) 7. たべのこし (5.4%) 8. メンタルハーブ (4%) 9. しろいハーブ (3.7%) 10. いのちのたま (3.1%) | F79: 1. かたやぶり (92.2%) 2. マイペース (7.1%) 3. わるいてぐせ (0.7%) | G79: 1. いじっぱり +A -C (50.6%) 2. ようき +S -C (32.9%) 3. ゆうかん +A -S (5.8%) 4. しんちょう +D -C (5.7%) 5. わんぱく +B -C (3.1%) 6. のんき +B -S (1.3%) 7. おとなしい +D -B (0.3%) 8. さみしがり +A -B (0.2%) 9. がんばりや (0.1%) 10. やんちゃ +A -D (0.1%) | H79: 1. ガブリアス 2. ヤバソチャ 3. イダイトウ 4. ガオガエン 5. リキキリン 6. オオニューラ 7. エルフーン 8. ライチュウ 9. リザードン 10. プテラ | I79: 1. H2/A32/B0/C0/D0/S32 (17.7%) 2. H32/A32/B2/C0/D0/S0 (10.6%) 3. H1/A32/B1/C0/D0/S32 (4.4%) 4. H23/A8/B7/C0/D0/S28 (4.1%) 5. H0/A32/B2/C0/D0/S32 (3.9%) 6. H7/A31/B1/C0/D27/S0 (3.6%) 7. H28/A32/B6/C0/D0/S0 (3.3%) 8. H32/A25/B1/C0/D7/S1 (3%) 9. H32/A0/B2/C0/D0/S32 (2.1%) 10. H32/A32/B1/C0/D1/S0 (2.1%) | J79: 今回は大きな変化なし | K79: 1. ねこだまし (99.4%) 2. デカハンマー (97%) 3. じゃれつく (43.8%) 4. アンコール (38.1%) 5. まもる (35.9%) | L79: 6. フェイント (18.3%) 7. てだすけ (11.7%) 8. かわらわり (10.2%) 9. スキルスワップ (6.9%) 10. はたきおとす (6.6%) | M79: 1. シュカのみ (21.9%) 2. オボンのみ (16.6%) 3. オッカのみ (12.7%) 4. メタルコート (10.2%) 5. きあいのタスキ (10.1%) | N79: 6. たつじんのおび (5.5%) 7. たべのこし (5.4%) 8. メンタルハーブ (4%) 9. しろいハーブ (3.7%) 10. いのちのたま (3.1%) | O79: 1. いじっぱり +A -C (50.6%) 2. ようき +S -C (32.9%) 3. ゆうかん +A -S (5.8%) 4. しんちょう +D -C (5.7%) 5. わんぱく +B -C (3.1%) | P79: 6. のんき +B -S (1.3%) 7. おとなしい +D -B (0.3%) 8. さみしがり +A -B (0.2%) 9. がんばりや (0.1%) 10. やんちゃ +A -D (0.1%) | Q79: 1. H2/A32/B0/C0/D0/S32 (17.7%) 2. H32/A32/B2/C0/D0/S0 (10.6%) 3. H1/A32/B1/C0/D0/S32 (4.4%) 4. H23/A8/B7/C0/D0/S28 (4.1%) 5. H0/A32/B2/C0/D0/S32 (3.9%) | R79: 6. H7/A31/B1/C0/D27/S0 (3.6%) 7. H28/A32/B6/C0/D0/S0 (3.3%) 8. H32/A25/B1/C0/D7/S1 (3%) 9. H32/A0/B2/C0/D0/S32 (2.1%) 10. H32/A32/B1/C0/D1/S0 (2.1%) | S79: 1. ガブリアス 2. ヤバソチャ 3. イダイトウ 4. ガオガエン 5. リキキリン | T79: 6. オオニューラ 7. エルフーン 8. ライチュウ 9. リザードン 10. プテラ
A80: 79 | B80: ニャオニクス(オス) | C80: Meowstic | D80: 1. ねこだまし (68.2%) 2. にほんばれ (43.2%) 3. あくび (42.3%) 4. スキルスワップ (37.8%) 5. サイコフィールド (32.2%) 6. あまごい (31.9%) 7. ワイドフォース (27.3%) 8. リフレクター (14.4%) 9. ひかりのかべ (12.5%) 10. トリックルーム (11%) | E80: 1. ひかりのこな (25.5%) 2. ナモのみ (16.4%) 3. メンタルハーブ (15.6%) 4. きあいのタスキ (11.9%) 5. オボンのみ (10.6%) 6. ひかりのねんど (7.5%) 7. ニャオニクスナイト (6.1%) 8. まがったスプーン (3.9%) 9. ラムのみ (0.7%) 10. カシブのみ (0.7%) | F80: 1. いたずらごころ (99.9%) 2. すりぬけ (0.1%) | G80: 1. ずぶとい +B -A (35.7%) 2. おくびょう +S -A (18.7%) 3. わんぱく +B -C (16.3%) 4. おだやか +D -A (15.9%) 5. ひかえめ +C -A (4.9%) 6. のんき +B -S (2.7%) 7. れいせい +C -S (2.3%) 8. せっかち +S -B (1.2%) 9. しんちょう +D -C (1.1%) 10. なまいき +D -S (0.9%) | H80: 1. ハリーマン 2. マフォクシー 3. ヤミラミ 4. クレッフィ 5. オオニューラ 6. イダイトウ 7. エルフーン 8. ヤバソチャ 9. カメックス 10. サーナイト | I80: 1. H32/A0/B24/C0/D10/S0 (27.1%) 2. H32/A0/B14/C0/D20/S0 (7.8%) 3. H32/A0/B32/C0/D2/S0 (7%) 4. H32/A0/B25/C0/D9/S0 (4.9%) 5. H0/A2/B0/C32/D0/S32 (4.7%) 6. H32/A0/B17/C0/D17/S0 (4.5%) 7. H32/A0/B15/C0/D19/S0 (3.7%) 8. H2/A0/B0/C32/D0/S32 (3.6%) 9. H2/A0/B3/C32/D0/S29 (3.5%) 10. H2/A0/B32/C0/D32/S0 (3.2%) | J80: 今回は大きな変化なし | K80: 1. ねこだまし (68.2%) 2. にほんばれ (43.2%) 3. あくび (42.3%) 4. スキルスワップ (37.8%) 5. サイコフィールド (32.2%) | L80: 6. あまごい (31.9%) 7. ワイドフォース (27.3%) 8. リフレクター (14.4%) 9. ひかりのかべ (12.5%) 10. トリックルーム (11%) | M80: 1. ひかりのこな (25.5%) 2. ナモのみ (16.4%) 3. メンタルハーブ (15.6%) 4. きあいのタスキ (11.9%) 5. オボンのみ (10.6%) | N80: 6. ひかりのねんど (7.5%) 7. ニャオニクスナイト (6.1%) 8. まがったスプーン (3.9%) 9. ラムのみ (0.7%) 10. カシブのみ (0.7%) | O80: 1. ずぶとい +B -A (35.7%) 2. おくびょう +S -A (18.7%) 3. わんぱく +B -C (16.3%) 4. おだやか +D -A (15.9%) 5. ひかえめ +C -A (4.9%) | P80: 6. のんき +B -S (2.7%) 7. れいせい +C -S (2.3%) 8. せっかち +S -B (1.2%) 9. しんちょう +D -C (1.1%) 10. なまいき +D -S (0.9%) | Q80: 1. H32/A0/B24/C0/D10/S0 (27.1%) 2. H32/A0/B14/C0/D20/S0 (7.8%) 3. H32/A0/B32/C0/D2/S0 (7%) 4. H32/A0/B25/C0/D9/S0 (4.9%) 5. H0/A2/B0/C32/D0/S32 (4.7%) | R80: 6. H32/A0/B17/C0/D17/S0 (4.5%) 7. H32/A0/B15/C0/D19/S0 (3.7%) 8. H2/A0/B0/C32/D0/S32 (3.6%) 9. H2/A0/B3/C32/D0/S29 (3.5%) 10. H2/A0/B32/C0/D32/S0 (3.2%) | S80: 1. ハリーマン 2. マフォクシー 3. ヤミラミ 4. クレッフィ 5. オオニューラ | T80: 6. イダイトウ 7. エルフーン 8. ヤバソチャ 9. カメックス 10. サーナイト
A81: 80 | B81: シビルドン | C81: Eelektross | D81: 1. まもる (84%) 2. １０まんボルト (67.6%) 3. かえんほうしゃ (58.2%) 4. ギガドレイン (58%) 5. ほうでん (27.8%) 6. りゅうのはどう (22%) 7. くさむすび (13.2%) 8. とぐろをまく (12.2%) 9. ドレインパンチ (11.2%) 10. サンダーダイブ (9.4%) | E81: 1. シビルドナイト (89.3%) 2. たべのこし (4.6%) 3. じしゃく (2.4%) 4. たつじんのおび (1.7%) 5. いのちのたま (1.2%) 6. オボンのみ (0.7%) 7. こだわりスカーフ (0.2%) | F81: 1. ふゆう (100%) | G81: 1. ひかえめ +C -A (56.6%) 2. れいせい +C -S (18.8%) 3. いじっぱり +A -C (12.9%) 4. おくびょう +S -A (7%) 5. しんちょう +D -C (1.5%) 6. ゆうかん +A -S (1.3%) 7. おだやか +D -A (1.2%) 8. のんき +B -S (0.2%) 9. がんばりや (0.1%) 10. ようき +S -C (0.1%) | H81: 1. ガブリアス 2. リキキリン 3. エルフーン 4. ドドゲザン 5. ヤバソチャ 6. イダイトウ 7. ニンフィア 8. コータス 9. ガオガエン 10. オオニューラ | I81: 1. H2/A0/B0/C32/D0/S32 (11.6%) 2. H32/A0/B1/C32/D1/S0 (10.2%) 3. H32/A0/B2/C32/D0/S0 (9.6%) 4. H32/A0/B0/C32/D2/S0 (6.5%) 5. H32/A0/B0/C32/D0/S2 (5%) 6. H22/A0/B0/C32/D0/S12 (3.3%) 7. H32/A25/B0/C0/D9/S0 (2.8%) 8. H31/A15/B0/C0/D11/S9 (2.4%) 9. H0/A0/B18/C32/D16/S0 (2.1%) 10. H32/A32/B2/C0/D0/S0 (2%) | J81: 今回は大きな変化なし | K81: 1. まもる (84%) 2. １０まんボルト (67.6%) 3. かえんほうしゃ (58.2%) 4. ギガドレイン (58%) 5. ほうでん (27.8%) | L81: 6. りゅうのはどう (22%) 7. くさむすび (13.2%) 8. とぐろをまく (12.2%) 9. ドレインパンチ (11.2%) 10. サンダーダイブ (9.4%) | M81: 1. シビルドナイト (89.3%) 2. たべのこし (4.6%) 3. じしゃく (2.4%) 4. たつじんのおび (1.7%) | N81: 5. いのちのたま (1.2%) 6. オボンのみ (0.7%) 7. こだわりスカーフ (0.2%) | O81: 1. ひかえめ +C -A (56.6%) 2. れいせい +C -S (18.8%) 3. いじっぱり +A -C (12.9%) 4. おくびょう +S -A (7%) 5. しんちょう +D -C (1.5%) | P81: 6. ゆうかん +A -S (1.3%) 7. おだやか +D -A (1.2%) 8. のんき +B -S (0.2%) 9. がんばりや (0.1%) 10. ようき +S -C (0.1%) | Q81: 1. H2/A0/B0/C32/D0/S32 (11.6%) 2. H32/A0/B1/C32/D1/S0 (10.2%) 3. H32/A0/B2/C32/D0/S0 (9.6%) 4. H32/A0/B0/C32/D2/S0 (6.5%) 5. H32/A0/B0/C32/D0/S2 (5%) | R81: 6. H22/A0/B0/C32/D0/S12 (3.3%) 7. H32/A25/B0/C0/D9/S0 (2.8%) 8. H31/A15/B0/C0/D11/S9 (2.4%) 9. H0/A0/B18/C32/D16/S0 (2.1%) 10. H32/A32/B2/C0/D0/S0 (2%) | S81: 1. ガブリアス 2. リキキリン 3. エルフーン 4. ドドゲザン 5. ヤバソチャ | T81: 6. イダイトウ 7. ニンフィア 8. コータス 9. ガオガエン 10. オオニューラ
A82: 81 | B82: マニューラ | C82: Weavile | D82: 1. ねこだまし (95.2%) 2. はたきおとす (84.2%) 3. トリプルアクセル (70.7%) 4. けたぐり (37.1%) 5. まもる (15.1%) 6. こおりのつぶて (11.9%) 7. アイススピナー (11.4%) 8. かわらわり (10.7%) 9. つららおとし (10.7%) 10. じごくづき (10.3%) | E82: 1. きあいのタスキ (74%) 2. こうかくレンズ (13.3%) 3. しろいハーブ (3%) 4. いのちのたま (3%) 5. おうじゃのしるし (2.1%) 6. たつじんのおび (1.8%) 7. せんせいのツメ (0.6%) 8. ヨプのみ (0.4%) 9. くろいてっきゅう (0.4%) 10. こだわりスカーフ (0.4%) | F82: 1. わるいてぐせ (67.9%) 2. プレッシャー (32.1%) | G82: 1. ようき +S -C (89.8%) 2. いじっぱり +A -C (8.4%) 3. むじゃき +S -D (1.6%) | H82: 1. ヤバソチャ 2. ライチュウ 3. ミロカロス 4. ソウブレイズ 5. ペンドラー 6. エルフーン 7. イダイトウ 8. プテラ 9. リキキリン 10. ニンフィア | I82: 1. H2/A32/B0/C0/D0/S32 (41.7%) 2. H3/A32/B0/C0/D0/S31 (17.8%) 3. H0/A32/B2/C0/D0/S32 (11.1%) 4. H0/A32/B0/C0/D2/S32 (11%) 5. H1/A32/B1/C0/D0/S32 (3.5%) 6. H0/A32/B0/C0/D0/S32 (2.8%) 7. H1/A32/B0/C0/D0/S32 (2.7%) 8. H4/A32/B1/C0/D1/S28 (1.6%) 9. H16/A18/B0/C0/D0/S32 (1.6%) 10. H6/A32/B0/C0/D0/S28 (1.3%) | J82: 今回は大きな変化なし | K82: 1. ねこだまし (95.2%) 2. はたきおとす (84.2%) 3. トリプルアクセル (70.7%) 4. けたぐり (37.1%) 5. まもる (15.1%) | L82: 6. こおりのつぶて (11.9%) 7. アイススピナー (11.4%) 8. かわらわり (10.7%) 9. つららおとし (10.7%) 10. じごくづき (10.3%) | M82: 1. きあいのタスキ (74%) 2. こうかくレンズ (13.3%) 3. しろいハーブ (3%) 4. いのちのたま (3%) 5. おうじゃのしるし (2.1%) | N82: 6. たつじんのおび (1.8%) 7. せんせいのツメ (0.6%) 8. ヨプのみ (0.4%) 9. くろいてっきゅう (0.4%) 10. こだわりスカーフ (0.4%) | O82: 1. ようき +S -C (89.8%) 2. いじっぱり +A -C (8.4%) | P82: 3. むじゃき +S -D (1.6%) | Q82: 1. H2/A32/B0/C0/D0/S32 (41.7%) 2. H3/A32/B0/C0/D0/S31 (17.8%) 3. H0/A32/B2/C0/D0/S32 (11.1%) 4. H0/A32/B0/C0/D2/S32 (11%) 5. H1/A32/B1/C0/D0/S32 (3.5%) | R82: 6. H0/A32/B0/C0/D0/S32 (2.8%) 7. H1/A32/B0/C0/D0/S32 (2.7%) 8. H4/A32/B1/C0/D1/S28 (1.6%) 9. H16/A18/B0/C0/D0/S32 (1.6%) 10. H6/A32/B0/C0/D0/S28 (1.3%) | S82: 1. ヤバソチャ 2. ライチュウ 3. ミロカロス 4. ソウブレイズ 5. ペンドラー | T82: 6. エルフーン 7. イダイトウ 8. プテラ 9. リキキリン 10. ニンフィア
A83: 82 | B83: ブリムオン | C83: Hatterene | D83: 1. マジカルシャイン (94.7%) 2. トリックルーム (88.5%) 3. まもる (75.6%) 4. サイコキネシス (59.2%) 5. ワイドフォース (27.4%) 6. マジカルフレイム (10.4%) 7. サイコショック (5.1%) 8. てだすけ (4.6%) 9. あくのはどう (4.3%) 10. めいそう (3.9%) | E83: 1. いのちのたま (42.8%) 2. きあいのタスキ (17.8%) 3. ようせいのハネ (13.3%) 4. オボンのみ (5.9%) 5. メトロノーム (3.9%) 6. リリバのみ (3.8%) 7. まがったスプーン (2.8%) 8. くろいてっきゅう (2.4%) 9. メンタルハーブ (2%) 10. たべのこし (1.4%) | F83: 1. マジックミラー (99.3%) 2. きけんよち (0.7%) | G83: 1. れいせい +C -S (86.6%) 2. ひかえめ +C -A (4.4%) 3. のんき +B -S (3.3%) 4. なまいき +D -S (3.1%) 5. ずぶとい +B -A (2.3%) 6. おだやか +D -A (0.3%) 7. おとなしい +D -B (0.1%) | H83: 1. リキキリン 2. コータス 3. ガオガエン 4. ガルーラ 5. ドドゲザン 6. リザードン 7. クチート 8. バクーダ 9. ヤレユータン 10. ジジーロン | I83: 1. H32/A0/B2/C32/D0/S0 (39.2%) 2. H27/A0/B7/C32/D0/S0 (16.6%) 3. H32/A0/B0/C32/D2/S0 (6.2%) 4. H18/A0/B12/C32/D4/S0 (3.8%) 5. H2/A0/B0/C32/D32/S0 (3.5%) 6. H32/A0/B1/C32/D0/S0 (3%) 7. H32/A0/B10/C24/D0/S0 (2.5%) 8. H28/A0/B5/C32/D1/S0 (2.2%) 9. H0/A0/B32/C32/D2/S0 (2.1%) 10. H32/A0/B2/C0/D32/S0 (1.8%) | J83: 今回は大きな変化なし | K83: 1. マジカルシャイン (94.7%) 2. トリックルーム (88.5%) 3. まもる (75.6%) 4. サイコキネシス (59.2%) 5. ワイドフォース (27.4%) | L83: 6. マジカルフレイム (10.4%) 7. サイコショック (5.1%) 8. てだすけ (4.6%) 9. あくのはどう (4.3%) 10. めいそう (3.9%) | M83: 1. いのちのたま (42.8%) 2. きあいのタスキ (17.8%) 3. ようせいのハネ (13.3%) 4. オボンのみ (5.9%) 5. メトロノーム (3.9%) | N83: 6. リリバのみ (3.8%) 7. まがったスプーン (2.8%) 8. くろいてっきゅう (2.4%) 9. メンタルハーブ (2%) 10. たべのこし (1.4%) | O83: 1. れいせい +C -S (86.6%) 2. ひかえめ +C -A (4.4%) 3. のんき +B -S (3.3%) 4. なまいき +D -S (3.1%) | P83: 5. ずぶとい +B -A (2.3%) 6. おだやか +D -A (0.3%) 7. おとなしい +D -B (0.1%) | Q83: 1. H32/A0/B2/C32/D0/S0 (39.2%) 2. H27/A0/B7/C32/D0/S0 (16.6%) 3. H32/A0/B0/C32/D2/S0 (6.2%) 4. H18/A0/B12/C32/D4/S0 (3.8%) 5. H2/A0/B0/C32/D32/S0 (3.5%) | R83: 6. H32/A0/B1/C32/D0/S0 (3%) 7. H32/A0/B10/C24/D0/S0 (2.5%) 8. H28/A0/B5/C32/D1/S0 (2.2%) 9. H0/A0/B32/C32/D2/S0 (2.1%) 10. H32/A0/B2/C0/D32/S0 (1.8%) | S83: 1. リキキリン 2. コータス 3. ガオガエン 4. ガルーラ 5. ドドゲザン | T83: 6. リザードン 7. クチート 8. バクーダ 9. ヤレユータン 10. ジジーロン
A84: 83 | B84: オニシズクモ | C84: Araquanid | D84: 1. アクアブレイク (86.6%) 2. ワイドガード (83.8%) 3. まもる (63%) 4. きゅうけつ (47.3%) 5. なみのり (15.6%) 6. ミラーコート (13.6%) 7. どくづき (11%) 8. こごえるかぜ (9.4%) 9. とびかかる (9.4%) 10. ハイドロポンプ (8.2%) | E84: 1. しんぴのしずく (44.7%) 2. オボンのみ (20.9%) 3. たべのこし (16.3%) 4. いのちのたま (8.2%) 5. バコウのみ (2.6%) 6. しろいハーブ (2.3%) 7. ソクノのみ (1.4%) 8. くろいてっきゅう (0.9%) 9. おうじゃのしるし (0.7%) 10. せんせいのツメ (0.1%) | F84: 1. すいほう (99.8%) 2. ちょすい (0.2%) | G84: 1. ゆうかん +A -S (45.1%) 2. いじっぱり +A -C (24.4%) 3. れいせい +C -S (10%) 4. なまいき +D -S (6.8%) 5. のんき +B -S (4.7%) 6. ひかえめ +C -A (3.4%) 7. しんちょう +D -C (3%) 8. わんぱく +B -C (1.6%) 9. おとなしい +D -B (0.7%) 10. ずぶとい +B -A (0.3%) | H84: 1. リキキリン 2. クチート 3. ガオガエン 4. ドドゲザン 5. ニンフィア 6. コータス 7. ヤバソチャ 8. エルフーン 9. ヤレユータン 10. ライチュウ | I84: 1. H32/A32/B2/C0/D0/S0 (26.1%) 2. H32/A32/B0/C0/D2/S0 (16.8%) 3. H32/A0/B2/C32/D0/S0 (7.5%) 4. H2/A32/B32/C0/D0/S0 (6.7%) 5. H0/A32/B2/C0/D32/S0 (4.3%) 6. H32/A5/B17/C0/D12/S0 (4.1%) 7. H2/A32/B0/C0/D32/S0 (3.9%) 8. H13/A32/B19/C0/D2/S0 (3%) 9. H32/A2/B0/C32/D0/S0 (2.5%) 10. H0/A32/B32/C0/D2/S0 (1.5%) | J84: 今回は大きな変化なし | K84: 1. アクアブレイク (86.6%) 2. ワイドガード (83.8%) 3. まもる (63%) 4. きゅうけつ (47.3%) 5. なみのり (15.6%) | L84: 6. ミラーコート (13.6%) 7. どくづき (11%) 8. こごえるかぜ (9.4%) 9. とびかかる (9.4%) 10. ハイドロポンプ (8.2%) | M84: 1. しんぴのしずく (44.7%) 2. オボンのみ (20.9%) 3. たべのこし (16.3%) 4. いのちのたま (8.2%) 5. バコウのみ (2.6%) | N84: 6. しろいハーブ (2.3%) 7. ソクノのみ (1.4%) 8. くろいてっきゅう (0.9%) 9. おうじゃのしるし (0.7%) 10. せんせいのツメ (0.1%) | O84: 1. ゆうかん +A -S (45.1%) 2. いじっぱり +A -C (24.4%) 3. れいせい +C -S (10%) 4. なまいき +D -S (6.8%) 5. のんき +B -S (4.7%) | P84: 6. ひかえめ +C -A (3.4%) 7. しんちょう +D -C (3%) 8. わんぱく +B -C (1.6%) 9. おとなしい +D -B (0.7%) 10. ずぶとい +B -A (0.3%) | Q84: 1. H32/A32/B2/C0/D0/S0 (26.1%) 2. H32/A32/B0/C0/D2/S0 (16.8%) 3. H32/A0/B2/C32/D0/S0 (7.5%) 4. H2/A32/B32/C0/D0/S0 (6.7%) 5. H0/A32/B2/C0/D32/S0 (4.3%) | R84: 6. H32/A5/B17/C0/D12/S0 (4.1%) 7. H2/A32/B0/C0/D32/S0 (3.9%) 8. H13/A32/B19/C0/D2/S0 (3%) 9. H32/A2/B0/C32/D0/S0 (2.5%) 10. H0/A32/B32/C0/D2/S0 (1.5%) | S84: 1. リキキリン 2. クチート 3. ガオガエン 4. ドドゲザン 5. ニンフィア | T84: 6. コータス 7. ヤバソチャ 8. エルフーン 9. ヤレユータン 10. ライチュウ
A85: 84 | B85: バサギリ | C85: Kleavor | D85: 1. がんせきアックス (95.5%) 2. シザークロス (86.1%) 3. インファイト (47.4%) 4. まもる (44.7%) 5. つじぎり (39.1%) 6. とんぼがえり (19.3%) 7. おいかぜ (17.2%) 8. フェイント (14.9%) 9. いわなだれ (14.1%) 10. かわらわり (5.9%) | E85: 1. こだわりスカーフ (37.7%) 2. きあいのタスキ (28.9%) 3. いのちのたま (9.7%) 4. しろいハーブ (6.7%) 5. ちからのハチマキ (6.4%) 6. オボンのみ (4.3%) 7. こうかくレンズ (3.2%) 8. たつじんのおび (1.1%) 9. せんせいのツメ (0.9%) 10. ラムのみ (0.4%) | F85: 1. きれあじ (95.3%) 2. ちからずく (4.5%) 3. むしのしらせ (0.2%) | G85: 1. いじっぱり +A -C (62.8%) 2. ようき +S -C (36.7%) 3. ゆうかん +A -S (0.3%) | H85: 1. リザードン 2. エルフーン 3. リキキリン 4. イダイトウ 5. ファイアロー 6. ドドゲザン 7. フシギバナ 8. ガブリアス 9. ユキメノコ 10. ラグラージ | I85: 1. H2/A32/B0/C0/D0/S32 (54.3%) 2. H0/A32/B2/C0/D0/S32 (8.3%) 3. H10/A14/B17/C0/D13/S12 (5%) 4. H6/A32/B0/C0/D0/S28 (2.3%) 5. H10/A32/B0/C0/D24/S0 (2.3%) 6. H15/A32/B0/C0/D10/S9 (2.3%) 7. H32/A25/B0/C0/D0/S9 (2.3%) 8. H0/A32/B0/C0/D2/S32 (2%) 9. H8/A32/B0/C0/D0/S26 (1.8%) 10. H32/A32/B0/C0/D0/S2 (1.6%) | J85: 今回は大きな変化なし | K85: 1. がんせきアックス (95.5%) 2. シザークロス (86.1%) 3. インファイト (47.4%) 4. まもる (44.7%) 5. つじぎり (39.1%) | L85: 6. とんぼがえり (19.3%) 7. おいかぜ (17.2%) 8. フェイント (14.9%) 9. いわなだれ (14.1%) 10. かわらわり (5.9%) | M85: 1. こだわりスカーフ (37.7%) 2. きあいのタスキ (28.9%) 3. いのちのたま (9.7%) 4. しろいハーブ (6.7%) 5. ちからのハチマキ (6.4%) | N85: 6. オボンのみ (4.3%) 7. こうかくレンズ (3.2%) 8. たつじんのおび (1.1%) 9. せんせいのツメ (0.9%) 10. ラムのみ (0.4%) | O85: 1. いじっぱり +A -C (62.8%) 2. ようき +S -C (36.7%) | P85: 3. ゆうかん +A -S (0.3%) | Q85: 1. H2/A32/B0/C0/D0/S32 (54.3%) 2. H0/A32/B2/C0/D0/S32 (8.3%) 3. H10/A14/B17/C0/D13/S12 (5%) 4. H6/A32/B0/C0/D0/S28 (2.3%) 5. H10/A32/B0/C0/D24/S0 (2.3%) | R85: 6. H15/A32/B0/C0/D10/S9 (2.3%) 7. H32/A25/B0/C0/D0/S9 (2.3%) 8. H0/A32/B0/C0/D2/S32 (2%) 9. H8/A32/B0/C0/D0/S26 (1.8%) 10. H32/A32/B0/C0/D0/S2 (1.6%) | S85: 1. リザードン 2. エルフーン 3. リキキリン 4. イダイトウ 5. ファイアロー | T85: 6. ドドゲザン 7. フシギバナ 8. ガブリアス 9. ユキメノコ 10. ラグラージ
A86: 85 | B86: ヒスイダイケンキ | C86: Samurott-Hisui | D86: 1. せいなるつるぎ (80.2%) 2. ふいうち (60.8%) 3. アクアカッター (55.8%) 4. まもる (49.9%) 5. ひけん・ちえなみ (49.7%) 6. つじぎり (44.3%) 7. みきり (16.9%) 8. シェルブレード (16.9%) 9. アクアジェット (7.8%) 10. クイックターン (6.8%) | E86: 1. いのちのたま (26.1%) 2. ピントレンズ (20.7%) 3. くろいメガネ (18.2%) 4. きあいのタスキ (17.1%) 5. こだわりスカーフ (8.7%) 6. オボンのみ (3.3%) 7. たつじんのおび (2.8%) 8. ヨプのみ (0.8%) 9. こうかくレンズ (0.7%) 10. しろいハーブ (0.4%) | F86: 1. きれあじ (99.5%) 2. げきりゅう (0.5%) | G86: 1. いじっぱり +A -C (76.7%) 2. ようき +S -C (20.8%) 3. ゆうかん +A -S (1.9%) | H86: 1. ガブリアス 2. リキキリン 3. ファイアロー 4. プテラ 5. ヤバソチャ 6. サーナイト 7. オオニューラ 8. ニンフィア 9. ソウブレイズ 10. リザードン | I86: 1. H2/A32/B0/C0/D0/S32 (41.5%) 2. H0/A32/B0/C0/D2/S32 (6.7%) 3. H0/A32/B2/C0/D0/S32 (6.2%) 4. H19/A32/B0/C0/D15/S0 (5.6%) 5. H32/A32/B0/C0/D2/S0 (5.6%) 6. H8/A32/B0/C0/D0/S26 (2.9%) 7. H32/A32/B0/C0/D0/S2 (2.8%) 8. H14/A32/B0/C0/D20/S0 (2.1%) 9. H20/A32/B0/C0/D0/S14 (1.9%) 10. H7/A32/B0/C0/D0/S27 (1.9%) | J86: 今回は大きな変化なし | K86: 1. せいなるつるぎ (80.2%) 2. ふいうち (60.8%) 3. アクアカッター (55.8%) 4. まもる (49.9%) 5. ひけん・ちえなみ (49.7%) | L86: 6. つじぎり (44.3%) 7. みきり (16.9%) 8. シェルブレード (16.9%) 9. アクアジェット (7.8%) 10. クイックターン (6.8%) | M86: 1. いのちのたま (26.1%) 2. ピントレンズ (20.7%) 3. くろいメガネ (18.2%) 4. きあいのタスキ (17.1%) 5. こだわりスカーフ (8.7%) | N86: 6. オボンのみ (3.3%) 7. たつじんのおび (2.8%) 8. ヨプのみ (0.8%) 9. こうかくレンズ (0.7%) 10. しろいハーブ (0.4%) | O86: 1. いじっぱり +A -C (76.7%) 2. ようき +S -C (20.8%) | P86: 3. ゆうかん +A -S (1.9%) | Q86: 1. H2/A32/B0/C0/D0/S32 (41.5%) 2. H0/A32/B0/C0/D2/S32 (6.7%) 3. H0/A32/B2/C0/D0/S32 (6.2%) 4. H19/A32/B0/C0/D15/S0 (5.6%) 5. H32/A32/B0/C0/D2/S0 (5.6%) | R86: 6. H8/A32/B0/C0/D0/S26 (2.9%) 7. H32/A32/B0/C0/D0/S2 (2.8%) 8. H14/A32/B0/C0/D20/S0 (2.1%) 9. H20/A32/B0/C0/D0/S14 (1.9%) 10. H7/A32/B0/C0/D0/S27 (1.9%) | S86: 1. ガブリアス 2. リキキリン 3. ファイアロー 4. プテラ 5. ヤバソチャ | T86: 6. サーナイト 7. オオニューラ 8. ニンフィア 9. ソウブレイズ 10. リザードン
A87: 86 | B87: ピクシー | C87: Clefable | D87: 1. ムーンフォース (78.9%) 2. このゆびとまれ (71.1%) 3. まもる (63.5%) 4. いのちのしずく (24.7%) 5. じこあんじ (21.6%) 6. つきのひかり (16.1%) 7. てだすけ (16.1%) 8. アシストパワー (10.4%) 9. めいそう (8%) 10. ドレインキッス (7.9%) | E87: 1. オボンのみ (38.4%) 2. ピクシナイト (29.7%) 3. たべのこし (14%) 4. リリバのみ (6.9%) 5. いのちのたま (2.6%) 6. おおきなねっこ (1.5%) 7. ひかりのこな (1.5%) 8. ようせいのハネ (1.5%) 9. たつじんのおび (0.8%) 10. きあいのタスキ (0.8%) | F87: 1. てんねん (87%) 2. マジックガード (12.2%) 3. メロメロボディ (0.8%) | G87: 1. ずぶとい +B -A (52.8%) 2. ひかえめ +C -A (19.7%) 3. れいせい +C -S (9.7%) 4. おだやか +D -A (9.2%) 5. のんき +B -S (4.9%) 6. なまいき +D -S (2.7%) 7. わんぱく +B -C (0.6%) 8. おくびょう +S -A (0.3%) | H87: 1. エルレイド 2. マフォクシー 3. ヤバソチャ 4. リキキリン 5. ヤミラミ 6. ソウブレイズ 7. バンギラス 8. ドドゲザン 9. ハリーマン 10. オオニューラ | I87: 1. H32/A0/B32/C0/D2/S0 (18.5%) 2. H32/A0/B0/C29/D0/S5 (5.7%) 3. H32/A0/B24/C0/D10/S0 (5.6%) 4. H32/A0/B12/C22/D0/S0 (4.3%) 5. H31/A0/B27/C0/D8/S0 (4%) 6. H32/A0/B17/C0/D12/S5 (3.9%) 7. H32/A0/B2/C32/D0/S0 (3.8%) 8. H32/A0/B17/C0/D17/S0 (3.6%) 9. H32/A0/B20/C0/D14/S0 (2.7%) 10. H32/A0/B32/C2/D0/S0 (2.2%) | J87: 今回は大きな変化なし | K87: 1. ムーンフォース (78.9%) 2. このゆびとまれ (71.1%) 3. まもる (63.5%) 4. いのちのしずく (24.7%) 5. じこあんじ (21.6%) | L87: 6. つきのひかり (16.1%) 7. てだすけ (16.1%) 8. アシストパワー (10.4%) 9. めいそう (8%) 10. ドレインキッス (7.9%) | M87: 1. オボンのみ (38.4%) 2. ピクシナイト (29.7%) 3. たべのこし (14%) 4. リリバのみ (6.9%) 5. いのちのたま (2.6%) | N87: 6. おおきなねっこ (1.5%) 7. ひかりのこな (1.5%) 8. ようせいのハネ (1.5%) 9. たつじんのおび (0.8%) 10. きあいのタスキ (0.8%) | O87: 1. ずぶとい +B -A (52.8%) 2. ひかえめ +C -A (19.7%) 3. れいせい +C -S (9.7%) 4. おだやか +D -A (9.2%) | P87: 5. のんき +B -S (4.9%) 6. なまいき +D -S (2.7%) 7. わんぱく +B -C (0.6%) 8. おくびょう +S -A (0.3%) | Q87: 1. H32/A0/B32/C0/D2/S0 (18.5%) 2. H32/A0/B0/C29/D0/S5 (5.7%) 3. H32/A0/B24/C0/D10/S0 (5.6%) 4. H32/A0/B12/C22/D0/S0 (4.3%) 5. H31/A0/B27/C0/D8/S0 (4%) | R87: 6. H32/A0/B17/C0/D12/S5 (3.9%) 7. H32/A0/B2/C32/D0/S0 (3.8%) 8. H32/A0/B17/C0/D17/S0 (3.6%) 9. H32/A0/B20/C0/D14/S0 (2.7%) 10. H32/A0/B32/C2/D0/S0 (2.2%) | S87: 1. エルレイド 2. マフォクシー 3. ヤバソチャ 4. リキキリン 5. ヤミラミ | T87: 6. ソウブレイズ 7. バンギラス 8. ドドゲザン 9. ハリーマン 10. オオニューラ
... A124: 123 | B124: ガラルヤドキング | C124: Slowking-Galar | D124: 1. トリックルーム (90.2%) 2. ヘドロばくだん (45.8%) 3. いやしのはどう (45.1%) 4. サイコキネシス (38.7%) 5. アシッドボム (38%) 6. さむいギャグ (24%) 7. まもる (23.5%) 8. あまごい (18.9%) 9. れいとうビーム (11.3%) 10. バークアウト (10%) | E124: 1. オボンのみ (27.5%) 2. メンタルハーブ (27.2%) 3. ナモのみ (13.5%) 4. たべのこし (7.8%) 5. シュカのみ (6.4%) 6. まがったスプーン (4.7%) 7. カシブのみ (3.9%) 8. きあいのタスキ (3.2%) 9. たつじんのおび (2.9%) 10. せんせいのツメ (1%) | F124: 1. さいせいりょく (90%) 2. きみょうなくすり (8.4%) 3. マイペース (1.5%) | G124: 1. のんき +B -S (53.5%) 2. ひかえめ +C -A (16.2%) 3. れいせい +C -S (10.3%) 4. なまいき +D -S (10.3%) 5. ずぶとい +B -A (7.3%) 6. おだやか +D -A (2.4%) | H124: 1. カメックス 2. リキキリン 3. ガオガエン 4. クチート 5. コータス 6. ドドゲザン 7. ペリッパー 8. ニンフィア 9. ブリジュラス 10. カビゴン | I124: 1. H32/A0/B32/C0/D2/S0 (20.1%) 2. H32/A0/B2/C32/D0/S0 (7.8%) 3. H30/A0/B30/C0/D4/S2 (7.6%) 4. H32/A0/B31/C0/D3/S0 (5.9%) 5. H0/A0/B32/C32/D2/S0 (5.2%) 6. H31/A0/B32/C0/D3/S0 (3.9%) 7. H32/A0/B32/C0/D0/S0 (3.9%) 8. H31/A0/B30/C0/D5/S0 (3%) 9. H16/A0/B0/C18/D32/S0 (2.9%) 10. H30/A0/B30/C0/D6/S0 (2.7%) | J124: 今回は大きな変化なし | K124: 1. トリックルーム (90.2%) 2. ヘドロばくだん (45.8%) 3. いやしのはどう (45.1%) 4. サイコキネシス (38.7%) 5. アシッドボム (38%) | L124: 6. さむいギャグ (24%) 7. まもる (23.5%) 8. あまごい (18.9%) 9. れいとうビーム (11.3%) 10. バークアウト (10%) | M124: 1. オボンのみ (27.5%) 2. メンタルハーブ (27.2%) 3. ナモのみ (13.5%) 4. たべのこし (7.8%) 5. シュカのみ (6.4%) | N124: 6. まがったスプーン (4.7%) 7. カシブのみ (3.9%) 8. きあいのタスキ (3.2%) 9. たつじんのおび (2.9%) 10. せんせいのツメ (1%) | O124: 1. のんき +B -S (53.5%) 2. ひかえめ +C -A (16.2%) 3. れいせい +C -S (10.3%) | P124: 4. なまいき +D -S (10.3%) 5. ずぶとい +B -A (7.3%) 6. おだやか +D -A (2.4%) | Q124: 1. H32/A0/B32/C0/D2/S0 (20.1%) 2. H32/A0/B2/C32/D0/S0 (7.8%) 3. H30/A0/B30/C0/D4/S2 (7.6%) 4. H32/A0/B31/C0/D3/S0 (5.9%) 5. H0/A0/B32/C32/D2/S0 (5.2%) | R124: 6. H31/A0/B32/C0/D3/S0 (3.9%) 7. H32/A0/B32/C0/D0/S0 (3.9%) 8. H31/A0/B30/C0/D5/S0 (3%) 9. H16/A0/B0/C18/D32/S0 (2.9%) 10. H30/A0/B30/C0/D6/S0 (2.7%) | S124: 1. カメックス 2. リキキリン 3. ガオガエン 4. クチート 5. コータス | T124: 6. ドドゲザン 7. ペリッパー 8. ニンフィア 9. ブリジュラス 10. カビゴン
A125: 124 | B125: メタモン | C125: Ditto | D125: 1. へんしん (100%) | E125: 1. こだわりスカーフ (27.4%) 2. オボンのみ (24.9%) 3. きあいのタスキ (16%) 4. ひかりのこな (10.1%) 5. いのちのたま (9.1%) 6. せんせいのツメ (5.1%) 7. くろいてっきゅう (4.4%) 8. たべのこし (3.1%) | F125: 1. かわりもの (99.7%) 2. じゅうなん (0.3%) | G125: 1. ようき +S -C (23.2%) 2. なまいき +D -S (12.5%) 3. ひかえめ +C -A (10.6%) 4. おくびょう +S -A (9.2%) 5. れいせい +C -S (8.4%) 6. のんき +B -S (6.6%) 7. ずぶとい +B -A (6.4%) 8. いじっぱり +A -C (6.3%) 9. せっかち +S -B (4.9%) 10. すなお (2.8%) | H125: 1. エルフーン 2. リキキリン 3. ドドゲザン 4. ヤバソチャ 5. ヤミラミ 6. ユキメノコ 7. ミロカロス 8. オオニューラ 9. ファイアロー 10. カイリュー | I125: 1. H32/A0/B0/C0/D2/S32 (21.8%) 2. H32/A0/B32/C2/D0/S0 (10.8%) 3. H32/A0/B0/C1/D0/S32 (10.3%) 4. H32/A1/B1/C0/D0/S32 (7.8%) 5. H32/A0/B32/C0/D2/S0 (6.6%) 6. H32/A32/B2/C0/D0/S0 (5.4%) 7. H32/A17/B0/C17/D0/S0 (4%) 8. H32/A0/B0/C0/D0/S0 (3.3%) 9. H0/A0/B0/C0/D0/S0 (3.1%) 10. H32/A0/B0/C32/D2/S0 (3.1%) | J125: 今回は大きな変化なし | K125: 1. へんしん (100%) | M125: 1. こだわりスカーフ (27.4%) 2. オボンのみ (24.9%) 3. きあいのタスキ (16%) 4. ひかりのこな (10.1%) | N125: 5. いのちのたま (9.1%) 6. せんせいのツメ (5.1%) 7. くろいてっきゅう (4.4%) 8. たべのこし (3.1%) | O125: 1. ようき +S -C (23.2%) 2. なまいき +D -S (12.5%) 3. ひかえめ +C -A (10.6%) 4. おくびょう +S -A (9.2%) 5. れいせい +C -S (8.4%) | P125: 6. のんき +B -S (6.6%) 7. ずぶとい +B -A (6.4%) 8. いじっぱり +A -C (6.3%) 9. せっかち +S -B (4.9%) 10. すなお (2.8%) | Q125: 1. H32/A0/B0/C0/D2/S32 (21.8%) 2. H32/A0/B32/C2/D0/S0 (10.8%) 3. H32/A0/B0/C1/D0/S32 (10.3%) 4. H32/A1/B1/C0/D0/S32 (7.8%) 5. H32/A0/B32/C0/D2/S0 (6.6%) | R125: 6. H32/A32/B2/C0/D0/S0 (5.4%) 7. H32/A17/B0/C17/D0/S0 (4%) 8. H32/A0/B0/C0/D0/S0 (3.3%) 9. H0/A0/B0/C0/D0/S0 (3.1%) 10. H32/A0/B0/C32/D2/S0 (3.1%) | S125: 1. エルフーン 2. リキキリン 3. ドドゲザン 4. ヤバソチャ 5. ヤミラミ | T125: 6. ユキメノコ 7. ミロカロス 8. オオニューラ 9. ファイアロー 10. カイリュー
A126: 125 | B126: チルタリス | C126: Altaria | D126: 1. まもる (73.9%) 2. おいかぜ (67.7%) 3. ハイパーボイス (52.4%) 4. はねやすめ (34.7%) 5. おにび (30%) 6. ブレイブバード (24.4%) 7. ほろびのうた (17.2%) 8. てだすけ (14.5%) 9. コットンガード (14%) 10. ほのおのうず (10.1%) | E126: 1. チルタリスナイト (56.7%) 2. ロゼルのみ (16.3%) 3. たべのこし (9.3%) 4. オボンのみ (5.9%) 5. きあいのタスキ (5.2%) 6. ひかりのこな (4.2%) 7. ハバンのみ (1%) 8. ヤチェのみ (0.5%) 9. せんせいのツメ (0.3%) 10. こうかくレンズ (0.3%) | F126: 1. ノーてんき (99.8%) 2. しぜんかいふく (0.2%) | G126: 1. ひかえめ +C -A (49.3%) 2. しんちょう +D -C (10.9%) 3. おだやか +D -A (9.3%) 4. わんぱく +B -C (8.6%) 5. ようき +S -C (7.4%) 6. おくびょう +S -A (6.1%) 7. ずぶとい +B -A (3%) 8. れいせい +C -S (2.9%) 9. いじっぱり +A -C (1.2%) 10. なまいき +D -S (1%) | H126: 1. ガオガエン 2. ヤバソチャ 3. イダイトウ 4. グライオン 5. エンペルト 6. ドクロッグ 7. アヤシシ 8. ラウドボーン 9. ガブリアス 10. ドドゲザン | I126: 1. H32/A0/B2/C30/D1/S1 (19%) 2. H32/A0/B19/C0/D15/S0 (6.7%) 3. H32/A0/B0/C32/D0/S2 (6.4%) 4. H32/A0/B0/C0/D32/S0 (5.9%) 5. H32/A0/B2/C32/D0/S0 (4.7%) 6. H0/A32/B0/C0/D0/S32 (3.9%) 7. H2/A0/B0/C32/D32/S0 (3.4%) 8. H13/A0/B15/C32/D6/S0 (3.2%) 9. H1/A0/B1/C32/D32/S0 (2.5%) 10. H17/A0/B0/C32/D5/S12 (2.5%) | J126: 今回は大きな変化なし | K126: 1. まもる (73.9%) 2. おいかぜ (67.7%) 3. ハイパーボイス (52.4%) 4. はねやすめ (34.7%) 5. おにび (30%) | L126: 6. ブレイブバード (24.4%) 7. ほろびのうた (17.2%) 8. てだすけ (14.5%) 9. コットンガード (14%) 10. ほのおのうず (10.1%) | M126: 1. チルタリスナイト (56.7%) 2. ロゼルのみ (16.3%) 3. たべのこし (9.3%) 4. オボンのみ (5.9%) 5. きあいのタスキ (5.2%) | N126: 6. ひかりのこな (4.2%) 7. ハバンのみ (1%) 8. ヤチェのみ (0.5%) 9. せんせいのツメ (0.3%) 10. こうかくレンズ (0.3%) | O126: 1. ひかえめ +C -A (49.3%) 2. しんちょう +D -C (10.9%) 3. おだやか +D -A (9.3%) 4. わんぱく +B -C (8.6%) 5. ようき +S -C (7.4%) | P126: 6. おくびょう +S -A (6.1%) 7. ずぶとい +B -A (3%) 8. れいせい +C -S (2.9%) 9. いじっぱり +A -C (1.2%) 10. なまいき +D -S (1%) | Q126: 1. H32/A0/B2/C30/D1/S1 (19%) 2. H32/A0/B19/C0/D15/S0 (6.7%) 3. H32/A0/B0/C32/D0/S2 (6.4%) 4. H32/A0/B0/C0/D32/S0 (5.9%) 5. H32/A0/B2/C32/D0/S0 (4.7%) | R126: 6. H0/A32/B0/C0/D0/S32 (3.9%) 7. H2/A0/B0/C32/D32/S0 (3.4%) 8. H13/A0/B15/C32/D6/S0 (3.2%) 9. H1/A0/B1/C32/D32/S0 (2.5%) 10. H17/A0/B0/C32/D5/S12 (2.5%) | S126: 1. ガオガエン 2. ヤバソチャ 3. イダイトウ 4. グライオン 5. エンペルト | T126: 6. ドクロッグ 7. アヤシシ 8. ラウドボーン 9. ガブリアス 10. ドドゲザン
A127: 126 | B127: ローブシン | C127: Conkeldurr | D127: 1. れいとうパンチ (85%) 2. ドレインパンチ (51.4%) 3. かみなりパンチ (47.3%) 4. マッハパンチ (40.1%) 5. インファイト (31.4%) 6. どくづき (30%) 7. いわなだれ (26.9%) 8. ワイドガード (24.9%) 9. まもる (22.4%) 10. アームハンマー (10.1%) | E127: 1. いのちのたま (58.5%) 2. たつじんのおび (9.2%) 3. オボンのみ (5.8%) 4. ロゼルのみ (5.8%) 5. たべのこし (5.5%) 6. こうかくレンズ (5.1%) 7. くろおび (3.4%) 8. ラムのみ (2.5%) 9. ちからのハチマキ (2.3%) 10. しろいハーブ (1.2%) | F127: 1. てつのこぶし (50.2%) 2. ちからずく (40.8%) 3. こんじょう (9%) | G127: 1. ゆうかん +A -S (63.8%) 2. いじっぱり +A -C (34.1%) 3. のうてんき +B -D (0.9%) | H127: 1. リキキリン 2. ガオガエン 3. バクーダ 4. ニンフィア 5. コータス 6. クチート 7. プテラ 8. ドドゲザン 9. リザードン 10. ガルーラ | I127: 1. H13/A32/B0/C0/D0/S21 (22.4%) 2. H32/A32/B0/C0/D2/S0 (22.4%) 3. H32/A32/B2/C0/D0/S0 (8.3%) 4. H29/A32/B0/C0/D5/S0 (6.5%) 5. H22/A32/B0/C0/D12/S0 (5.8%) 6. H2/A32/B0/C0/D32/S0 (5.3%) 7. H27/A30/B1/C0/D8/S0 (3%) 8. H32/A30/B0/C0/D4/S0 (3%) 9. H32/A10/B0/C0/D24/S0 (2.3%) 10. H2/A32/B14/C0/D18/S0 (2.1%) | J127: 今回は大きな変化なし | K127: 1. れいとうパンチ (85%) 2. ドレインパンチ (51.4%) 3. かみなりパンチ (47.3%) 4. マッハパンチ (40.1%) 5. インファイト (31.4%) | L127: 6. どくづき (30%) 7. いわなだれ (26.9%) 8. ワイドガード (24.9%) 9. まもる (22.4%) 10. アームハンマー (10.1%) | M127: 1. いのちのたま (58.5%) 2. たつじんのおび (9.2%) 3. オボンのみ (5.8%) 4. ロゼルのみ (5.8%) 5. たべのこし (5.5%) | N127: 6. こうかくレンズ (5.1%) 7. くろおび (3.4%) 8. ラムのみ (2.5%) 9. ちからのハチマキ (2.3%) 10. しろいハーブ (1.2%) | O127: 1. ゆうかん +A -S (63.8%) 2. いじっぱり +A -C (34.1%) | P127: 3. のうてんき +B -D (0.9%) | Q127: 1. H13/A32/B0/C0/D0/S21 (22.4%) 2. H32/A32/B0/C0/D2/S0 (22.4%) 3. H32/A32/B2/C0/D0/S0 (8.3%) 4. H29/A32/B0/C0/D5/S0 (6.5%) 5. H22/A32/B0/C0/D12/S0 (5.8%) | R127: 6. H2/A32/B0/C0/D32/S0 (5.3%) 7. H27/A30/B1/C0/D8/S0 (3%) 8. H32/A30/B0/C0/D4/S0 (3%) 9. H32/A10/B0/C0/D24/S0 (2.3%) 10. H2/A32/B14/C0/D18/S0 (2.1%) | S127: 1. リキキリン 2. ガオガエン 3. バクーダ 4. ニンフィア 5. コータス | T127: 6. クチート 7. プテラ 8. ドドゲザン 9. リザードン 10. ガルーラ
A128: 127 | B128: フレフワン | C128: Aromatisse | D128: 1. トリックルーム (90.4%) 2. ムーンフォース (71.8%) 3. いやしのはどう (40.9%) 4. うそなき (26.8%) 5. まもる (24.3%) 6. マジカルシャイン (22.3%) 7. にほんばれ (21.3%) 8. エナジーボール (17%) 9. あまごい (13.4%) 10. かなしばり (11.1%) | E128: 1. リリバのみ (45.7%) 2. オボンのみ (28.4%) 3. ひかりのこな (7.7%) 4. せんせいのツメ (7.5%) 5. たべのこし (4.5%) 6. ビアーのみ (2.5%) 7. いのちのたま (1.3%) 8. ようせいのハネ (1.1%) 9. ラムのみ (0.9%) 10. きあいのタスキ (0.5%) | F128: 1. アロマベール (91.8%) 2. いやしのこころ (8.2%) | G128: 1. のんき +B -S (38%) 2. れいせい +C -S (34.1%) 3. ずぶとい +B -A (8.2%) 4. ひかえめ +C -A (8%) 5. なまいき +D -S (8%) 6. おだやか +D -A (2.1%) 7. ゆうかん +A -S (1.4%) | H128: 1. リキキリン 2. エルレイド 3. バクーダ 4. コータス 5. クレベース（ヒスイのすがた） 6. ガルーラ 7. カビゴン 8. カメックス 9. ヤバソチャ 10. フシギバナ | I128: 1. H32/A0/B0/C31/D3/S0 (18%) 2. H32/A0/B18/C0/D16/S0 (13%) 3. H32/A0/B2/C32/D0/S0 (10.7%) 4. H2/A0/B24/C32/D8/S0 (7.3%) 5. H32/A0/B9/C0/D25/S0 (7.3%) 6. H32/A0/B25/C2/D7/S0 (6.8%) 7. H32/A0/B20/C0/D14/S0 (5.7%) 8. H28/A0/B27/C0/D11/S0 (4.6%) 9. H32/A0/B32/C2/D0/S0 (3.9%) 10. H32/A0/B0/C32/D2/S0 (3.4%) | J128: 今回は大きな変化なし | K128: 1. トリックルーム (90.4%) 2. ムーンフォース (71.8%) 3. いやしのはどう (40.9%) 4. うそなき (26.8%) 5. まもる (24.3%) | L128: 6. マジカルシャイン (22.3%) 7. にほんばれ (21.3%) 8. エナジーボール (17%) 9. あまごい (13.4%) 10. かなしばり (11.1%) | M128: 1. リリバのみ (45.7%) 2. オボンのみ (28.4%) 3. ひかりのこな (7.7%) 4. せんせいのツメ (7.5%) 5. たべのこし (4.5%) | N128: 6. ビアーのみ (2.5%) 7. いのちのたま (1.3%) 8. ようせいのハネ (1.1%) 9. ラムのみ (0.9%) 10. きあいのタスキ (0.5%) | O128: 1. のんき +B -S (38%) 2. れいせい +C -S (34.1%) 3. ずぶとい +B -A (8.2%) 4. ひかえめ +C -A (8%) | P128: 5. なまいき +D -S (8%) 6. おだやか +D -A (2.1%) 7. ゆうかん +A -S (1.4%) | Q128: 1. H32/A0/B0/C31/D3/S0 (18%) 2. H32/A0/B18/C0/D16/S0 (13%) 3. H32/A0/B2/C32/D0/S0 (10.7%) 4. H2/A0/B24/C32/D8/S0 (7.3%) 5. H32/A0/B9/C0/D25/S0 (7.3%) | R128: 6. H32/A0/B25/C2/D7/S0 (6.8%) 7. H32/A0/B20/C0/D14/S0 (5.7%) 8. H28/A0/B27/C0/D11/S0 (4.6%) 9. H32/A0/B32/C2/D0/S0 (3.9%) 10. H32/A0/B0/C32/D2/S0 (3.4%) | S128: 1. リキキリン 2. エルレイド 3. バクーダ 4. コータス 5. クレベース（ヒスイのすがた） | T128: 6. ガルーラ 7. カビゴン 8. カメックス 9. ヤバソチャ 10. フシギバナ
A129: 128 | B129: ヘラクロス | C129: Heracross | D129: 1. ミサイルばり (96.4%) 2. ロックブラスト (94.1%) 3. インファイト (90.6%) 4. まもる (43.3%) 5. タネマシンガン (37.5%) 6. みきり (27.7%) 7. かわらわり (3.4%) 8. はたきおとす (3.2%) 9. フェイント (1.6%) 10. いわなだれ (1.1%) | E129: 1. ヘラクロスナイト (98.4%) 2. いのちのたま (0.9%) 3. こだわりスカーフ (0.5%) 4. こうかくレンズ (0.2%) | F129: 1. じしんかじょう (58.3%) 2. こんじょう (36.2%) 3. むしのしらせ (5.5%) | G129: 1. いじっぱり +A -C (62%) 2. ゆうかん +A -S (29.7%) 3. ようき +S -C (8.2%) 4. せっかち +S -B (0.2%) | H129: 1. リキキリン 2. エルフーン 3. ガオガエン 4. コータス 5. オオニューラ 6. ガブリアス 7. ドドゲザン 8. ファイアロー 9. ライチュウ 10. ヤバソチャ | I129: 1. H2/A32/B0/C0/D0/S32 (21.1%) 2. H32/A32/B2/C0/D0/S0 (19.2%) 3. H32/A32/B0/C0/D2/S0 (13.7%) 4. H25/A22/B0/C0/D2/S17 (5.3%) 5. H0/A32/B17/C0/D15/S2 (4.3%) 6. H28/A15/B5/C0/D15/S3 (4.1%) 7. H15/A32/B0/C0/D0/S19 (3.9%) 8. H29/A32/B5/C0/D0/S0 (3.7%) 9. H24/A22/B0/C0/D1/S19 (2.8%) 10. H0/A32/B2/C0/D0/S32 (2.7%) | J129: 今回は大きな変化なし | K129: 1. ミサイルばり (96.4%) 2. ロックブラスト (94.1%) 3. インファイト (90.6%) 4. まもる (43.3%) 5. タネマシンガン (37.5%) | L129: 6. みきり (27.7%) 7. かわらわり (3.4%) 8. はたきおとす (3.2%) 9. フェイント (1.6%) 10. いわなだれ (1.1%) | M129: 1. ヘラクロスナイト (98.4%) 2. いのちのたま (0.9%) | N129: 3. こだわりスカーフ (0.5%) 4. こうかくレンズ (0.2%) | O129: 1. いじっぱり +A -C (62%) 2. ゆうかん +A -S (29.7%) | P129: 3. ようき +S -C (8.2%) 4. せっかち +S -B (0.2%) | Q129: 1. H2/A32/B0/C0/D0/S32 (21.1%) 2. H32/A32/B2/C0/D0/S0 (19.2%) 3. H32/A32/B0/C0/D2/S0 (13.7%) 4. H25/A22/B0/C0/D2/S17 (5.3%) 5. H0/A32/B17/C0/D15/S2 (4.3%) | R129: 6. H28/A15/B5/C0/D15/S3 (4.1%) 7. H15/A32/B0/C0/D0/S19 (3.9%) 8. H29/A32/B5/C0/D0/S0 (3.7%) 9. H24/A22/B0/C0/D1/S19 (2.8%) 10. H0/A32/B2/C0/D0/S32 (2.7%) | S129: 1. リキキリン 2. エルフーン 3. ガオガエン 4. コータス 5. オオニューラ | T129: 6. ガブリアス 7. ドドゲザン 8. ファイアロー 9. ライチュウ 10. ヤバソチャ
A130: 129 | B130: ミカルゲ | C130: Spiritomb | D130: 1. トリックルーム (91.2%) 2. おにび (69.8%) 3. イカサマ (66.5%) 4. バークアウト (41.7%) 5. みちづれ (26.7%) 6. いたみわけ (22%) 7. てだすけ (20.9%) 8. サイドチェンジ (10.6%) 9. あくのはどう (9.5%) 10. どくどく (4.8%) | E130: 1. ロゼルのみ (55.1%) 2. オボンのみ (12.5%) 3. きあいのタスキ (9.8%) 4. たべのこし (8.1%) 5. メンタルハーブ (6.3%) 6. いのちのたま (2.9%) 7. あついいわ (1.6%) 8. くろいてっきゅう (1.4%) 9. ラムのみ (0.9%) 10. こうかくレンズ (0.7%) | F130: 1. すりぬけ (78%) 2. プレッシャー (22%) | G130: 1. のんき +B -S (40.3%) 2. なまいき +D -S (29%) 3. れいせい +C -S (10.4%) 4. しんちょう +D -C (9.3%) 5. おだやか +D -A (4.3%) 6. ゆうかん +A -S (3.6%) 7. いじっぱり +A -C (2.9%) 8. ずぶとい +B -A (0.2%) 9. わんぱく +B -C (0.2%) | H130: 1. ガオガエン 2. エルフーン 3. ガブリアス 4. ドドゲザン 5. ジジーロン 6. ゲンガー 7. リザードン 8. ミロカロス 9. クチート 10. ドラミドロ | I130: 1. H32/A0/B22/C0/D12/S0 (16.6%) 2. H32/A0/B17/C0/D17/S0 (15%) 3. H32/A0/B2/C0/D32/S0 (14.8%) 4. H32/A0/B12/C0/D22/S0 (8.2%) 5. H0/A0/B0/C32/D0/S0 (7.9%) 6. H32/A8/B0/C0/D26/S0 (6.4%) 7. H29/A0/B23/C0/D14/S0 (4.7%) 8. H32/A0/B16/C0/D18/S0 (4.3%) 9. H32/A0/B32/C0/D2/S0 (3.4%) 10. H32/A32/B0/C0/D2/S0 (2.9%) | J130: 今回は大きな変化なし | K130: 1. トリックルーム (91.2%) 2. おにび (69.8%) 3. イカサマ (66.5%) 4. バークアウト (41.7%) 5. みちづれ (26.7%) | L130: 6. いたみわけ (22%) 7. てだすけ (20.9%) 8. サイドチェンジ (10.6%) 9. あくのはどう (9.5%) 10. どくどく (4.8%) | M130: 1. ロゼルのみ (55.1%) 2. オボンのみ (12.5%) 3. きあいのタスキ (9.8%) 4. たべのこし (8.1%) 5. メンタルハーブ (6.3%) | N130: 6. いのちのたま (2.9%) 7. あついいわ (1.6%) 8. くろいてっきゅう (1.4%) 9. ラムのみ (0.9%) 10. こうかくレンズ (0.7%) | O130: 1. のんき +B -S (40.3%) 2. なまいき +D -S (29%) 3. れいせい +C -S (10.4%) 4. しんちょう +D -C (9.3%) 5. おだやか +D -A (4.3%) | P130: 6. ゆうかん +A -S (3.6%) 7. いじっぱり +A -C (2.9%) 8. ずぶとい +B -A (0.2%) 9. わんぱく +B -C (0.2%) | Q130: 1. H32/A0/B22/C0/D12/S0 (16.6%) 2. H32/A0/B17/C0/D17/S0 (15%) 3. H32/A0/B2/C0/D32/S0 (14.8%) 4. H32/A0/B12/C0/D22/S0 (8.2%) 5. H0/A0/B0/C32/D0/S0 (7.9%) | R130: 6. H32/A8/B0/C0/D26/S0 (6.4%) 7. H29/A0/B23/C0/D14/S0 (4.7%) 8. H32/A0/B16/C0/D18/S0 (4.3%) 9. H32/A0/B32/C0/D2/S0 (3.4%) 10. H32/A32/B0/C0/D2/S0 (2.9%) | S130: 1. ガオガエン 2. エルフーン 3. ガブリアス 4. ドドゲザン 5. ジジーロン | T130: 6. ゲンガー 7. リザードン 8. ミロカロス 9. クチート 10. ドラミドロ
A131: 130 | B131: レパルダス | C131: Liepard | D131: 1. ねこだまし (95%) 2. アンコール (77.2%) 3. あくび (44%) 4. はたきおとす (41.6%) 5. あまえる (23.7%) 6. イカサマ (20.1%) 7. バークアウト (19.6%) 8. うそなき (18.3%) 9. にほんばれ (16.4%) 10. あまごい (11.2%) | E131: 1. きあいのタスキ (80.4%) 2. ロゼルのみ (7.3%) 3. ヨプのみ (5%) 4. くろいメガネ (2.8%) 5. くろいてっきゅう (2.4%) 6. こうかくレンズ (1.1%) 7. ひかりのこな (0.6%) 8. ラムのみ (0.4%) | F131: 1. いたずらごころ (100%) | G131: 1. ようき +S -C (58.2%) 2. せっかち +S -B (14.2%) 3. おくびょう +S -A (7.3%) 4. ずぶとい +B -A (6.9%) 5. しんちょう +D -C (6.5%) 6. いじっぱり +A -C (5.2%) 7. わんぱく +B -C (1.5%) 8. がんばりや (0.2%) | H131: 1. リザードン 2. イダイトウ 3. ジュナイパー（ヒスイのすがた） 4. プテラ 5. ガブリアス 6. リキキリン 7. メタグロス 8. ムクホーク 9. シャンデラ 10. ゲッコウガ | I131: 1. H2/A32/B0/C0/D0/S32 (44%) 2. H0/A2/B0/C32/D0/S32 (14.2%) 3. H32/A0/B32/C0/D2/S0 (7.8%) 4. H0/A0/B16/C0/D18/S32 (7.1%) 5. H32/A0/B2/C0/D32/S0 (5%) 6. H32/A0/B1/C0/D0/S32 (3.5%) 7. H2/A0/B0/C32/D0/S32 (2.6%) 8. H32/A0/B17/C0/D17/S0 (2.4%) 9. H32/A0/B2/C32/D0/S0 (2.1%) 10. H32/A2/B0/C0/D0/S32 (2.1%) | J131: 順位 100→130 (↓30, C) | K131: 1. ねこだまし (95%) 2. アンコール (77.2%) 3. あくび (44%) 4. はたきおとす (41.6%) 5. あまえる (23.7%) | L131: 6. イカサマ (20.1%) 7. バークアウト (19.6%) 8. うそなき (18.3%) 9. にほんばれ (16.4%) 10. あまごい (11.2%) | M131: 1. きあいのタスキ (80.4%) 2. ロゼルのみ (7.3%) 3. ヨプのみ (5%) 4. くろいメガネ (2.8%) | N131: 5. くろいてっきゅう (2.4%) 6. こうかくレンズ (1.1%) 7. ひかりのこな (0.6%) 8. ラムのみ (0.4%) | O131: 1. ようき +S -C (58.2%) 2. せっかち +S -B (14.2%) 3. おくびょう +S -A (7.3%) 4. ずぶとい +B -A (6.9%) | P131: 5. しんちょう +D -C (6.5%) 6. いじっぱり +A -C (5.2%) 7. わんぱく +B -C (1.5%) 8. がんばりや (0.2%) | Q131: 1. H2/A32/B0/C0/D0/S32 (44%) 2. H0/A2/B0/C32/D0/S32 (14.2%) 3. H32/A0/B32/C0/D2/S0 (7.8%) 4. H0/A0/B16/C0/D18/S32 (7.1%) 5. H32/A0/B2/C0/D32/S0 (5%) | R131: 6. H32/A0/B1/C0/D0/S32 (3.5%) 7. H2/A0/B0/C32/D0/S32 (2.6%) 8. H32/A0/B17/C0/D17/S0 (2.4%) 9. H32/A0/B2/C32/D0/S0 (2.1%) 10. H32/A2/B0/C0/D0/S32 (2.1%) | S131: 1. リザードン 2. イダイトウ 3. ジュナイパー（ヒスイのすがた） 4. プテラ 5. ガブリアス | T131: 6. リキキリン 7. メタグロス 8. ムクホーク 9. シャンデラ 10. ゲッコウガ
A132: 131 | B132: ドサイドン | C132: Rhyperior | D132: 1. いわなだれ (96.4%) 2. まもる (89.6%) 3. １０まんばりき (85.2%) 4. れいとうパンチ (51.1%) 5. じしん (36.7%) 6. アームハンマー (5.6%) 7. がんせきほう (5.2%) 8. かわらわり (5%) 9. ストーンエッジ (4.8%) 10. つるぎのまい (4.2%) | E132: 1. いのちのたま (55.9%) 2. しろいハーブ (9.8%) 3. たべのこし (7.9%) 4. リンドのみ (7.7%) 5. くろいてっきゅう (4%) 6. オボンのみ (3.5%) 7. たつじんのおび (2.7%) 8. きあいのタスキ (2.5%) 9. やわらかいすな (1.7%) 10. かたいいし (1.3%) | F132: 1. ハードロック (75.6%) 2. ひらいしん (23%) 3. すてみ (1.3%) | G132: 1. ゆうかん +A -S (91.2%) 2. いじっぱり +A -C (4.6%) 3. なまいき +D -S (3.3%) | H132: 1. リキキリン 2. コータス 3. ニンフィア 4. ムクホーク 5. ヤレユータン 6. ヤバソチャ 7. クチート 8. カメックス 9. ドドゲザン 10. ガオガエン | I132: 1. H32/A32/B2/C0/D0/S0 (34%) 2. H32/A32/B0/C0/D2/S0 (21.9%) 3. H2/A32/B0/C0/D32/S0 (8.3%) 4. H0/A32/B2/C0/D32/S0 (4.2%) 5. H32/A32/B0/C0/D0/S0 (4.2%) 6. H20/A32/B0/C0/D14/S0 (4%) 7. H26/A30/B0/C0/D10/S0 (4%) 8. H2/A32/B32/C0/D0/S0 (3.1%) 9. H9/A31/B0/C0/D26/S0 (2.1%) 10. H15/A20/B0/C0/D31/S0 (1.9%) | J132: 今回は大きな変化なし | K132: 1. いわなだれ (96.4%) 2. まもる (89.6%) 3. １０まんばりき (85.2%) 4. れいとうパンチ (51.1%) 5. じしん (36.7%) | L132: 6. アームハンマー (5.6%) 7. がんせきほう (5.2%) 8. かわらわり (5%) 9. ストーンエッジ (4.8%) 10. つるぎのまい (4.2%) | M132: 1. いのちのたま (55.9%) 2. しろいハーブ (9.8%) 3. たべのこし (7.9%) 4. リンドのみ (7.7%) 5. くろいてっきゅう (4%) | N132: 6. オボンのみ (3.5%) 7. たつじんのおび (2.7%) 8. きあいのタスキ (2.5%) 9. やわらかいすな (1.7%) 10. かたいいし (1.3%) | O132: 1. ゆうかん +A -S (91.2%) 2. いじっぱり +A -C (4.6%) | P132: 3. なまいき +D -S (3.3%) | Q132: 1. H32/A32/B2/C0/D0/S0 (34%) 2. H32/A32/B0/C0/D2/S0 (21.9%) 3. H2/A32/B0/C0/D32/S0 (8.3%) 4. H0/A32/B2/C0/D32/S0 (4.2%) 5. H32/A32/B0/C0/D0/S0 (4.2%) | R132: 6. H20/A32/B0/C0/D14/S0 (4%) 7. H26/A30/B0/C0/D10/S0 (4%) 8. H2/A32/B32/C0/D0/S0 (3.1%) 9. H9/A31/B0/C0/D26/S0 (2.1%) 10. H15/A20/B0/C0/D31/S0 (1.9%) | S132: 1. リキキリン 2. コータス 3. ニンフィア 4. ムクホーク 5. ヤレユータン | T132: 6. ヤバソチャ 7. クチート 8. カメックス 9. ドドゲザン 10. ガオガエン
A133: 132 | B133: パルデアケンタロス(水) | C133: Tauros-Paldea-Aqua | D133: 1. アクアジェット (94.4%) 2. まもる (88.4%) 3. インファイト (48.4%) 4. いわなだれ (46.3%) 5. レイジングブル (45.9%) 6. じしん (40.5%) 7. ウェーブタックル (16.1%) 8. うっぷんばらし (6.2%) 9. アクアブレイク (2.9%) 10. ワイルドボルト (2.7%) | E133: 1. しろいハーブ (24.4%) 2. いのちのたま (24%) 3. しんぴのしずく (15.1%) 4. かたいいし (12.6%) 5. やわらかいすな (7.8%) 6. オボンのみ (6.8%) 7. かいがらのすず (6%) 8. ちからのハチマキ (1.9%) 9. こだわりスカーフ (1.2%) 10. せんせいのツメ (0.2%) | F133: 1. いかりのつぼ (53.3%) 2. いかく (46.5%) 3. はんすう (0.2%) | G133: 1. いじっぱり +A -C (82.9%) 2. ようき +S -C (14.5%) 3. しんちょう +D -C (2.3%) 4. やんちゃ +A -D (0.2%) | H133: 1. リキキリン 2. カイロス 3. エルフーン 4. ファイアロー 5. ヤバソチャ 6. メタグロス 7. ドドゲザン 8. ユキメノコ 9. ニンフィア 10. ライチュウ | I133: 1. H1/A32/B9/C0/D0/S24 (22.1%) 2. H2/A32/B0/C0/D0/S32 (19.2%) 3. H1/A32/B4/C0/D0/S29 (11.8%) 4. H0/A32/B0/C0/D0/S32 (6.6%) 5. H5/A32/B0/C0/D0/S29 (6.6%) 6. H0/A0/B0/C0/D0/S0 (3.1%) 7. H32/A32/B0/C0/D0/S2 (3.1%) 8. H12/A32/B0/C0/D0/S22 (2.9%) 9. H13/A32/B0/C0/D0/S21 (2.9%) 10. H0/A32/B2/C0/D0/S32 (2.7%) | J133: 今回は大きな変化なし | K133: 1. アクアジェット (94.4%) 2. まもる (88.4%) 3. インファイト (48.4%) 4. いわなだれ (46.3%) 5. レイジングブル (45.9%) | L133: 6. じしん (40.5%) 7. ウェーブタックル (16.1%) 8. うっぷんばらし (6.2%) 9. アクアブレイク (2.9%) 10. ワイルドボルト (2.7%) | M133: 1. しろいハーブ (24.4%) 2. いのちのたま (24%) 3. しんぴのしずく (15.1%) 4. かたいいし (12.6%) 5. やわらかいすな (7.8%) | N133: 6. オボンのみ (6.8%) 7. かいがらのすず (6%) 8. ちからのハチマキ (1.9%) 9. こだわりスカーフ (1.2%) 10. せんせいのツメ (0.2%) | O133: 1. いじっぱり +A -C (82.9%) 2. ようき +S -C (14.5%) | P133: 3. しんちょう +D -C (2.3%) 4. やんちゃ +A -D (0.2%) | Q133: 1. H1/A32/B9/C0/D0/S24 (22.1%) 2. H2/A32/B0/C0/D0/S32 (19.2%) 3. H1/A32/B4/C0/D0/S29 (11.8%) 4. H0/A32/B0/C0/D0/S32 (6.6%) 5. H5/A32/B0/C0/D0/S29 (6.6%) | R133: 6. H0/A0/B0/C0/D0/S0 (3.1%) 7. H32/A32/B0/C0/D0/S2 (3.1%) 8. H12/A32/B0/C0/D0/S22 (2.9%) 9. H13/A32/B0/C0/D0/S21 (2.9%) 10. H0/A32/B2/C0/D0/S32 (2.7%) | S133: 1. リキキリン 2. カイロス 3. エルフーン 4. ファイアロー 5. ヤバソチャ | T133: 6. メタグロス 7. ドドゲザン 8. ユキメノコ 9. ニンフィア 10. ライチュウ
A134: 133 | B134: ジャローダ | C134: Serperior | D134: 1. リーフストーム (100%) 2. まもる (72.2%) 3. りゅうのはどう (57.7%) 4. へびにらみ (46.3%) 5. ギガドレイン (24.8%) 6. ひかりのかべ (23.1%) 7. リフレクター (22.7%) 8. ちょうはつ (13.4%) 9. みがわり (7.4%) 10. いえき (6.2%) | E134: 1. オボンのみ (25%) 2. こうかくレンズ (14.2%) 3. たべのこし (12.9%) 4. きあいのタスキ (9.5%) 5. いのちのたま (7.8%) 6. きせきのタネ (7%) 7. ひかりのねんど (4.9%) 8. オッカのみ (4.2%) 9. こだわりスカーフ (3.6%) 10. ひかりのこな (3.4%) | F134: 1. あまのじゃく (99.4%) 2. しんりょく (0.6%) | G134: 1. おくびょう +S -A (89.4%) 2. ひかえめ +C -A (6%) 3. せっかち +S -B (1.7%) | H134: 1. ミロカロス 2. ガブリアス 3. ソウブレイズ 4. ムクホーク 5. アヤシシ 6. メタグロス 7. ジャラランガ 8. バンギラス 9. サーナイト 10. ドリュウズ | I134: 1. H2/A0/B0/C32/D0/S32 (23.6%) 2. H32/A0/B5/C0/D3/S26 (12.3%) 3. H20/A0/B12/C5/D2/S27 (11.7%) 4. H32/A0/B0/C2/D0/S32 (7.6%) 5. H32/A0/B5/C1/D2/S26 (7.6%) 6. H0/A0/B0/C32/D2/S32 (7%) 7. H1/A0/B0/C32/D0/S32 (5.3%) 8. H1/A0/B1/C32/D0/S32 (2.8%) 9. H2/A0/B16/C0/D16/S32 (2.1%) 10. H0/A0/B2/C32/D0/S32 (1.9%) | J134: 今回は大きな変化なし | K134: 1. リーフストーム (100%) 2. まもる (72.2%) 3. りゅうのはどう (57.7%) 4. へびにらみ (46.3%) 5. ギガドレイン (24.8%) | L134: 6. ひかりのかべ (23.1%) 7. リフレクター (22.7%) 8. ちょうはつ (13.4%) 9. みがわり (7.4%) 10. いえき (6.2%) | M134: 1. オボンのみ (25%) 2. こうかくレンズ (14.2%) 3. たべのこし (12.9%) 4. きあいのタスキ (9.5%) 5. いのちのたま (7.8%) | N134: 6. きせきのタネ (7%) 7. ひかりのねんど (4.9%) 8. オッカのみ (4.2%) 9. こだわりスカーフ (3.6%) 10. ひかりのこな (3.4%) | O134: 1. おくびょう +S -A (89.4%) 2. ひかえめ +C -A (6%) | P134: 3. せっかち +S -B (1.7%) | Q134: 1. H2/A0/B0/C32/D0/S32 (23.6%) 2. H32/A0/B5/C0/D3/S26 (12.3%) 3. H20/A0/B12/C5/D2/S27 (11.7%) 4. H32/A0/B0/C2/D0/S32 (7.6%) 5. H32/A0/B5/C1/D2/S26 (7.6%) | R134: 6. H0/A0/B0/C32/D2/S32 (7%) 7. H1/A0/B0/C32/D0/S32 (5.3%) 8. H1/A0/B1/C32/D0/S32 (2.8%) 9. H2/A0/B16/C0/D16/S32 (2.1%) 10. H0/A0/B2/C32/D0/S32 (1.9%) | S134: 1. ミロカロス 2. ガブリアス 3. ソウブレイズ 4. ムクホーク 5. アヤシシ | T134: 6. メタグロス 7. ジャラランガ 8. バンギラス 9. サーナイト 10. ドリュウズ
A135: 134 | B135: ブリガロン | C135: Chesnaught | D135: 1. ニードルガード (89%) 2. ボディプレス (62%) 3. ウッドハンマー (53.6%) 4. てっぺき (29.5%) 5. ドレインパンチ (29.3%) 6. ワイドガード (27.7%) 7. はらだいこ (24.9%) 8. グラススライダー (17.1%) 9. タネばくだん (13.5%) 10. やどりぎのタネ (10.8%) | E135: 1. ブリガロナイト (80.5%) 2. ウタンのみ (5.8%) 3. じしゃく (5%) 4. たべのこし (4.8%) 5. オッカのみ (3%) 6. ラムのみ (0.6%) 7. オボンのみ (0.4%) | F135: 1. ぼうだん (99.8%) 2. しんりょく (0.2%) | G135: 1. のんき +B -S (40.4%) 2. なまいき +D -S (19.3%) 3. わんぱく +B -C (18.7%) 4. いじっぱり +A -C (17.7%) 5. ゆうかん +A -S (3.6%) 6. しんちょう +D -C (0.2%) | H135: 1. リキキリン 2. ドドゲザン 3. ガオガエン 4. エルフーン 5. バンギラス 6. イダイトウ 7. コータス 8. ヤバソチャ 9. ペリッパー 10. ガルーラ | I135: 1. H32/A2/B32/C0/D0/S0 (13.7%) 2. H30/A0/B4/C0/D32/S0 (11%) 3. H0/A9/B32/C0/D25/S0 (9.8%) 4. H32/A0/B32/C0/D2/S0 (7.2%) 5. H32/A0/B32/C0/D1/S1 (5.8%) 6. H32/A7/B19/C0/D3/S5 (5.6%) 7. H32/A0/B8/C0/D26/S0 (5.2%) 8. H32/A0/B18/C0/D16/S0 (4.8%) 9. H32/A3/B31/C0/D0/S0 (4.4%) 10. H0/A13/B21/C0/D32/S0 (4%) | J135: 今回は大きな変化なし | K135: 1. ニードルガード (89%) 2. ボディプレス (62%) 3. ウッドハンマー (53.6%) 4. てっぺき (29.5%) 5. ドレインパンチ (29.3%) | L135: 6. ワイドガード (27.7%) 7. はらだいこ (24.9%) 8. グラススライダー (17.1%) 9. タネばくだん (13.5%) 10. やどりぎのタネ (10.8%) | M135: 1. ブリガロナイト (80.5%) 2. ウタンのみ (5.8%) 3. じしゃく (5%) 4. たべのこし (4.8%) | N135: 5. オッカのみ (3%) 6. ラムのみ (0.6%) 7. オボンのみ (0.4%) | O135: 1. のんき +B -S (40.4%) 2. なまいき +D -S (19.3%) 3. わんぱく +B -C (18.7%) | P135: 4. いじっぱり +A -C (17.7%) 5. ゆうかん +A -S (3.6%) 6. しんちょう +D -C (0.2%) | Q135: 1. H32/A2/B32/C0/D0/S0 (13.7%) 2. H30/A0/B4/C0/D32/S0 (11%) 3. H0/A9/B32/C0/D25/S0 (9.8%) 4. H32/A0/B32/C0/D2/S0 (7.2%) 5. H32/A0/B32/C0/D1/S1 (5.8%) | R135: 6. H32/A7/B19/C0/D3/S5 (5.6%) 7. H32/A0/B8/C0/D26/S0 (5.2%) 8. H32/A0/B18/C0/D16/S0 (4.8%) 9. H32/A3/B31/C0/D0/S0 (4.4%) 10. H0/A13/B21/C0/D32/S0 (4%) | S135: 1. リキキリン 2. ドドゲザン 3. ガオガエン 4. エルフーン 5. バンギラス | T135: 6. イダイトウ 7. コータス 8. ヤバソチャ 9. ペリッパー 10. ガルーラ
A136: 135 | B136: グレイシア | C136: Glaceon | D136: 1. フリーズドライ (100%) 2. ふぶき (90.8%) 3. まもる (60%) 4. こおりのつぶて (51.2%) 5. みきり (29.5%) 6. シャドーボール (12.9%) 7. こおりのいぶき (11.1%) 8. めいそう (10.2%) 9. ウェザーボール (9.8%) 10. ゆきげしき (6.4%) | E136: 1. とけないこおり (66.2%) 2. たべのこし (11.7%) 3. いのちのたま (8%) 4. オボンのみ (4.5%) 5. ひかりのこな (4.3%) 6. せんせいのツメ (2%) 7. こだわりスカーフ (1.6%) 8. ヨプのみ (1.4%) 9. かいがらのすず (0.2%) 10. きあいのタスキ (0.2%) | F136: 1. ゆきがくれ (86.5%) 2. アイスボディ (13.5%) | G136: 1. ひかえめ +C -A (67.6%) 2. れいせい +C -S (21.5%) 3. おだやか +D -A (4.3%) | H136: 1. ユキメノコ 2. ガブリアス 3. オオニューラ 4. ドドゲザン 5. ファイアロー 6. ガオガエン 7. イダイトウ 8. クチート 9. アシレーヌ 10. ヤドキング（ガラルのすがた） | I136: 1. H25/A0/B2/C30/D0/S9 (32.4%) 2. H32/A0/B2/C32/D0/S0 (12.1%) 3. H32/A0/B0/C32/D2/S0 (11.9%) 4. H2/A0/B0/C32/D32/S0 (6.1%) 5. H32/A0/B0/C32/D0/S2 (5.3%) 6. H17/A0/B0/C19/D19/S11 (4.7%) 7. H25/A0/B0/C32/D0/S9 (2.9%) 8. H32/A0/B20/C0/D14/S0 (2.7%) 9. H19/A0/B0/C32/D15/S0 (2.5%) 10. H29/A0/B5/C32/D0/S0 (2.5%) | J136: 今回は大きな変化なし | K136: 1. フリーズドライ (100%) 2. ふぶき (90.8%) 3. まもる (60%) 4. こおりのつぶて (51.2%) 5. みきり (29.5%) | L136: 6. シャドーボール (12.9%) 7. こおりのいぶき (11.1%) 8. めいそう (10.2%) 9. ウェザーボール (9.8%) 10. ゆきげしき (6.4%) | M136: 1. とけないこおり (66.2%) 2. たべのこし (11.7%) 3. いのちのたま (8%) 4. オボンのみ (4.5%) 5. ひかりのこな (4.3%) | N136: 6. せんせいのツメ (2%) 7. こだわりスカーフ (1.6%) 8. ヨプのみ (1.4%) 9. かいがらのすず (0.2%) 10. きあいのタスキ (0.2%) | O136: 1. ひかえめ +C -A (67.6%) 2. れいせい +C -S (21.5%) | P136: 3. おだやか +D -A (4.3%) | Q136: 1. H25/A0/B2/C30/D0/S9 (32.4%) 2. H32/A0/B2/C32/D0/S0 (12.1%) 3. H32/A0/B0/C32/D2/S0 (11.9%) 4. H2/A0/B0/C32/D32/S0 (6.1%) 5. H32/A0/B0/C32/D0/S2 (5.3%) | R136: 6. H17/A0/B0/C19/D19/S11 (4.7%) 7. H25/A0/B0/C32/D0/S9 (2.9%) 8. H32/A0/B20/C0/D14/S0 (2.7%) 9. H19/A0/B0/C32/D15/S0 (2.5%) 10. H29/A0/B5/C32/D0/S0 (2.5%) | S136: 1. ユキメノコ 2. ガブリアス 3. オオニューラ 4. ドドゲザン 5. ファイアロー | T136: 6. ガオガエン 7. イダイトウ 8. クチート 9. アシレーヌ 10. ヤドキング（ガラルのすがた）
A137: 136 | B137: バリコオル | C137: Mr. Rime | D137: 1. フリーズドライ (90.9%) 2. ねこだまし (81.7%) 3. こおりのいぶき (48.8%) 4. あまえる (40.6%) 5. まもる (24.2%) 6. トリックルーム (17.6%) 7. ぜったいれいど (13.8%) 8. サイコキネシス (11.2%) 9. なりきり (10.2%) 10. スキルスワップ (7.9%) | E137: 1. とけないこおり (53.9%) 2. きあいのタスキ (14.2%) 3. ナモのみ (7.9%) 4. たべのこし (7.4%) 5. くろいてっきゅう (4.7%) 6. オボンのみ (4.2%) 7. オッカのみ (3%) 8. リリバのみ (1.5%) 9. ものしりメガネ (0.8%) 10. せんせいのツメ (0.6%) | F137: 1. バリアフリー (84.3%) 2. アイスボディ (15.5%) 3. ちどりあし (0.2%) | G137: 1. れいせい +C -S (61.2%) 2. おくびょう +S -A (11.9%) 3. のんき +B -S (10.6%) 4. ひかえめ +C -A (7%) 5. ずぶとい +B -A (5.7%) 6. せっかち +S -B (2.6%) 7. おっとり +C -B (0.8%) 8. おだやか +D -A (0.2%) | H137: 1. クチート 2. カラマネロ 3. イダイトウ 4. イッカネズミ 5. ジャラランガ 6. リキキリン 7. コータス 8. ガオガエン 9. ヤバソチャ 10. ライチュウ | I137: 1. H32/A0/B2/C32/D0/S0 (49.3%) 2. H32/A0/B2/C0/D0/S32 (7.6%) 3. H32/A0/B32/C0/D0/S0 (4%) 4. H32/A0/B0/C32/D0/S2 (3.6%) 5. H32/A0/B25/C0/D9/S0 (3.4%) 6. H32/A0/B32/C2/D0/S0 (3.2%) 7. H0/A0/B0/C32/D2/S32 (2.8%) 8. H15/A0/B25/C26/D0/S0 (2.8%) 9. H32/A0/B14/C20/D0/S0 (2.8%) 10. H0/A0/B2/C32/D32/S0 (2.6%) | J137: 今回は大きな変化なし | K137: 1. フリーズドライ (90.9%) 2. ねこだまし (81.7%) 3. こおりのいぶき (48.8%) 4. あまえる (40.6%) 5. まもる (24.2%) | L137: 6. トリックルーム (17.6%) 7. ぜったいれいど (13.8%) 8. サイコキネシス (11.2%) 9. なりきり (10.2%) 10. スキルスワップ (7.9%) | M137: 1. とけないこおり (53.9%) 2. きあいのタスキ (14.2%) 3. ナモのみ (7.9%) 4. たべのこし (7.4%) 5. くろいてっきゅう (4.7%) | N137: 6. オボンのみ (4.2%) 7. オッカのみ (3%) 8. リリバのみ (1.5%) 9. ものしりメガネ (0.8%) 10. せんせいのツメ (0.6%) | O137: 1. れいせい +C -S (61.2%) 2. おくびょう +S -A (11.9%) 3. のんき +B -S (10.6%) 4. ひかえめ +C -A (7%) | P137: 5. ずぶとい +B -A (5.7%) 6. せっかち +S -B (2.6%) 7. おっとり +C -B (0.8%) 8. おだやか +D -A (0.2%) | Q137: 1. H32/A0/B2/C32/D0/S0 (49.3%) 2. H32/A0/B2/C0/D0/S32 (7.6%) 3. H32/A0/B32/C0/D0/S0 (4%) 4. H32/A0/B0/C32/D0/S2 (3.6%) 5. H32/A0/B25/C0/D9/S0 (3.4%) | R137: 6. H32/A0/B32/C2/D0/S0 (3.2%) 7. H0/A0/B0/C32/D2/S32 (2.8%) 8. H15/A0/B25/C26/D0/S0 (2.8%) 9. H32/A0/B14/C20/D0/S0 (2.8%) 10. H0/A0/B2/C32/D32/S0 (2.6%) | S137: 1. クチート 2. カラマネロ 3. イダイトウ 4. イッカネズミ 5. ジャラランガ | T137: 6. リキキリン 7. コータス 8. ガオガエン 9. ヤバソチャ 10. ライチュウ
... A180: 179 | B180: オンバーン | C180: Noivern | D180: 1. おいかぜ (91.8%) 2. りゅうせいぐん (72.5%) 3. まもる (64.9%) 4. エアスラッシュ (63.7%) 5. いかりのまえば (22.2%) 6. ちょうはつ (21.6%) 7. ドラゴンエール (15.8%) 8. ばくおんぱ (12.9%) 9. りゅうのはどう (6.4%) 10. ハイパーボイス (5.8%) | E180: 1. きあいのタスキ (81.9%) 2. こだわりスカーフ (5.8%) 3. たつじんのおび (2.9%) 4. いのちのたま (2.9%) 5. ヤチェのみ (1.2%) 6. しろいハーブ (1.2%) 7. たべのこし (1.2%) 8. こうかくレンズ (1.2%) 9. ラムのみ (0.6%) 10. おうじゃのしるし (0.6%) | F180: 1. おみとおし (45.6%) 2. すりぬけ (33.3%) 3. テレパシー (21.1%) | G180: 1. おくびょう +S -A (81.9%) 2. ひかえめ +C -A (17%) 3. せっかち +S -B (0.6%) 4. おだやか +D -A (0.6%) | H180: 1. ドドゲザン 2. ガオガエン 3. リザードン 4. イダイトウ 5. ライチュウ 6. ヤバソチャ 7. ガブリアス 8. ミロカロス 9. デカヌチャン 10. ヘラクロス | I180: 1. H2/A0/B0/C32/D0/S32 (79.5%) 2. H29/A0/B0/C32/D0/S5 (5.8%) 3. H0/A0/B2/C32/D0/S32 (2.9%) 4. H4/A0/B0/C29/D3/S30 (2.3%) 5. H32/A0/B2/C0/D0/S32 (2.3%) 6. H1/A0/B1/C32/D0/S32 (1.8%) 7. H0/A0/B0/C32/D2/S32 (1.2%) 8. H12/A0/B0/C23/D4/S27 (1.2%) 9. H22/A0/B0/C14/D0/S30 (1.2%) 10. H0/A0/B14/C22/D0/S30 (0.6%) | J180: 今回は大きな変化なし | K180: 1. おいかぜ (91.8%) 2. りゅうせいぐん (72.5%) 3. まもる (64.9%) 4. エアスラッシュ (63.7%) 5. いかりのまえば (22.2%) | L180: 6. ちょうはつ (21.6%) 7. ドラゴンエール (15.8%) 8. ばくおんぱ (12.9%) 9. りゅうのはどう (6.4%) 10. ハイパーボイス (5.8%) | M180: 1. きあいのタスキ (81.9%) 2. こだわりスカーフ (5.8%) 3. たつじんのおび (2.9%) 4. いのちのたま (2.9%) 5. ヤチェのみ (1.2%) | N180: 6. しろいハーブ (1.2%) 7. たべのこし (1.2%) 8. こうかくレンズ (1.2%) 9. ラムのみ (0.6%) 10. おうじゃのしるし (0.6%) | O180: 1. おくびょう +S -A (81.9%) 2. ひかえめ +C -A (17%) | P180: 3. せっかち +S -B (0.6%) 4. おだやか +D -A (0.6%) | Q180: 1. H2/A0/B0/C32/D0/S32 (79.5%) 2. H29/A0/B0/C32/D0/S5 (5.8%) 3. H0/A0/B2/C32/D0/S32 (2.9%) 4. H4/A0/B0/C29/D3/S30 (2.3%) 5. H32/A0/B2/C0/D0/S32 (2.3%) | R180: 6. H1/A0/B1/C32/D0/S32 (1.8%) 7. H0/A0/B0/C32/D2/S32 (1.2%) 8. H12/A0/B0/C23/D4/S27 (1.2%) 9. H22/A0/B0/C14/D0/S30 (1.2%) 10. H0/A0/B14/C22/D0/S30 (0.6%) | S180: 1. ドドゲザン 2. ガオガエン 3. リザードン 4. イダイトウ 5. ライチュウ | T180: 6. ヤバソチャ 7. ガブリアス 8. ミロカロス 9. デカヌチャン 10. ヘラクロス
A181: 180 | B181: スピアー | C181: Beedrill | D181: 1. まもる (80.7%) 2. どくづき (76.6%) 3. とんぼがえり (69.6%) 4. とびかかる (46.2%) 5. ドリルライナー (40.9%) 6. かわらわり (33.9%) 7. はたきおとす (24%) 8. クロスポイズン (23.4%) 9. とどめばり (4.1%) 10. どくびし (0.6%) | E181: 1. スピアナイト (100%) | F181: 1. むしのしらせ (52.6%) 2. スナイパー (47.4%) | G181: 1. いじっぱり +A -C (77.2%) 2. ようき +S -C (22.8%) | H181: 1. リキキリン 2. エルフーン 3. ドドゲザン 4. ラグラージ 5. ペリッパー 6. ブリジュラス 7. ガブリアス 8. ガオガエン 9. オオニューラ 10. ウルガモス | I181: 1. H2/A32/B0/C0/D0/S32 (34.5%) 2. H0/A30/B5/C0/D0/S31 (27.5%) 3. H32/A24/B0/C0/D0/S10 (12.9%) 4. H32/A25/B0/C0/D8/S1 (9.9%) 5. H0/A32/B0/C0/D2/S32 (8.2%) 6. H0/A32/B2/C0/D0/S32 (5.3%) 7. H11/A32/B5/C0/D0/S18 (1.2%) 8. H1/A32/B0/C0/D1/S32 (0.6%) | J181: 今回は大きな変化なし | K181: 1. まもる (80.7%) 2. どくづき (76.6%) 3. とんぼがえり (69.6%) 4. とびかかる (46.2%) 5. ドリルライナー (40.9%) | L181: 6. かわらわり (33.9%) 7. はたきおとす (24%) 8. クロスポイズン (23.4%) 9. とどめばり (4.1%) 10. どくびし (0.6%) | M181: 1. スピアナイト (100%) | O181: 1. いじっぱり +A -C (77.2%) | P181: 2. ようき +S -C (22.8%) | Q181: 1. H2/A32/B0/C0/D0/S32 (34.5%) 2. H0/A30/B5/C0/D0/S31 (27.5%) 3. H32/A24/B0/C0/D0/S10 (12.9%) 4. H32/A25/B0/C0/D8/S1 (9.9%) | R181: 5. H0/A32/B0/C0/D2/S32 (8.2%) 6. H0/A32/B2/C0/D0/S32 (5.3%) 7. H11/A32/B5/C0/D0/S18 (1.2%) 8. H1/A32/B0/C0/D1/S32 (0.6%) | S181: 1. リキキリン 2. エルフーン 3. ドドゲザン 4. ラグラージ 5. ペリッパー | T181: 6. ブリジュラス 7. ガブリアス 8. ガオガエン 9. オオニューラ 10. ウルガモス
A182: 181 | B182: ナゲツケサル | C182: Passimian | D182: 1. はたきおとす (79.1%) 2. インファイト (63.3%) 3. まもる (58.2%) 4. はやてがえし (39.9%) 5. ちょうはつ (38.6%) 6. ドレインパンチ (35.4%) 7. いわなだれ (21.5%) 8. フェイント (16.5%) 9. じしん (15.8%) 10. ビルドアップ (12.7%) | E182: 1. いのちのたま (60.8%) 2. たつじんのおび (17.1%) 3. たべのこし (7%) 4. ひかりのこな (5.7%) 5. きあいのタスキ (3.8%) 6. くろおび (2.5%) 7. ヨプのみ (1.3%) 8. せんせいのツメ (0.6%) 9. かたいいし (0.6%) 10. くろいてっきゅう (0.6%) | F182: 1. まけんき (64.6%) 2. レシーバー (35.4%) | G182: 1. いじっぱり +A -C (65.8%) 2. ゆうかん +A -S (20.3%) 3. ようき +S -C (12.7%) 4. わんぱく +B -C (1.3%) | H182: 1. ライチュウ 2. ファイアロー 3. サメハダー 4. アシレーヌ 5. デカヌチャン 6. スターミー 7. リキキリン 8. ドドゲザン 9. ユキノオー 10. オニシズクモ | I182: 1. H2/A32/B0/C0/D0/S32 (39.9%) 2. H32/A32/B2/C0/D0/S0 (19.6%) 3. H16/A32/B0/C0/D0/S18 (15.8%) 4. H18/A20/B0/C0/D21/S7 (7%) 5. H32/A2/B0/C0/D0/S32 (5.7%) 6. H0/A32/B2/C0/D0/S32 (3.8%) 7. H1/A32/B0/C0/D2/S31 (3.2%) 8. H25/A30/B11/C0/D0/S0 (2.5%) 9. H0/A0/B32/C0/D32/S2 (1.3%) 10. H24/A32/B10/C0/D0/S0 (0.6%) | J182: 今回は大きな変化なし | K182: 1. はたきおとす (79.1%) 2. インファイト (63.3%) 3. まもる (58.2%) 4. はやてがえし (39.9%) 5. ちょうはつ (38.6%) | L182: 6. ドレインパンチ (35.4%) 7. いわなだれ (21.5%) 8. フェイント (16.5%) 9. じしん (15.8%) 10. ビルドアップ (12.7%) | M182: 1. いのちのたま (60.8%) 2. たつじんのおび (17.1%) 3. たべのこし (7%) 4. ひかりのこな (5.7%) 5. きあいのタスキ (3.8%) | N182: 6. くろおび (2.5%) 7. ヨプのみ (1.3%) 8. せんせいのツメ (0.6%) 9. かたいいし (0.6%) 10. くろいてっきゅう (0.6%) | O182: 1. いじっぱり +A -C (65.8%) 2. ゆうかん +A -S (20.3%) | P182: 3. ようき +S -C (12.7%) 4. わんぱく +B -C (1.3%) | Q182: 1. H2/A32/B0/C0/D0/S32 (39.9%) 2. H32/A32/B2/C0/D0/S0 (19.6%) 3. H16/A32/B0/C0/D0/S18 (15.8%) 4. H18/A20/B0/C0/D21/S7 (7%) 5. H32/A2/B0/C0/D0/S32 (5.7%) | R182: 6. H0/A32/B2/C0/D0/S32 (3.8%) 7. H1/A32/B0/C0/D2/S31 (3.2%) 8. H25/A30/B11/C0/D0/S0 (2.5%) 9. H0/A0/B32/C0/D32/S2 (1.3%) 10. H24/A32/B10/C0/D0/S0 (0.6%) | S182: 1. ライチュウ 2. ファイアロー 3. サメハダー 4. アシレーヌ 5. デカヌチャン | T182: 6. スターミー 7. リキキリン 8. ドドゲザン 9. ユキノオー 10. オニシズクモ
A183: 182 | B183: サダイジャ | C183: Sandaconda | D183: 1. １０まんばりき (69.7%) 2. とぐろをまく (65.1%) 3. いわなだれ (53.7%) 4. ちいさくなる (49.7%) 5. へびにらみ (49.7%) 6. ボディプレス (25.1%) 7. てっぺき (22.3%) 8. まもる (17.1%) 9. がんせきふうじ (12.6%) 10. すなあらし (10.3%) | E183: 1. ひかりのこな (53.1%) 2. たべのこし (26.3%) 3. きあいのタスキ (13.1%) | F183: 1. すながくれ (75.4%) 2. だっぴ (16%) 3. すなはき (8.6%) | G183: 1. いじっぱり +A -C (46.9%) 2. しんちょう +D -C (27.4%) 3. わんぱく +B -C (18.9%) 4. ようき +S -C (6.9%) | H183: 1. バンギラス 2. ムクホーク 3. アーマーガア 4. コータス 5. バクフーン（ヒスイのすがた） 6. オオニューラ 7. ヤバソチャ 8. ユキノオー 9. ミミッキュ 10. ウォッシュロトム | I183: 1. H32/A32/B2/C0/D0/S0 (42.3%) 2. H32/A0/B2/C0/D32/S0 (16.6%) 3. H2/A0/B32/C0/D32/S0 (7.4%) 4. H32/A0/B2/C0/D0/S32 (7.4%) 5. H32/A0/B0/C0/D32/S0 (6.9%) 6. H32/A2/B0/C0/D32/S0 (6.9%) 7. H0/A32/B2/C0/D32/S0 (4.6%) 8. H0/A32/B2/C0/D0/S32 (2.9%) 9. H32/A14/B0/C0/D20/S0 (1.7%) 10. H0/A2/B32/C0/D32/S0 (1.1%) | J183: 今回は大きな変化なし | K183: 1. １０まんばりき (69.7%) 2. とぐろをまく (65.1%) 3. いわなだれ (53.7%) 4. ちいさくなる (49.7%) 5. へびにらみ (49.7%) | L183: 6. ボディプレス (25.1%) 7. てっぺき (22.3%) 8. まもる (17.1%) 9. がんせきふうじ (12.6%) 10. すなあらし (10.3%) | M183: 1. ひかりのこな (53.1%) 2. たべのこし (26.3%) | N183: 3. きあいのタスキ (13.1%) | O183: 1. いじっぱり +A -C (46.9%) 2. しんちょう +D -C (27.4%) | P183: 3. わんぱく +B -C (18.9%) 4. ようき +S -C (6.9%) | Q183: 1. H32/A32/B2/C0/D0/S0 (42.3%) 2. H32/A0/B2/C0/D32/S0 (16.6%) 3. H2/A0/B32/C0/D32/S0 (7.4%) 4. H32/A0/B2/C0/D0/S32 (7.4%) 5. H32/A0/B0/C0/D32/S0 (6.9%) | R183: 6. H32/A2/B0/C0/D32/S0 (6.9%) 7. H0/A32/B2/C0/D32/S0 (4.6%) 8. H0/A32/B2/C0/D0/S32 (2.9%) 9. H32/A14/B0/C0/D20/S0 (1.7%) 10. H0/A2/B32/C0/D32/S0 (1.1%) | S183: 1. バンギラス 2. ムクホーク 3. アーマーガア 4. コータス 5. バクフーン（ヒスイのすがた） | T183: 6. オオニューラ 7. ヤバソチャ 8. ユキノオー 9. ミミッキュ 10. ウォッシュロトム
A184: 183 | B184: ライボルト | C184: Manectric | D184: 1. まもる (79.1%) 2. バークアウト (68.9%) 3. ボルトチェンジ (53.4%) 4. オーバーヒート (39.9%) 5. かみなり (31.8%) 6. １０まんボルト (25.7%) 7. あまごい (19.6%) 8. かえんほうしゃ (19.6%) 9. かいでんぱ (12.8%) 10. ライジングボルト (11.5%) | E184: 1. ライボルトナイト (57.4%) 2. きあいのタスキ (22.3%) 3. おうじゃのしるし (12.8%) 4. しろいハーブ (2%) 5. いのちのたま (2%) 6. こだわりスカーフ (2%) 7. オボンのみ (1.4%) | F184: 1. ひらいしん (88.5%) 2. マイナス (11.5%) | G184: 1. おくびょう +S -A (91.2%) 2. ひかえめ +C -A (8.8%) | H184: 1. アシレーヌ 2. ファイアロー 3. ニョロトノ 4. アマージョ 5. ブリジュラス 6. ヤミラミ 7. ライチュウ 8. エルフーン 9. オオニューラ 10. ラグラージ | I184: 1. H2/A0/B0/C32/D0/S32 (42.6%) 2. H10/A0/B0/C26/D0/S30 (13.5%) 3. H0/A0/B1/C32/D1/S32 (11.5%) 4. H28/A0/B3/C3/D0/S32 (9.5%) 5. H32/A0/B0/C2/D0/S32 (8.1%) 6. H0/A0/B2/C32/D0/S32 (4.7%) 7. H25/A0/B0/C9/D0/S32 (2.7%) 8. H1/A1/B0/C31/D0/S32 (2%) 9. H32/A0/B1/C0/D1/S32 (2%) 10. H11/A0/B2/C10/D13/S30 (0.7%) | J184: 今回は大きな変化なし | K184: 1. まもる (79.1%) 2. バークアウト (68.9%) 3. ボルトチェンジ (53.4%) 4. オーバーヒート (39.9%) 5. かみなり (31.8%) | L184: 6. １０まんボルト (25.7%) 7. あまごい (19.6%) 8. かえんほうしゃ (19.6%) 9. かいでんぱ (12.8%) 10. ライジングボルト (11.5%) | M184: 1. ライボルトナイト (57.4%) 2. きあいのタスキ (22.3%) 3. おうじゃのしるし (12.8%) 4. しろいハーブ (2%) | N184: 5. いのちのたま (2%) 6. こだわりスカーフ (2%) 7. オボンのみ (1.4%) | O184: 1. おくびょう +S -A (91.2%) | P184: 2. ひかえめ +C -A (8.8%) | Q184: 1. H2/A0/B0/C32/D0/S32 (42.6%) 2. H10/A0/B0/C26/D0/S30 (13.5%) 3. H0/A0/B1/C32/D1/S32 (11.5%) 4. H28/A0/B3/C3/D0/S32 (9.5%) 5. H32/A0/B0/C2/D0/S32 (8.1%) | R184: 6. H0/A0/B2/C32/D0/S32 (4.7%) 7. H25/A0/B0/C9/D0/S32 (2.7%) 8. H1/A1/B0/C31/D0/S32 (2%) 9. H32/A0/B1/C0/D1/S32 (2%) 10. H11/A0/B2/C10/D13/S30 (0.7%) | S184: 1. アシレーヌ 2. ファイアロー 3. ニョロトノ 4. アマージョ 5. ブリジュラス | T184: 6. ヤミラミ 7. ライチュウ 8. エルフーン 9. オオニューラ 10. ラグラージ
A185: 184 | B185: ヒヤッキー | C185: Simipour | D185: 1. ねこだまし (66.3%) 2. ねっとう (53.1%) 3. たきのぼり (33.8%) 4. いわなだれ (33.8%) 5. ばかぢから (33.8%) 6. くさむすび (33.8%) 7. れいとうビーム (33.8%) 8. れいとうパンチ (33.8%) 9. クイックターン (21.9%) 10. こごえるかぜ (21.3%) | E185: 1. オボンのみ (34.4%) 2. こだわりスカーフ (23.1%) 3. しろいハーブ (10%) 4. せんせいのツメ (6.9%) 5. きあいのタスキ (3.8%) 6. おうじゃのしるし (0.6%) | F185: 1. げきりゅう (55.6%) 2. くいしんぼう (44.4%) | G185: 1. おくびょう +S -A (34.4%) 2. ようき +S -C (34.4%) 3. せっかち +S -B (21.3%) 4. むじゃき +S -D (10%) | H185: 1. カメックス 2. シビルドン 3. ラグラージ 4. ペリッパー 5. ビビヨン 6. バクフーン（ヒスイのすがた） 7. コータス 8. ファイアロー 9. アマージョ 10. ヤミラミ | I185: 1. H1/A0/B0/C32/D1/S32 (33.8%) 2. H2/A32/B0/C0/D0/S32 (33.8%) 3. H0/A2/B0/C32/D0/S32 (21.3%) 4. H0/A32/B0/C0/D0/S32 (10%) 5. H1/A32/B0/C0/D1/S32 (0.6%) 6. H32/A0/B0/C2/D0/S32 (0.6%) | J185: 今回は大きな変化なし | K185: 1. ねこだまし (66.3%) 2. ねっとう (53.1%) 3. たきのぼり (33.8%) 4. いわなだれ (33.8%) 5. ばかぢから (33.8%) | L185: 6. くさむすび (33.8%) 7. れいとうビーム (33.8%) 8. れいとうパンチ (33.8%) 9. クイックターン (21.9%) 10. こごえるかぜ (21.3%) | M185: 1. オボンのみ (34.4%) 2. こだわりスカーフ (23.1%) 3. しろいハーブ (10%) | N185: 4. せんせいのツメ (6.9%) 5. きあいのタスキ (3.8%) 6. おうじゃのしるし (0.6%) | O185: 1. おくびょう +S -A (34.4%) 2. ようき +S -C (34.4%) | P185: 3. せっかち +S -B (21.3%) 4. むじゃき +S -D (10%) | Q185: 1. H1/A0/B0/C32/D1/S32 (33.8%) 2. H2/A32/B0/C0/D0/S32 (33.8%) 3. H0/A2/B0/C32/D0/S32 (21.3%) | R185: 4. H0/A32/B0/C0/D0/S32 (10%) 5. H1/A32/B0/C0/D1/S32 (0.6%) 6. H32/A0/B0/C2/D0/S32 (0.6%) | S185: 1. カメックス 2. シビルドン 3. ラグラージ 4. ペリッパー 5. ビビヨン | T185: 6. バクフーン（ヒスイのすがた） 7. コータス 8. ファイアロー 9. アマージョ 10. ヤミラミ
A186: 185 | B186: ドダイトス | C186: Torterra | D186: 1. まもる (52.6%) 2. ワイドガード (51.8%) 3. ウッドハンマー (48.2%) 4. ぶちかまし (38.7%) 5. やどりぎのタネ (29.9%) 6. からをやぶる (26.3%) 7. ボディプレス (26.3%) 8. いわなだれ (24.1%) 9. てっぺき (21.2%) 10. ギガドレイン (10.2%) | E186: 1. たべのこし (26.3%) 2. いのちのたま (24.8%) 3. きあいのタスキ (15.3%) 4. しろいハーブ (10.9%) 5. オボンのみ (10.2%) 6. フォーカスレンズ (8.8%) 7. くろいてっきゅう (2.2%) 8. ひかりのこな (1.5%) | F186: 1. シェルアーマー (64.2%) 2. しんりょく (35.8%) | G186: 1. ゆうかん +A -S (26.3%) 2. わんぱく +B -C (24.8%) 3. いじっぱり +A -C (20.4%) 4. なまいき +D -S (10.9%) 5. おくびょう +S -A (10.2%) 6. のんき +B -S (4.4%) 7. ようき +S -C (2.9%) | H186: 1. ガオガエン 2. ニンフィア 3. リキキリン 4. コータス 5. ズルズキン 6. ドドゲザン 7. イダイトウ 8. ヤミラミ 9. バンギラス 10. ライチュウ | I186: 1. H32/A32/B0/C0/D2/S0 (21.9%) 2. H31/A0/B6/C0/D29/S0 (21.2%) 3. H1/A0/B0/C32/D0/S32 (10.2%) 4. H32/A0/B17/C0/D17/S0 (8.8%) 5. H29/A8/B4/C0/D21/S4 (5.8%) 6. H2/A32/B32/C0/D0/S0 (4.4%) 7. H10/A31/B0/C0/D0/S25 (3.6%) 8. H0/A32/B15/C0/D19/S0 (2.9%) 9. H24/A0/B32/C0/D10/S0 (2.9%) 10. H2/A32/B0/C0/D32/S0 (2.2%) | J186: 今回は大きな変化なし | K186: 1. まもる (52.6%) 2. ワイドガード (51.8%) 3. ウッドハンマー (48.2%) 4. ぶちかまし (38.7%) 5. やどりぎのタネ (29.9%) | L186: 6. からをやぶる (26.3%) 7. ボディプレス (26.3%) 8. いわなだれ (24.1%) 9. てっぺき (21.2%) 10. ギガドレイン (10.2%) | M186: 1. たべのこし (26.3%) 2. いのちのたま (24.8%) 3. きあいのタスキ (15.3%) 4. しろいハーブ (10.9%) | N186: 5. オボンのみ (10.2%) 6. フォーカスレンズ (8.8%) 7. くろいてっきゅう (2.2%) 8. ひかりのこな (1.5%) | O186: 1. ゆうかん +A -S (26.3%) 2. わんぱく +B -C (24.8%) 3. いじっぱり +A -C (20.4%) 4. なまいき +D -S (10.9%) | P186: 5. おくびょう +S -A (10.2%) 6. のんき +B -S (4.4%) 7. ようき +S -C (2.9%) | Q186: 1. H32/A32/B0/C0/D2/S0 (21.9%) 2. H31/A0/B6/C0/D29/S0 (21.2%) 3. H1/A0/B0/C32/D0/S32 (10.2%) 4. H32/A0/B17/C0/D17/S0 (8.8%) 5. H29/A8/B4/C0/D21/S4 (5.8%) | R186: 6. H2/A32/B32/C0/D0/S0 (4.4%) 7. H10/A31/B0/C0/D0/S25 (3.6%) 8. H0/A32/B15/C0/D19/S0 (2.9%) 9. H24/A0/B32/C0/D10/S0 (2.9%) 10. H2/A32/B0/C0/D32/S0 (2.2%) | S186: 1. ガオガエン 2. ニンフィア 3. リキキリン 4. コータス 5. ズルズキン | T186: 6. ドドゲザン 7. イダイトウ 8. ヤミラミ 9. バンギラス 10. ライチュウ
A187: 186 | B187: ラムパルド | C187: Rampardos | D187: 1. いわなだれ (99.3%) 2. まもる (76.9%) 3. アイアンヘッド (54.5%) 4. ほのおのパンチ (42.5%) 5. もろはのずつき (19.4%) 6. れいとうビーム (19.4%) 7. アームハンマー (18.7%) 8. ばかぢから (16.4%) 9. じしん (14.2%) 10. すてみタックル (11.9%) | E187: 1. いのちのたま (65.7%) 2. ちからのハチマキ (14.2%) 3. きあいのタスキ (12.7%) | F187: 1. ちからずく (99.3%) 2. かたやぶり (0.7%) | G187: 1. ゆうかん +A -S (69.4%) 2. さみしがり +A -B (18.7%) 3. いじっぱり +A -C (8.2%) 4. ようき +S -C (3.7%) | H187: 1. リキキリン 2. ガオガエン 3. ニンフィア 4. コータス 5. ヤレユータン 6. ヤバソチャ 7. ミミロップ 8. アマージョ 9. ユキノオー 10. カメックス | I187: 1. H27/A32/B0/C0/D0/S7 (18.7%) 2. H32/A32/B0/C0/D2/S0 (16.4%) 3. H32/A32/B2/C0/D0/S0 (14.2%) 4. H2/A32/B0/C0/D32/S0 (11.9%) 5. H32/A32/B0/C0/D0/S0 (9%) 6. H29/A32/B5/C0/D0/S0 (6.7%) 7. H26/A32/B0/C0/D8/S0 (6%) 8. H0/A32/B0/C0/D32/S0 (4.5%) 9. H1/A25/B15/C0/D25/S0 (4.5%) 10. H8/A16/B0/C0/D10/S32 (3.7%) | J187: 今回は大きな変化なし | K187: 1. いわなだれ (99.3%) 2. まもる (76.9%) 3. アイアンヘッド (54.5%) 4. ほのおのパンチ (42.5%) 5. もろはのずつき (19.4%) | L187: 6. れいとうビーム (19.4%) 7. アームハンマー (18.7%) 8. ばかぢから (16.4%) 9. じしん (14.2%) 10. すてみタックル (11.9%) | M187: 1. いのちのたま (65.7%) 2. ちからのハチマキ (14.2%) | N187: 3. きあいのタスキ (12.7%) | O187: 1. ゆうかん +A -S (69.4%) 2. さみしがり +A -B (18.7%) | P187: 3. いじっぱり +A -C (8.2%) 4. ようき +S -C (3.7%) | Q187: 1. H27/A32/B0/C0/D0/S7 (18.7%) 2. H32/A32/B0/C0/D2/S0 (16.4%) 3. H32/A32/B2/C0/D0/S0 (14.2%) 4. H2/A32/B0/C0/D32/S0 (11.9%) 5. H32/A32/B0/C0/D0/S0 (9%) | R187: 6. H29/A32/B5/C0/D0/S0 (6.7%) 7. H26/A32/B0/C0/D8/S0 (6%) 8. H0/A32/B0/C0/D32/S0 (4.5%) 9. H1/A25/B15/C0/D25/S0 (4.5%) 10. H8/A16/B0/C0/D10/S32 (3.7%) | S187: 1. リキキリン 2. ガオガエン 3. ニンフィア 4. コータス 5. ヤレユータン | T187: 6. ヤバソチャ 7. ミミロップ 8. アマージョ 9. ユキノオー 10. カメックス
A188: 187 | B188: ムシャーナ | C188: Musharna | D188: 1. トリックルーム (96.2%) 2. ムーンフォース (55%) 3. さいみんじゅつ (54.2%) 4. てだすけ (45.8%) 5. ワイドフォース (37.4%) 6. まもる (36.6%) 7. サイコキネシス (27.5%) 8. サイコフィールド (12.2%) 9. つきのひかり (7.6%) 10. ふういん (7.6%) | E188: 1. オボンのみ (29%) 2. カシブのみ (22.1%) 3. まがったスプーン (7.6%) 4. たべのこし (6.9%) 5. メンタルハーブ (4.6%) 6. ナモのみ (3.8%) | F188: 1. テレパシー (94.7%) 2. よちむ (4.6%) 3. シンクロ (0.8%) | G188: 1. おだやか +D -A (30.5%) 2. れいせい +C -S (29%) 3. のんき +B -S (20.6%) 4. ずぶとい +B -A (16.8%) 5. ひかえめ +C -A (1.5%) 6. なまいき +D -S (1.5%) | H188: 1. ヤミラミ 2. プテラ 3. コータス 4. カメックス 5. ブースター 6. メガニウム 7. ヒヤッキー 8. ニンフィア 9. バンバドロ 10. シビルドン | I188: 1. H16/A0/B12/C32/D5/S0 (26%) 2. H32/A0/B14/C2/D18/S0 (19.8%) 3. H32/A0/B15/C0/D19/S0 (14.5%) 4. H29/A0/B25/C0/D12/S0 (12.2%) 5. H0/A0/B32/C32/D2/S0 (7.6%) 6. H13/A0/B25/C0/D28/S0 (3.8%) 7. H26/A0/B25/C0/D15/S0 (3.1%) 8. H32/A0/B2/C32/D0/S0 (2.3%) 9. H32/A0/B16/C0/D18/S0 (2.3%) 10. H32/A0/B19/C4/D11/S0 (2.3%) | J188: 今回は大きな変化なし | K188: 1. トリックルーム (96.2%) 2. ムーンフォース (55%) 3. さいみんじゅつ (54.2%) 4. てだすけ (45.8%) 5. ワイドフォース (37.4%) | L188: 6. まもる (36.6%) 7. サイコキネシス (27.5%) 8. サイコフィールド (12.2%) 9. つきのひかり (7.6%) 10. ふういん (7.6%) | M188: 1. オボンのみ (29%) 2. カシブのみ (22.1%) 3. まがったスプーン (7.6%) | N188: 4. たべのこし (6.9%) 5. メンタルハーブ (4.6%) 6. ナモのみ (3.8%) | O188: 1. おだやか +D -A (30.5%) 2. れいせい +C -S (29%) 3. のんき +B -S (20.6%) | P188: 4. ずぶとい +B -A (16.8%) 5. ひかえめ +C -A (1.5%) 6. なまいき +D -S (1.5%) | Q188: 1. H16/A0/B12/C32/D5/S0 (26%) 2. H32/A0/B14/C2/D18/S0 (19.8%) 3. H32/A0/B15/C0/D19/S0 (14.5%) 4. H29/A0/B25/C0/D12/S0 (12.2%) 5. H0/A0/B32/C32/D2/S0 (7.6%) | R188: 6. H13/A0/B25/C0/D28/S0 (3.8%) 7. H26/A0/B25/C0/D15/S0 (3.1%) 8. H32/A0/B2/C32/D0/S0 (2.3%) 9. H32/A0/B16/C0/D18/S0 (2.3%) 10. H32/A0/B19/C4/D11/S0 (2.3%) | S188: 1. ヤミラミ 2. プテラ 3. コータス 4. カメックス 5. ブースター | T188: 6. メガニウム 7. ヒヤッキー 8. ニンフィア 9. バンバドロ 10. シビルドン
A189: 188 | B189: リーフィア | C189: Leafeon | D189: 1. みきり (89.3%) 2. リーフブレード (83.5%) 3. つばめがえし (42.1%) 4. あなをほる (42.1%) 5. はたきおとす (36.4%) 6. シザークロス (25.6%) 7. ソーラーブレード (23.1%) 8. つるぎのまい (11.6%) 9. あまごい (6.6%) 10. てだすけ (6.6%) | E189: 1. きせきのタネ (45.5%) 2. たつじんのおび (42.1%) 3. ピントレンズ (6.6%) 4. くろいメガネ (3.3%) 5. オボンのみ (0.8%) 6. ヤチェのみ (0.8%) 7. いのちのたま (0.8%) | F189: 1. ようりょくそ (100%) | G189: 1. いじっぱり +A -C (47.9%) 2. ようき +S -C (47.1%) 3. わんぱく +B -C (4.1%) 4. しんちょう +D -C (0.8%) | H189: 1. エルフーン 2. メタグロス 3. ルガルガン（たそがれのすがた） 4. バンギラス 5. コータス 6. ブロスター 7. オオニューラ 8. リザードン 9. ヘルガー 10. サンダース | I189: 1. H2/A32/B0/C0/D0/S32 (56.2%) 2. H0/A32/B2/C0/D0/S32 (20.7%) 3. H32/A32/B2/C0/D0/S0 (6.6%) 4. H0/A32/B22/C0/D0/S12 (4.1%) 5. H22/A32/B2/C0/D10/S0 (4.1%) 6. H19/A32/B0/C0/D0/S15 (3.3%) 7. H32/A32/B0/C0/D0/S2 (1.7%) 8. H3/A32/B11/C0/D7/S13 (0.8%) 9. H16/A16/B0/C0/D25/S9 (0.8%) 10. H23/A32/B0/C0/D11/S0 (0.8%) | J189: 今回は大きな変化なし | K189: 1. みきり (89.3%) 2. リーフブレード (83.5%) 3. つばめがえし (42.1%) 4. あなをほる (42.1%) 5. はたきおとす (36.4%) | L189: 6. シザークロス (25.6%) 7. ソーラーブレード (23.1%) 8. つるぎのまい (11.6%) 9. あまごい (6.6%) 10. てだすけ (6.6%) | M189: 1. きせきのタネ (45.5%) 2. たつじんのおび (42.1%) 3. ピントレンズ (6.6%) 4. くろいメガネ (3.3%) | N189: 5. オボンのみ (0.8%) 6. ヤチェのみ (0.8%) 7. いのちのたま (0.8%) | O189: 1. いじっぱり +A -C (47.9%) 2. ようき +S -C (47.1%) | P189: 3. わんぱく +B -C (4.1%) 4. しんちょう +D -C (0.8%) | Q189: 1. H2/A32/B0/C0/D0/S32 (56.2%) 2. H0/A32/B2/C0/D0/S32 (20.7%) 3. H32/A32/B2/C0/D0/S0 (6.6%) 4. H0/A32/B22/C0/D0/S12 (4.1%) 5. H22/A32/B2/C0/D10/S0 (4.1%) | R189: 6. H19/A32/B0/C0/D0/S15 (3.3%) 7. H32/A32/B0/C0/D0/S2 (1.7%) 8. H3/A32/B11/C0/D7/S13 (0.8%) 9. H16/A16/B0/C0/D25/S9 (0.8%) 10. H23/A32/B0/C0/D11/S0 (0.8%) | S189: 1. エルフーン 2. メタグロス 3. ルガルガン（たそがれのすがた） 4. バンギラス 5. コータス | T189: 6. ブロスター 7. オオニューラ 8. リザードン 9. ヘルガー 10. サンダース
A190: 189 | B190: オーロット | C190: Trevenant | D190: 1. トリックルーム (76.4%) 2. ウッドハンマー (61.8%) 3. ポルターガイスト (46.3%) 4. おにび (40.7%) 5. まもる (36.6%) 6. もりののろい (35.8%) 7. サイドチェンジ (31.7%) 8. ウッドホーン (27.6%) 9. にほんばれ (11.4%) 10. のろい (6.5%) | E190: 1. オボンのみ (69.1%) 2. くろいてっきゅう (13.8%) 3. ナモのみ (8.1%) 4. きあいのタスキ (3.3%) 5. のろいのおふだ (2.4%) 6. メンタルハーブ (1.6%) 7. ラムのみ (0.8%) 8. オッカのみ (0.8%) | F190: 1. しゅうかく (73.2%) 2. おみとおし (26.8%) | G190: 1. ゆうかん +A -S (33.3%) 2. わんぱく +B -C (22%) 3. なまいき +D -S (13.8%) 4. のんき +B -S (13.8%) 5. しんちょう +D -C (13%) 6. いじっぱり +A -C (4.1%) | H190: 1. コータス 2. ガオガエン 3. クチート 4. バンギラス 5. ハカドッグ 6. リザードン 7. オオニューラ 8. ペリッパー 9. リキキリン 10. オーロンゲ | I190: 1. H32/A32/B2/C0/D0/S0 (14.6%) 2. H24/A0/B24/C0/D18/S0 (13.8%) 3. H32/A0/B15/C0/D19/S0 (13%) 4. H32/A0/B24/C0/D10/S0 (11.4%) 5. H32/A10/B15/C0/D9/S0 (9.8%) 6. H31/A3/B14/C0/D18/S0 (8.1%) 7. H32/A0/B5/C0/D29/S0 (8.1%) 8. H32/A0/B16/C0/D18/S0 (5.7%) 9. H32/A32/B0/C0/D2/S0 (4.9%) 10. H2/A32/B32/C0/D0/S0 (4.1%) | J190: 今回は大きな変化なし | K190: 1. トリックルーム (76.4%) 2. ウッドハンマー (61.8%) 3. ポルターガイスト (46.3%) 4. おにび (40.7%) 5. まもる (36.6%) | L190: 6. もりののろい (35.8%) 7. サイドチェンジ (31.7%) 8. ウッドホーン (27.6%) 9. にほんばれ (11.4%) 10. のろい (6.5%) | M190: 1. オボンのみ (69.1%) 2. くろいてっきゅう (13.8%) 3. ナモのみ (8.1%) 4. きあいのタスキ (3.3%) | N190: 5. のろいのおふだ (2.4%) 6. メンタルハーブ (1.6%) 7. ラムのみ (0.8%) 8. オッカのみ (0.8%) | O190: 1. ゆうかん +A -S (33.3%) 2. わんぱく +B -C (22%) 3. なまいき +D -S (13.8%) | P190: 4. のんき +B -S (13.8%) 5. しんちょう +D -C (13%) 6. いじっぱり +A -C (4.1%) | Q190: 1. H32/A32/B2/C0/D0/S0 (14.6%) 2. H24/A0/B24/C0/D18/S0 (13.8%) 3. H32/A0/B15/C0/D19/S0 (13%) 4. H32/A0/B24/C0/D10/S0 (11.4%) 5. H32/A10/B15/C0/D9/S0 (9.8%) | R190: 6. H31/A3/B14/C0/D18/S0 (8.1%) 7. H32/A0/B5/C0/D29/S0 (8.1%) 8. H32/A0/B16/C0/D18/S0 (5.7%) 9. H32/A32/B0/C0/D2/S0 (4.9%) 10. H2/A32/B32/C0/D0/S0 (4.1%) | S190: 1. コータス 2. ガオガエン 3. クチート 4. バンギラス 5. ハカドッグ | T190: 6. リザードン 7. オオニューラ 8. ペリッパー 9. リキキリン 10. オーロンゲ
A191: 190 | B191: ヌメルゴン | C191: Goodra | D191: 1. れいとうビーム (70%) 2. まもる (50.8%) 3. りゅうせいぐん (48.3%) 4. かえんほうしゃ (44.2%) 5. １０まんボルト (36.7%) 6. ギガドレイン (31.7%) 7. ウェザーボール (25%) 8. フェイント (18.3%) 9. かみなり (13.3%) 10. いのちのしずく (10%) | E191: 1. ハバンのみ (43.3%) 2. こだわりスカーフ (26.7%) 3. たべのこし (14.2%) 4. しろいハーブ (10.8%) 5. オボンのみ (2.5%) 6. かいがらのすず (1.7%) 7. フォーカスレンズ (0.8%) | F191: 1. そうしょく (71.7%) 2. うるおいボディ (19.2%) 3. ぬめぬめ (9.2%) | G191: 1. ひかえめ +C -A (57.5%) 2. れいせい +C -S (21.7%) 3. ずぶとい +B -A (9.2%) 4. なまいき +D -S (5.8%) 5. さみしがり +A -B (1.7%) 6. のんき +B -S (1.7%) 7. わんぱく +B -C (1.7%) 8. いじっぱり +A -C (0.8%) | H191: 1. ニンフィア 2. ヤレユータン 3. ハッサム 4. ルカリオ 5. サメハダー 6. バンギラス 7. オーロンゲ 8. アーマーガア 9. キラフロル 10. ハカドッグ | I191: 1. H6/A0/B8/C32/D0/S20 (25%) 2. H32/A0/B2/C32/D0/S0 (24.2%) 3. H32/A0/B0/C32/D2/S0 (19.2%) 4. H0/A0/B0/C32/D32/S0 (9.2%) 5. H32/A0/B22/C0/D12/S0 (5.8%) 6. H32/A0/B23/C11/D0/S0 (4.2%) 7. H32/A0/B32/C2/D0/S0 (2.5%) 8. H0/A32/B2/C0/D0/S32 (1.7%) 9. H25/A0/B11/C30/D0/S0 (1.7%) 10. H32/A11/B23/C0/D0/S0 (1.7%) | J191: 今回は大きな変化なし | K191: 1. れいとうビーム (70%) 2. まもる (50.8%) 3. りゅうせいぐん (48.3%) 4. かえんほうしゃ (44.2%) 5. １０まんボルト (36.7%) | L191: 6. ギガドレイン (31.7%) 7. ウェザーボール (25%) 8. フェイント (18.3%) 9. かみなり (13.3%) 10. いのちのしずく (10%) | M191: 1. ハバンのみ (43.3%) 2. こだわりスカーフ (26.7%) 3. たべのこし (14.2%) 4. しろいハーブ (10.8%) | N191: 5. オボンのみ (2.5%) 6. かいがらのすず (1.7%) 7. フォーカスレンズ (0.8%) | O191: 1. ひかえめ +C -A (57.5%) 2. れいせい +C -S (21.7%) 3. ずぶとい +B -A (9.2%) 4. なまいき +D -S (5.8%) | P191: 5. さみしがり +A -B (1.7%) 6. のんき +B -S (1.7%) 7. わんぱく +B -C (1.7%) 8. いじっぱり +A -C (0.8%) | Q191: 1. H6/A0/B8/C32/D0/S20 (25%) 2. H32/A0/B2/C32/D0/S0 (24.2%) 3. H32/A0/B0/C32/D2/S0 (19.2%) 4. H0/A0/B0/C32/D32/S0 (9.2%) 5. H32/A0/B22/C0/D12/S0 (5.8%) | R191: 6. H32/A0/B23/C11/D0/S0 (4.2%) 7. H32/A0/B32/C2/D0/S0 (2.5%) 8. H0/A32/B2/C0/D0/S32 (1.7%) 9. H25/A0/B11/C30/D0/S0 (1.7%) 10. H32/A11/B23/C0/D0/S0 (1.7%) | S191: 1. ニンフィア 2. ヤレユータン 3. ハッサム 4. ルカリオ 5. サメハダー | T191: 6. バンギラス 7. オーロンゲ 8. アーマーガア 9. キラフロル 10. ハカドッグ
A192: 191 | B192: ホルード | C192: Diggersby | D192: 1. まもる (75.5%) 2. １０まんばりき (54.7%) 3. じしん (50%) 4. でんこうせっか (49.1%) 5. いわなだれ (38.7%) 6. れいとうパンチ (30.2%) 7. のしかかり (27.4%) 8. イカサマ (26.4%) 9. がんせきふうじ (13.2%) 10. ワイルドボルト (12.3%) | E192: 1. いのちのたま (45.3%) 2. きあいのタスキ (21.7%) 3. こだわりスカーフ (17.9%) 4. ラムのみ (8.5%) 5. ヨプのみ (1.9%) 6. やわらかいすな (1.9%) 7. たつじんのおび (1.9%) 8. ひかりのこな (0.9%) | F192: 1. ちからもち (100%) | G192: 1. いじっぱり +A -C (55.7%) 2. ようき +S -C (21.7%) 3. やんちゃ +A -D (21.7%) 4. ゆうかん +A -S (0.9%) | H192: 1. ファイアロー 2. サーフゴー 3. リキキリン 4. クチート 5. フシギバナ 6. オーロンゲ 7. イダイトウ 8. コータス 9. リザードン 10. ムクホーク | I192: 1. H32/A32/B0/C0/D0/S2 (21.7%) 2. H0/A32/B2/C0/D0/S32 (19.8%) 3. H1/A32/B0/C0/D1/S32 (13.2%) 4. H28/A32/B6/C0/D0/S0 (13.2%) 5. H2/A32/B0/C0/D0/S32 (8.5%) 6. H32/A32/B0/C0/D2/S0 (8.5%) 7. H0/A32/B1/C0/D1/S32 (7.5%) 8. H1/A32/B1/C0/D0/S32 (2.8%) 9. H32/A32/B2/C0/D0/S0 (2.8%) 10. H0/A32/B0/C0/D20/S14 (1.9%) | J192: 今回は大きな変化なし | K192: 1. まもる (75.5%) 2. １０まんばりき (54.7%) 3. じしん (50%) 4. でんこうせっか (49.1%) 5. いわなだれ (38.7%) | L192: 6. れいとうパンチ (30.2%) 7. のしかかり (27.4%) 8. イカサマ (26.4%) 9. がんせきふうじ (13.2%) 10. ワイルドボルト (12.3%) | M192: 1. いのちのたま (45.3%) 2. きあいのタスキ (21.7%) 3. こだわりスカーフ (17.9%) 4. ラムのみ (8.5%) | N192: 5. ヨプのみ (1.9%) 6. やわらかいすな (1.9%) 7. たつじんのおび (1.9%) 8. ひかりのこな (0.9%) | O192: 1. いじっぱり +A -C (55.7%) 2. ようき +S -C (21.7%) | P192: 3. やんちゃ +A -D (21.7%) 4. ゆうかん +A -S (0.9%) | Q192: 1. H32/A32/B0/C0/D0/S2 (21.7%) 2. H0/A32/B2/C0/D0/S32 (19.8%) 3. H1/A32/B0/C0/D1/S32 (13.2%) 4. H28/A32/B6/C0/D0/S0 (13.2%) 5. H2/A32/B0/C0/D0/S32 (8.5%) | R192: 6. H32/A32/B0/C0/D2/S0 (8.5%) 7. H0/A32/B1/C0/D1/S32 (7.5%) 8. H1/A32/B1/C0/D0/S32 (2.8%) 9. H32/A32/B2/C0/D0/S0 (2.8%) 10. H0/A32/B0/C0/D20/S14 (1.9%) | S192: 1. ファイアロー 2. サーフゴー 3. リキキリン 4. クチート 5. フシギバナ | T192: 6. オーロンゲ 7. イダイトウ 8. コータス 9. リザードン 10. ムクホーク
A193: 192 | B193: エモンガ | C193: Emolga | D193: 1. ほっぺすりすり (78.3%) 2. エレキネット (75%) 3. ちょうはつ (67.4%) 4. ボルトチェンジ (27.2%) 5. アンコール (26.1%) 6. てだすけ (26.1%) 7. エアスラッシュ (23.9%) 8. アクロバット (20.7%) 9. ほうでん (14.1%) 10. きりばらい (13%) | E193: 1. きあいのタスキ (33.7%) 2. こだわりスカーフ (27.2%) 3. ひかりのこな (18.5%) | F193: 1. せいでんき (57.6%) 2. でんきエンジン (42.4%) | G193: 1. おくびょう +S -A (30.4%) 2. うっかりや +C -D (22.8%) 3. ひかえめ +C -A (19.6%) 4. ようき +S -C (13%) 5. せっかち +S -B (7.6%) 6. むじゃき +S -D (6.5%) | H193: 1. ガブリアス 2. ガオガエン 3. ミロカロス 4. クチート 5. ミミロップ 6. グレンアルマ 7. フラエッテ（えいえんのはな） 8. イダイトウ 9. ドドゲザン 10. ヤバソチャ | I193: 1. H1/A0/B1/C32/D0/S32 (22.8%) 2. H2/A32/B0/C0/D0/S32 (20.7%) 3. H32/A0/B1/C0/D1/S32 (18.5%) 4. H2/A0/B0/C32/D0/S32 (17.4%) 5. H2/A0/B7/C25/D0/S32 (9.8%) 6. H0/A2/B0/C32/D0/S32 (6.5%) 7. H0/A0/B13/C21/D0/S32 (4.3%) | J193: 今回は大きな変化なし | K193: 1. ほっぺすりすり (78.3%) 2. エレキネット (75%) 3. ちょうはつ (67.4%) 4. ボルトチェンジ (27.2%) 5. アンコール (26.1%) | L193: 6. てだすけ (26.1%) 7. エアスラッシュ (23.9%) 8. アクロバット (20.7%) 9. ほうでん (14.1%) 10. きりばらい (13%) | M193: 1. きあいのタスキ (33.7%) 2. こだわりスカーフ (27.2%) | N193: 3. ひかりのこな (18.5%) | O193: 1. おくびょう +S -A (30.4%) 2. うっかりや +C -D (22.8%) 3. ひかえめ +C -A (19.6%) | P193: 4. ようき +S -C (13%) 5. せっかち +S -B (7.6%) 6. むじゃき +S -D (6.5%) | Q193: 1. H1/A0/B1/C32/D0/S32 (22.8%) 2. H2/A32/B0/C0/D0/S32 (20.7%) 3. H32/A0/B1/C0/D1/S32 (18.5%) 4. H2/A0/B0/C32/D0/S32 (17.4%) | R193: 5. H2/A0/B7/C25/D0/S32 (9.8%) 6. H0/A2/B0/C32/D0/S32 (6.5%) 7. H0/A0/B13/C21/D0/S32 (4.3%) | S193: 1. ガブリアス 2. ガオガエン 3. ミロカロス 4. クチート 5. ミミロップ | T193: 6. グレンアルマ 7. フラエッテ（えいえんのはな） 8. イダイトウ 9. ドドゲザン 10. ヤバソチャ
... A208: 207 | B208: ポットデス | C208: Polteageist | D208: 1. からをやぶる (100%) 2. シャドーボール (88.9%) 3. ギガドレイン (65.1%) 4. バトンタッチ (39.7%) 5. サイコキネシス (34.9%) 6. アシストパワー (33.3%) 7. ちからをすいとる (23.8%) 8. たたりめ (11.1%) 9. おにび (3.2%) | E208: 1. きあいのタスキ (54%) 2. しろいハーブ (46%) | F208: 1. くだけるよろい (71.4%) 2. のろわれボディ (28.6%) | G208: 1. ひかえめ +C -A (61.9%) 2. ずぶとい +B -A (31.7%) 3. おだやか +D -A (3.2%) | H208: 1. イッカネズミ 2. リザードン 3. エルフーン 4. ミミッキュ 5. ミミロップ 6. ラグラージ 7. ヤミラミ 8. ガオガエン 9. リキキリン 10. メガニウム | I208: 1. H2/A0/B0/C32/D0/S32 (36.5%) 2. H24/A0/B24/C0/D0/S18 (20.6%) 3. H0/A0/B2/C32/D0/S32 (19%) 4. H32/A0/B32/C2/D0/S0 (11.1%) 5. H24/A0/B18/C0/D0/S24 (6.3%) 6. H23/A0/B0/C0/D32/S11 (3.2%) 7. H0/A2/B0/C32/D0/S32 (1.6%) 8. H24/A0/B24/C0/D18/S0 (1.6%) | J208: 今回は大きな変化なし | K208: 1. からをやぶる (100%) 2. シャドーボール (88.9%) 3. ギガドレイン (65.1%) 4. バトンタッチ (39.7%) 5. サイコキネシス (34.9%) | L208: 6. アシストパワー (33.3%) 7. ちからをすいとる (23.8%) 8. たたりめ (11.1%) 9. おにび (3.2%) | M208: 1. きあいのタスキ (54%) | N208: 2. しろいハーブ (46%) | O208: 1. ひかえめ +C -A (61.9%) 2. ずぶとい +B -A (31.7%) | P208: 3. おだやか +D -A (3.2%) | Q208: 1. H2/A0/B0/C32/D0/S32 (36.5%) 2. H24/A0/B24/C0/D0/S18 (20.6%) 3. H0/A0/B2/C32/D0/S32 (19%) 4. H32/A0/B32/C2/D0/S0 (11.1%) | R208: 5. H24/A0/B18/C0/D0/S24 (6.3%) 6. H23/A0/B0/C0/D32/S11 (3.2%) 7. H0/A2/B0/C32/D0/S32 (1.6%) 8. H24/A0/B24/C0/D18/S0 (1.6%) | S208: 1. イッカネズミ 2. リザードン 3. エルフーン 4. ミミッキュ 5. ミミロップ | T208: 6. ラグラージ 7. ヤミラミ 8. ガオガエン 9. リキキリン 10. メガニウム
A209: 208 | B209: モルペコ | C209: Morpeko | D209: 1. ねこだまし (100%) 2. オーラぐるま (100%) 3. まもる (61.4%) 4. かわらわり (35.1%) 5. すてゼリフ (33.3%) 6. いばる (31.6%) 7. ちょうはつ (17.5%) 8. いかりのまえば (10.5%) 9. エレキネット (5.3%) 10. はたきおとす (3.5%) | E209: 1. きあいのタスキ (100%) | F209: 1. はらぺこスイッチ (100%) | G209: 1. いじっぱり +A -C (52.6%) 2. ようき +S -C (47.4%) | H209: 1. リザードン 2. ニンフィア 3. プテラ 4. グライオン 5. ドドゲザン 6. アマージョ 7. エルフーン 8. ムクホーク 9. マンムー 10. イダイトウ | I209: 1. H2/A32/B0/C0/D0/S32 (64.9%) 2. H1/A25/B4/C0/D4/S32 (31.6%) 3. H0/A32/B0/C0/D0/S32 (3.5%) | J209: 今回は大きな変化なし | K209: 1. ねこだまし (100%) 2. オーラぐるま (100%) 3. まもる (61.4%) 4. かわらわり (35.1%) 5. すてゼリフ (33.3%) | L209: 6. いばる (31.6%) 7. ちょうはつ (17.5%) 8. いかりのまえば (10.5%) 9. エレキネット (5.3%) 10. はたきおとす (3.5%) | M209: 1. きあいのタスキ (100%) | O209: 1. いじっぱり +A -C (52.6%) | P209: 2. ようき +S -C (47.4%) | Q209: 1. H2/A32/B0/C0/D0/S32 (64.9%) 2. H1/A25/B4/C0/D4/S32 (31.6%) | R209: 3. H0/A32/B0/C0/D0/S32 (3.5%) | S209: 1. リザードン 2. ニンフィア 3. プテラ 4. グライオン 5. ドドゲザン | T209: 6. アマージョ 7. エルフーン 8. ムクホーク 9. マンムー 10. イダイトウ
A210: 209 | B210: アブソル | C210: Absol | D210: 1. ふいうち (98.2%) 2. インファイト (77.2%) 3. みきり (71.9%) 4. いわなだれ (59.6%) 5. れいとうビーム (21.1%) 6. まもる (17.5%) 7. ストーンエッジ (17.5%) 8. サイコカッター (8.8%) 9. つじぎり (7%) 10. じごくづき (7%) | E210: 1. アブソルナイト (40.4%) 2. いのちのたま (29.8%) 3. かたいいし (14%) | F210: 1. せいぎのこころ (84.2%) 2. きょううん (8.8%) 3. プレッシャー (7%) | G210: 1. ゆうかん +A -S (64.9%) 2. むじゃき +S -D (19.3%) 3. ようき +S -C (7%) | H210: 1. イダイトウ 2. リキキリン 3. ガルーラ 4. バクーダ 5. ドドゲザン 6. ミミッキュ 7. ガブリアス 8. リザードン 9. カラマネロ 10. エルフーン | I210: 1. H27/A32/B4/C0/D3/S0 (40.4%) 2. H31/A7/B2/C6/D0/S20 (17.5%) 3. H0/A32/B17/C0/D17/S0 (10.5%) 4. H2/A32/B0/C0/D0/S32 (7%) 5. H28/A32/B3/C0/D3/S0 (7%) 6. H32/A32/B0/C0/D2/S0 (5.3%) 7. H31/A32/B0/C0/D0/S3 (3.5%) 8. H0/A29/B0/C9/D0/S28 (1.8%) 9. H0/A32/B0/C0/D32/S0 (1.8%) 10. H0/A32/B2/C0/D0/S32 (1.8%) | J210: 今回は大きな変化なし | K210: 1. ふいうち (98.2%) 2. インファイト (77.2%) 3. みきり (71.9%) 4. いわなだれ (59.6%) 5. れいとうビーム (21.1%) | L210: 6. まもる (17.5%) 7. ストーンエッジ (17.5%) 8. サイコカッター (8.8%) 9. つじぎり (7%) 10. じごくづき (7%) | M210: 1. アブソルナイト (40.4%) 2. いのちのたま (29.8%) | N210: 3. かたいいし (14%) | O210: 1. ゆうかん +A -S (64.9%) 2. むじゃき +S -D (19.3%) | P210: 3. ようき +S -C (7%) | Q210: 1. H27/A32/B4/C0/D3/S0 (40.4%) 2. H31/A7/B2/C6/D0/S20 (17.5%) 3. H0/A32/B17/C0/D17/S0 (10.5%) 4. H2/A32/B0/C0/D0/S32 (7%) 5. H28/A32/B3/C0/D3/S0 (7%) | R210: 6. H32/A32/B0/C0/D2/S0 (5.3%) 7. H31/A32/B0/C0/D0/S3 (3.5%) 8. H0/A29/B0/C9/D0/S28 (1.8%) 9. H0/A32/B0/C0/D32/S0 (1.8%) 10. H0/A32/B2/C0/D0/S32 (1.8%) | S210: 1. イダイトウ 2. リキキリン 3. ガルーラ 4. バクーダ 5. ドドゲザン | T210: 6. ミミッキュ 7. ガブリアス 8. リザードン 9. カラマネロ 10. エルフーン
A211: 210 | B211: デデンネ | C211: Dedenne | D211: 1. マジカルシャイン (82%) 2. まもる (66%) 3. なかまづくり (52%) 4. １０まんボルト (44%) 5. パラボラチャージ (36%) 6. ほうでん (34%) 7. はかいこうせん (34%) 8. ほっぺすりすり (20%) 9. がむしゃら (16%) 10. エレキネット (8%) | E211: 1. いのちのたま (36%) 2. たつじんのおび (34%) 3. きあいのタスキ (18%) 4. オボンのみ (12%) | F211: 1. プラス (54%) 2. ほおぶくろ (46%) | G211: 1. おくびょう +S -A (40%) 2. れいせい +C -S (34%) 3. ようき +S -C (18%) 4. ひかえめ +C -A (8%) | H211: 1. オオニューラ 2. リザードン 3. ガブリアス 4. マニューラ 5. ガルーラ 6. バクーダ 7. ミミッキュ 8. リキキリン 9. ヌメルゴン（ヒスイのすがた） 10. ライチュウ | I211: 1. H2/A0/B0/C32/D0/S32 (46%) 2. H32/A0/B0/C32/D2/S0 (34%) 3. H32/A2/B0/C0/D0/S32 (16%) 4. H1/A0/B0/C32/D1/S32 (2%) 5. H32/A0/B2/C0/D0/S32 (2%) | J211: 今回は大きな変化なし | K211: 1. マジカルシャイン (82%) 2. まもる (66%) 3. なかまづくり (52%) 4. １０まんボルト (44%) 5. パラボラチャージ (36%) | L211: 6. ほうでん (34%) 7. はかいこうせん (34%) 8. ほっぺすりすり (20%) 9. がむしゃら (16%) 10. エレキネット (8%) | M211: 1. いのちのたま (36%) 2. たつじんのおび (34%) | N211: 3. きあいのタスキ (18%) 4. オボンのみ (12%) | O211: 1. おくびょう +S -A (40%) 2. れいせい +C -S (34%) | P211: 3. ようき +S -C (18%) 4. ひかえめ +C -A (8%) | Q211: 1. H2/A0/B0/C32/D0/S32 (46%) 2. H32/A0/B0/C32/D2/S0 (34%) 3. H32/A2/B0/C0/D0/S32 (16%) | R211: 4. H1/A0/B0/C32/D1/S32 (2%) 5. H32/A0/B2/C0/D0/S32 (2%) | S211: 1. オオニューラ 2. リザードン 3. ガブリアス 4. マニューラ 5. ガルーラ | T211: 6. バクーダ 7. ミミッキュ 8. リキキリン 9. ヌメルゴン（ヒスイのすがた） 10. ライチュウ
A212: 211 | B212: トリデプス | C212: Bastiodon | D212: 1. ワイドガード (75.8%) 2. メタルバースト (69.4%) 3. まもる (66.1%) 4. ボディプレス (64.5%) 5. ちょうはつ (24.2%) 6. とおせんぼう (22.6%) 7. すなじごく (21%) 8. ヘビーボンバー (16.1%) 9. ガードシェア (8.1%) 10. じわれ (8.1%) | E212: 1. たべのこし (32.3%) 2. きあいのタスキ (22.6%) 3. シュカのみ (21%) 4. オボンのみ (6.5%) 5. ひかりのこな (6.5%) 6. ヨプのみ (3.2%) 7. せんせいのツメ (3.2%) 8. こうかくレンズ (3.2%) 9. メンタルハーブ (1.6%) | F212: 1. がんじょう (56.5%) 2. ぼうおん (43.5%) | G212: 1. のんき +B -S (59.7%) 2. わんぱく +B -C (35.5%) 3. ゆうかん +A -S (3.2%) 4. いじっぱり +A -C (1.6%) | H212: 1. ゲンガー 2. ガオガエン 3. メタグロス 4. ドドゲザン 5. ガブリアス 6. ジャラランガ 7. ヤバソチャ 8. シャワーズ 9. アシレーヌ 10. デカヌチャン | I212: 1. H32/A0/B22/C0/D12/S0 (24.2%) 2. H32/A0/B2/C0/D32/S0 (22.6%) 3. H32/A0/B12/C0/D22/S0 (21%) 4. H32/A0/B0/C0/D32/S2 (12.9%) 5. H2/A0/B32/C0/D32/S0 (8.1%) 6. H32/A0/B32/C0/D2/S0 (6.5%) 7. H32/A32/B0/C0/D2/S0 (3.2%) 8. H2/A27/B5/C0/D32/S0 (1.6%) | J212: 今回は大きな変化なし | K212: 1. ワイドガード (75.8%) 2. メタルバースト (69.4%) 3. まもる (66.1%) 4. ボディプレス (64.5%) 5. ちょうはつ (24.2%) | L212: 6. とおせんぼう (22.6%) 7. すなじごく (21%) 8. ヘビーボンバー (16.1%) 9. ガードシェア (8.1%) 10. じわれ (8.1%) | M212: 1. たべのこし (32.3%) 2. きあいのタスキ (22.6%) 3. シュカのみ (21%) 4. オボンのみ (6.5%) 5. ひかりのこな (6.5%) | N212: 6. ヨプのみ (3.2%) 7. せんせいのツメ (3.2%) 8. こうかくレンズ (3.2%) 9. メンタルハーブ (1.6%) | O212: 1. のんき +B -S (59.7%) 2. わんぱく +B -C (35.5%) | P212: 3. ゆうかん +A -S (3.2%) 4. いじっぱり +A -C (1.6%) | Q212: 1. H32/A0/B22/C0/D12/S0 (24.2%) 2. H32/A0/B2/C0/D32/S0 (22.6%) 3. H32/A0/B12/C0/D22/S0 (21%) 4. H32/A0/B0/C0/D32/S2 (12.9%) | R212: 5. H2/A0/B32/C0/D32/S0 (8.1%) 6. H32/A0/B32/C0/D2/S0 (6.5%) 7. H32/A32/B0/C0/D2/S0 (3.2%) 8. H2/A27/B5/C0/D32/S0 (1.6%) | S212: 1. ゲンガー 2. ガオガエン 3. メタグロス 4. ドドゲザン 5. ガブリアス | T212: 6. ジャラランガ 7. ヤバソチャ 8. シャワーズ 9. アシレーヌ 10. デカヌチャン
A213: 212 | B213: タルップル | C213: Appletun | D213: 1. やどりぎのタネ (75%) 2. りんごさん (63.6%) 3. じこさいせい (61.4%) 4. グラスフィールド (47.7%) 5. りゅうのはどう (29.5%) 6. リサイクル (27.3%) 7. てっぺき (27.3%) 8. ボディプレス (27.3%) 9. りゅうせいぐん (11.4%) 10. まもる (9.1%) | E213: 1. たべのこし (65.9%) 2. オボンのみ (27.3%) 3. ラムのみ (2.3%) | F213: 1. あついしぼう (70.5%) 2. じゅくせい (27.3%) 3. くいしんぼう (2.3%) | G213: 1. おだやか +D -A (36.4%) 2. しんちょう +D -C (27.3%) 3. ずぶとい +B -A (20.5%) 4. れいせい +C -S (9.1%) 5. なまいき +D -S (4.5%) 6. ひかえめ +C -A (2.3%) | H213: 1. オーロンゲ 2. ブラッキー 3. バンギラス 4. マッギョ（ガラルのすがた） 5. ガオガエン 6. メタグロス 7. ヤバソチャ 8. ドラミドロ 9. ファイアロー 10. バクーダ | I213: 1. H32/A0/B2/C0/D32/S0 (36.4%) 2. H7/A0/B27/C0/D32/S0 (27.3%) 3. H31/A0/B31/C0/D4/S0 (15.9%) 4. H32/A0/B18/C0/D16/S0 (4.5%) 5. H32/A0/B25/C2/D7/S0 (4.5%) 6. H32/A0/B32/C0/D2/S0 (4.5%) 7. H0/A0/B16/C32/D18/S0 (2.3%) 8. H0/A0/B17/C32/D17/S0 (2.3%) 9. H32/A0/B0/C32/D2/S0 (2.3%) | J213: 今回は大きな変化なし | K213: 1. やどりぎのタネ (75%) 2. りんごさん (63.6%) 3. じこさいせい (61.4%) 4. グラスフィールド (47.7%) 5. りゅうのはどう (29.5%) | L213: 6. リサイクル (27.3%) 7. てっぺき (27.3%) 8. ボディプレス (27.3%) 9. りゅうせいぐん (11.4%) 10. まもる (9.1%) | M213: 1. たべのこし (65.9%) 2. オボンのみ (27.3%) | N213: 3. ラムのみ (2.3%) | O213: 1. おだやか +D -A (36.4%) 2. しんちょう +D -C (27.3%) 3. ずぶとい +B -A (20.5%) | P213: 4. れいせい +C -S (9.1%) 5. なまいき +D -S (4.5%) 6. ひかえめ +C -A (2.3%) | Q213: 1. H32/A0/B2/C0/D32/S0 (36.4%) 2. H7/A0/B27/C0/D32/S0 (27.3%) 3. H31/A0/B31/C0/D4/S0 (15.9%) 4. H32/A0/B18/C0/D16/S0 (4.5%) 5. H32/A0/B25/C2/D7/S0 (4.5%) | R213: 6. H32/A0/B32/C0/D2/S0 (4.5%) 7. H0/A0/B16/C32/D18/S0 (2.3%) 8. H0/A0/B17/C32/D17/S0 (2.3%) 9. H32/A0/B0/C32/D2/S0 (2.3%) | S213: 1. オーロンゲ 2. ブラッキー 3. バンギラス 4. マッギョ（ガラルのすがた） 5. ガオガエン | T213: 6. メタグロス 7. ヤバソチャ 8. ドラミドロ 9. ファイアロー 10. バクーダ
A214: 213 | B214: ケンタロス | C214: Tauros | D214: 1. レイジングブル (81.6%) 2. にほんばれ (71.1%) 3. てだすけ (71.1%) 4. ギガインパクト (71.1%) 5. まもる (28.9%) 6. いわなだれ (18.4%) 7. のしかかり (18.4%) 8. じごくづき (18.4%) 9. アイアンテール (10.5%) 10. じしん (10.5%) | E214: 1. シルクのスカーフ (71.1%) 2. オボンのみ (18.4%) 3. ヨプのみ (10.5%) | F214: 1. いかく (81.6%) 2. ちからずく (18.4%) | G214: 1. ようき +S -C (89.5%) 2. いじっぱり +A -C (10.5%) | H214: 1. リザードン 2. フシギバナ 3. ガブリアス 4. ドヒドイデ 5. ガオガエン 6. マンムー 7. ピジョット 8. ライチュウ 9. イダイトウ 10. マスカーニャ | I214: 1. H9/A32/B0/C0/D0/S25 (71.1%) 2. H2/A32/B0/C0/D0/S32 (18.4%) 3. H2/A32/B20/C0/D12/S0 (10.5%) | J214: 今回は大きな変化なし | K214: 1. レイジングブル (81.6%) 2. にほんばれ (71.1%) 3. てだすけ (71.1%) 4. ギガインパクト (71.1%) 5. まもる (28.9%) | L214: 6. いわなだれ (18.4%) 7. のしかかり (18.4%) 8. じごくづき (18.4%) 9. アイアンテール (10.5%) 10. じしん (10.5%) | M214: 1. シルクのスカーフ (71.1%) 2. オボンのみ (18.4%) | N214: 3. ヨプのみ (10.5%) | O214: 1. ようき +S -C (89.5%) | P214: 2. いじっぱり +A -C (10.5%) | Q214: 1. H9/A32/B0/C0/D0/S25 (71.1%) 2. H2/A32/B0/C0/D0/S32 (18.4%) | R214: 3. H2/A32/B20/C0/D12/S0 (10.5%) | S214: 1. リザードン 2. フシギバナ 3. ガブリアス 4. ドヒドイデ 5. ガオガエン | T214: 6. マンムー 7. ピジョット 8. ライチュウ 9. イダイトウ 10. マスカーニャ
A215: 214 | B215: バオッキー | C215: Simisear | D215: 1. ねこだまし (100%) 2. ちょうはつ (90%) 3. にほんばれ (72.5%) 4. てだすけ (72.5%) 5. いわなだれ (15%) 6. フレアドライブ (15%) 7. オーバーヒート (10%) 8. がんせきふうじ (10%) 9. なげつける (7.5%) 10. ねっぷう (2.5%) | E215: 1. きあいのタスキ (85%) 2. おうじゃのしるし (7.5%) 3. イトケのみ (5%) 4. もくたん (2.5%) | F215: 1. もうか (100%) | G215: 1. ようき +S -C (47.5%) 2. おくびょう +S -A (35%) 3. むじゃき +S -D (10%) | H215: 1. ドドゲザン 2. ガブリアス 3. マフォクシー 4. オオニューラ 5. ヤバソチャ 6. ニンフィア 7. リキキリン 8. フラエッテ（えいえんのはな） 9. イダイトウ 10. ユキメノコ | I215: 1. H32/A0/B2/C0/D0/S32 (72.5%) 2. H1/A1/B0/C32/D0/S32 (10%) 3. H2/A32/B0/C0/D0/S32 (7.5%) 4. H32/A25/B7/C0/D2/S0 (5%) 5. H0/A32/B0/C0/D0/S32 (2.5%) 6. H2/A0/B0/C32/D0/S32 (2.5%) | J215: 今回は大きな変化なし | K215: 1. ねこだまし (100%) 2. ちょうはつ (90%) 3. にほんばれ (72.5%) 4. てだすけ (72.5%) 5. いわなだれ (15%) | L215: 6. フレアドライブ (15%) 7. オーバーヒート (10%) 8. がんせきふうじ (10%) 9. なげつける (7.5%) 10. ねっぷう (2.5%) | M215: 1. きあいのタスキ (85%) 2. おうじゃのしるし (7.5%) | N215: 3. イトケのみ (5%) 4. もくたん (2.5%) | O215: 1. ようき +S -C (47.5%) 2. おくびょう +S -A (35%) | P215: 3. むじゃき +S -D (10%) | Q215: 1. H32/A0/B2/C0/D0/S32 (72.5%) 2. H1/A1/B0/C32/D0/S32 (10%) 3. H2/A32/B0/C0/D0/S32 (7.5%) | R215: 4. H32/A25/B7/C0/D2/S0 (5%) 5. H0/A32/B0/C0/D0/S32 (2.5%) 6. H2/A0/B0/C32/D0/S32 (2.5%) | S215: 1. ドドゲザン 2. ガブリアス 3. マフォクシー 4. オオニューラ 5. ヤバソチャ | T215: 6. ニンフィア 7. リキキリン 8. フラエッテ（えいえんのはな） 9. イダイトウ 10. ユキメノコ
A216: 215 | B216: アローラライチュウ | C216: Raichu-Alola | D216: 1. ねこだまし (86.5%) 2. フェイント (43.2%) 3. スピードスワップ (43.2%) 4. ほっぺすりすり (40.5%) 5. きあいだま (29.7%) 6. てだすけ (27%) 7. サイコフィールド (27%) 8. まもる (24.3%) 9. １０まんボルト (24.3%) 10. サイコキネシス (16.2%) | E216: 1. きあいのタスキ (73%) 2. じしゃく (21.6%) 3. おうじゃのしるし (2.7%) 4. いのちのたま (2.7%) | F216: 1. サーフテール (100%) | G216: 1. ようき +S -C (51.4%) 2. おくびょう +S -A (43.2%) 3. おっとり +C -B (5.4%) | H216: 1. ガルーラ 2. クチート 3. バクーダ 4. コータス 5. リキキリン 6. ペリッパー 7. ユキノオー 8. ニャオニクス（メスのすがた） 9. ニンフィア 10. ミミッキュ | I216: 1. H2/A32/B0/C0/D0/S32 (37.8%) 2. H0/A0/B0/C32/D0/S32 (27%) 3. H0/A0/B2/C32/D0/S32 (16.2%) 4. H2/A0/B0/C32/D0/S32 (16.2%) 5. H32/A0/B2/C0/D0/S32 (2.7%) | J216: 今回は大きな変化なし | K216: 1. ねこだまし (86.5%) 2. フェイント (43.2%) 3. スピードスワップ (43.2%) 4. ほっぺすりすり (40.5%) 5. きあいだま (29.7%) | L216: 6. てだすけ (27%) 7. サイコフィールド (27%) 8. まもる (24.3%) 9. １０まんボルト (24.3%) 10. サイコキネシス (16.2%) | M216: 1. きあいのタスキ (73%) 2. じしゃく (21.6%) | N216: 3. おうじゃのしるし (2.7%) 4. いのちのたま (2.7%) | O216: 1. ようき +S -C (51.4%) 2. おくびょう +S -A (43.2%) | P216: 3. おっとり +C -B (5.4%) | Q216: 1. H2/A32/B0/C0/D0/S32 (37.8%) 2. H0/A0/B0/C32/D0/S32 (27%) 3. H0/A0/B2/C32/D0/S32 (16.2%) | R216: 4. H2/A0/B0/C32/D0/S32 (16.2%) 5. H32/A0/B2/C0/D0/S32 (2.7%) | S216: 1. ガルーラ 2. クチート 3. バクーダ 4. コータス 5. リキキリン | T216: 6. ペリッパー 7. ユキノオー 8. ニャオニクス（メスのすがた） 9. ニンフィア 10. ミミッキュ
A217: 216 | B217: パンプジン(ちゅうだま) | C217: Gourgeist-Average | D217: 1. まもる (100%) 2. トリックルーム (100%) 3. ポルターガイスト (87.5%) 4. パワーウィップ (62.5%) 5. だいばくはつ (37.5%) 6. ふういん (12.5%) | E217: 1. オボンのみ (62.5%) 2. シルクのスカーフ (12.5%) 3. いのちのたま (12.5%) 4. きあいのタスキ (12.5%) | F217: 1. おみとおし (100%) | G217: 1. いじっぱり +A -C (75%) 2. ようき +S -C (25%) | H217: 1. ギャラドス 2. デンリュウ 3. バンギラス 4. ヤミラミ 5. エンペルト 6. メタグロス 7. オニゴーリ 8. エルフーン 9. イダイトウ 10. ドドゲザン | I217: 1. H32/A32/B0/C0/D2/S0 (62.5%) 2. H2/A32/B0/C0/D0/S32 (37.5%) | J217: 今回は大きな変化なし | K217: 1. まもる (100%) 2. トリックルーム (100%) 3. ポルターガイスト (87.5%) | L217: 4. パワーウィップ (62.5%) 5. だいばくはつ (37.5%) 6. ふういん (12.5%) | M217: 1. オボンのみ (62.5%) 2. シルクのスカーフ (12.5%) | N217: 3. いのちのたま (12.5%) 4. きあいのタスキ (12.5%) | O217: 1. いじっぱり +A -C (75%) | P217: 2. ようき +S -C (25%) | Q217: 1. H32/A32/B0/C0/D2/S0 (62.5%) | R217: 2. H2/A32/B0/C0/D0/S32 (37.5%) | S217: 1. ギャラドス 2. デンリュウ 3. バンギラス 4. ヤミラミ 5. エンペルト | T217: 6. メタグロス 7. オニゴーリ 8. エルフーン 9. イダイトウ 10. ドドゲザン
A218: 217 | B218: ロトム | C218: Rotom | D218: 1. おにび (92.6%) 2. ほうでん (77.8%) 3. シャドーボール (70.4%) 4. トリック (66.7%) 5. エレキネット (40.7%) 6. でんじは (18.5%) 7. まもる (11.1%) 8. イカサマ (7.4%) 9. ボルトチェンジ (7.4%) 10. たたりめ (3.7%) | E218: 1. こだわりスカーフ (85.2%) 2. ナモのみ (11.1%) 3. こうかくレンズ (3.7%) | F218: 1. ふゆう (100%) | G218: 1. おくびょう +S -A (85.2%) 2. ひかえめ +C -A (14.8%) | H218: 1. ガブリアス 2. ジュカイン 3. クレッフィ 4. ニンフィア 5. イダイトウ 6. ファイアロー 7. カメックス 8. エルフーン 9. ミロカロス 10. フシギバナ | I218: 1. H2/A0/B0/C32/D0/S32 (70.4%) 2. H32/A0/B8/C15/D11/S0 (11.1%) 3. H32/A0/B0/C0/D0/S32 (7.4%) 4. H32/A0/B0/C0/D2/S32 (7.4%) 5. H32/A0/B1/C32/D1/S0 (3.7%) | J218: 今回は大きな変化なし | K218: 1. おにび (92.6%) 2. ほうでん (77.8%) 3. シャドーボール (70.4%) 4. トリック (66.7%) 5. エレキネット (40.7%) | L218: 6. でんじは (18.5%) 7. まもる (11.1%) 8. イカサマ (7.4%) 9. ボルトチェンジ (7.4%) 10. たたりめ (3.7%) | M218: 1. こだわりスカーフ (85.2%) 2. ナモのみ (11.1%) | N218: 3. こうかくレンズ (3.7%) | O218: 1. おくびょう +S -A (85.2%) | P218: 2. ひかえめ +C -A (14.8%) | Q218: 1. H2/A0/B0/C32/D0/S32 (70.4%) 2. H32/A0/B8/C15/D11/S0 (11.1%) 3. H32/A0/B0/C0/D0/S32 (7.4%) | R218: 4. H32/A0/B0/C0/D2/S32 (7.4%) 5. H32/A0/B1/C32/D1/S0 (3.7%) | S218: 1. ガブリアス 2. ジュカイン 3. クレッフィ 4. ニンフィア 5. イダイトウ | T218: 6. ファイアロー 7. カメックス 8. エルフーン 9. ミロカロス 10. フシギバナ
A219: 218 | B219: スピンロトム | C219: Rotom-Fan | D219: 1. エアスラッシュ (100%) 2. まもる (96.2%) 3. １０まんボルト (96.2%) 4. ボルトチェンジ (57.7%) 5. わるだくみ (30.8%) 6. おにび (11.5%) 7. ほうでん (3.8%) 8. エレキネット (3.8%) | E219: 1. じしゃく (65.4%) 2. ものしりメガネ (30.8%) 3. こだわりスカーフ (3.8%) | F219: 1. ふゆう (100%) | G219: 1. ひかえめ +C -A (65.4%) 2. おくびょう +S -A (34.6%) | H219: 1. ムクホーク 2. フシギバナ 3. バンギラス 4. ドリュウズ 5. ハカドッグ 6. リキキリン 7. ニンフィア 8. ガオガエン 9. ドドゲザン 10. ガルーラ | I219: 1. H32/A0/B12/C15/D1/S6 (53.8%) 2. H2/A0/B0/C32/D0/S32 (34.6%) 3. H32/A0/B0/C32/D2/S0 (11.5%) | J219: 今回は大きな変化なし | K219: 1. エアスラッシュ (100%) 2. まもる (96.2%) 3. １０まんボルト (96.2%) 4. ボルトチェンジ (57.7%) | L219: 5. わるだくみ (30.8%) 6. おにび (11.5%) 7. ほうでん (3.8%) 8. エレキネット (3.8%) | M219: 1. じしゃく (65.4%) 2. ものしりメガネ (30.8%) | N219: 3. こだわりスカーフ (3.8%) | O219: 1. ひかえめ +C -A (65.4%) | P219: 2. おくびょう +S -A (34.6%) | Q219: 1. H32/A0/B12/C15/D1/S6 (53.8%) 2. H2/A0/B0/C32/D0/S32 (34.6%) | R219: 3. H32/A0/B0/C32/D2/S0 (11.5%) | S219: 1. ムクホーク 2. フシギバナ 3. バンギラス 4. ドリュウズ 5. ハカドッグ | T219: 6. リキキリン 7. ニンフィア 8. ガオガエン 9. ドドゲザン 10. ガルーラ
A220: 219 | B220: ガラルマッギョ | C220: Stunfisk-Galar | D220: 1. まもる (96.4%) 2. トラバサミ (92.9%) 3. いたみわけ (50%) 4. じわれ (50%) 5. あくび (39.3%) 6. じだんだ (39.3%) 7. ふいうち (10.7%) 8. いわなだれ (7.1%) 9. じしん (7.1%) 10. てっぺき (3.6%) | E220: 1. オボンのみ (46.4%) 2. たべのこし (46.4%) 3. いのちのたま (7.1%) | F220: 1. ぎたい (100%) | G220: 1. わんぱく +B -C (89.3%) 2. ゆうかん +A -S (7.1%) 3. なまいき +D -S (3.6%) | H220: 1. バンギラス 2. ブラッキー 3. ガオガエン 4. タルップル 5. チルタリス 6. ファイアロー 7. オオニューラ 8. サーフゴー 9. ヤバソチャ 10. アシレーヌ | I220: 1. H2/A0/B32/C0/D32/S0 (50%) 2. H31/A0/B11/C0/D24/S0 (39.3%) 3. H32/A32/B2/C0/D0/S0 (7.1%) 4. H3/A0/B32/C0/D31/S0 (3.6%) | J220: 今回は大きな変化なし | K220: 1. まもる (96.4%) 2. トラバサミ (92.9%) 3. いたみわけ (50%) 4. じわれ (50%) 5. あくび (39.3%) | L220: 6. じだんだ (39.3%) 7. ふいうち (10.7%) 8. いわなだれ (7.1%) 9. じしん (7.1%) 10. てっぺき (3.6%) | M220: 1. オボンのみ (46.4%) 2. たべのこし (46.4%) | N220: 3. いのちのたま (7.1%) | O220: 1. わんぱく +B -C (89.3%) 2. ゆうかん +A -S (7.1%) | P220: 3. なまいき +D -S (3.6%) | Q220: 1. H2/A0/B32/C0/D32/S0 (50%) 2. H31/A0/B11/C0/D24/S0 (39.3%) | R220: 3. H32/A32/B2/C0/D0/S0 (7.1%) 4. H3/A0/B32/C0/D31/S0 (3.6%) | S220: 1. バンギラス 2. ブラッキー 3. ガオガエン 4. タルップル 5. チルタリス | T220: 6. ファイアロー 7. オオニューラ 8. サーフゴー 9. ヤバソチャ 10. アシレーヌ
A221: 220 | B221: マッギョ | C221: Stunfisk | D221: 1. まもる (100%) 2. だいちのちから (100%) 3. １０まんボルト (77.8%) 4. ヘドロばくだん (50%) 5. だくりゅう (50%) 6. エレキネット (22.2%) | E221: 1. ひかりのこな (50%) 2. くろいてっきゅう (27.8%) 3. せんせいのツメ (22.2%) | F221: 1. すながくれ (100%) | G221: 1. ひかえめ +C -A (72.2%) 2. れいせい +C -S (27.8%) | H221: 1. バンギラス 2. プテラ 3. ハガネール 4. ミカルゲ 5. ドリュウズ 6. ギルガルド 7. ヤバソチャ 8. サザンドラ 9. ハカドッグ 10. カイリュー | I221: 1. H32/A0/B0/C23/D11/S0 (50%) 2. H32/A0/B13/C19/D2/S0 (27.8%) 3. H32/A0/B16/C18/D0/S0 (22.2%) | J221: 今回は大きな変化なし | K221: 1. まもる (100%) 2. だいちのちから (100%) 3. １０まんボルト (77.8%) | L221: 4. ヘドロばくだん (50%) 5. だくりゅう (50%) 6. エレキネット (22.2%) | M221: 1. ひかりのこな (50%) 2. くろいてっきゅう (27.8%) | N221: 3. せんせいのツメ (22.2%) | O221: 1. ひかえめ +C -A (72.2%) | P221: 2. れいせい +C -S (27.8%) | Q221: 1. H32/A0/B0/C23/D11/S0 (50%) 2. H32/A0/B13/C19/D2/S0 (27.8%) | R221: 3. H32/A0/B16/C18/D0/S0 (22.2%) | S221: 1. バンギラス 2. プテラ 3. ハガネール 4. ミカルゲ 5. ドリュウズ | T221: 6. ギルガルド 7. ヤバソチャ 8. サザンドラ 9. ハカドッグ 10. カイリュー
... A228: 227 | B228: ヤナッキー | C228: Simisage | D228: 1. ねこだまし (100%) 2. タネばくだん (55.6%) 3. シャドークロー (55.6%) 4. ダストシュート (55.6%) 5. いわなだれ (44.4%) 6. ばかぢから (44.4%) 7. ソーラーブレード (44.4%) | E228: 1. きあいのタスキ (55.6%) 2. こうかくレンズ (44.4%) | F228: 1. しんりょく (100%) | G228: 1. ゆうかん +A -S (55.6%) 2. ようき +S -C (44.4%) | H228: 1. コータス 2. ズルズキン 3. ニンフィア 4. ミミッキュ 5. リキキリン 6. ラフレシア 7. リーフィア 8. ジャローダ 9. エルフーン 10. スコヴィラン | I228: 1. H32/A10/B17/C0/D7/S0 (55.6%) 2. H0/A32/B2/C0/D0/S32 (44.4%) | J228: 今回は大きな変化なし | K228: 1. ねこだまし (100%) 2. タネばくだん (55.6%) 3. シャドークロー (55.6%) 4. ダストシュート (55.6%) | L228: 5. いわなだれ (44.4%) 6. ばかぢから (44.4%) 7. ソーラーブレード (44.4%) | M228: 1. きあいのタスキ (55.6%) | N228: 2. こうかくレンズ (44.4%) | O228: 1. ゆうかん +A -S (55.6%) | P228: 2. ようき +S -C (44.4%) | Q228: 1. H32/A10/B17/C0/D7/S0 (55.6%) | R228: 2. H0/A32/B2/C0/D0/S32 (44.4%) | S228: 1. コータス 2. ズルズキン 3. ニンフィア 4. ミミッキュ 5. リキキリン | T228: 6. ラフレシア 7. リーフィア 8. ジャローダ 9. エルフーン 10. スコヴィラン
A229: 228 | B229: ペロリーム | C229: Slurpuff | D229: 1. まもる (100%) 2. ねがいごと (100%) 3. コットンガード (100%) | E229: 1. たべのこし (100%) | F229: 1. スイートベール (100%) | G229: 1. ひかえめ +C -A (62.5%) 2. れいせい +C -S (37.5%) | H229: 1. ピクシー 2. エルレイド 3. ソウブレイズ 4. フレフワン 5. ヤドキング 6. タブンネ 7. カラマネロ 8. ミミッキュ | I229: 1. H32/A0/B0/C32/D0/S0 (100%) | J229: 今回は大きな変化なし | K229: 1. まもる (100%) 2. ねがいごと (100%) | L229: 3. コットンガード (100%) | M229: 1. たべのこし (100%) | O229: 1. ひかえめ +C -A (62.5%) | P229: 2. れいせい +C -S (37.5%) | Q229: 1. H32/A0/B0/C32/D0/S0 (100%) | S229: 1. ピクシー 2. エルレイド 3. ソウブレイズ 4. フレフワン | T229: 5. ヤドキング 6. タブンネ 7. カラマネロ 8. ミミッキュ
A230: 229 | B230: パンプジン(こだま) | C230: Gourgeist-Small | D230: 1. トリック (100%) 2. ゴーストダイブ (85.7%) 3. ハロウィン (85.7%) 4. やどりぎのタネ (85.7%) 5. こわいかお (14.3%) 6. タネばくだん (14.3%) 7. ポルターガイスト (14.3%) | E230: 1. こだわりスカーフ (100%) | F230: 1. おみとおし (100%) | G230: 1. ようき +S -C (100%) | H230: 1. バンギラス 2. ドドゲザン 3. ブラッキー 4. ニンフィア 5. スコヴィラン 6. ゲンガー 7. ミロカロス 8. ガオガエン | I230: 1. H32/A0/B0/C0/D11/S23 (85.7%) 2. H14/A21/B0/C0/D0/S31 (14.3%) | J230: 今回は大きな変化なし | K230: 1. トリック (100%) 2. ゴーストダイブ (85.7%) 3. ハロウィン (85.7%) 4. やどりぎのタネ (85.7%) | L230: 5. こわいかお (14.3%) 6. タネばくだん (14.3%) 7. ポルターガイスト (14.3%) | M230: 1. こだわりスカーフ (100%) | O230: 1. ようき +S -C (100%) | Q230: 1. H32/A0/B0/C0/D11/S23 (85.7%) | R230: 2. H14/A21/B0/C0/D0/S31 (14.3%) | S230: 1. バンギラス 2. ドドゲザン 3. ブラッキー 4. ニンフィア | T230: 5. スコヴィラン 6. ゲンガー 7. ミロカロス 8. ガオガエン
A231: 230 | B231: パンプジン(おおだま) | C231: Gourgeist-Large | D231: 1. まもる (100%) 2. トリックルーム (100%) 3. ポルターガイスト (87.5%) 4. パワーウィップ (62.5%) 5. だいばくはつ (37.5%) 6. ふういん (12.5%) | E231: 1. オボンのみ (62.5%) 2. シルクのスカーフ (12.5%) 3. いのちのたま (12.5%) 4. きあいのタスキ (12.5%) | F231: 1. おみとおし (100%) | G231: 1. いじっぱり +A -C (75%) 2. ようき +S -C (25%) | H231: 1. ギャラドス 2. デンリュウ 3. バンギラス 4. ヤミラミ 5. エンペルト 6. メタグロス 7. オニゴーリ 8. エルフーン 9. イダイトウ 10. ドドゲザン | I231: 1. H32/A32/B0/C0/D2/S0 (62.5%) 2. H2/A32/B0/C0/D0/S32 (37.5%) | J231: 今回は大きな変化なし | K231: 1. まもる (100%) 2. トリックルーム (100%) 3. ポルターガイスト (87.5%) | L231: 4. パワーウィップ (62.5%) 5. だいばくはつ (37.5%) 6. ふういん (12.5%) | M231: 1. オボンのみ (62.5%) 2. シルクのスカーフ (12.5%) | N231: 3. いのちのたま (12.5%) 4. きあいのタスキ (12.5%) | O231: 1. いじっぱり +A -C (75%) | P231: 2. ようき +S -C (25%) | Q231: 1. H32/A32/B0/C0/D2/S0 (62.5%) | R231: 2. H2/A32/B0/C0/D0/S32 (37.5%) | S231: 1. ギャラドス 2. デンリュウ 3. バンギラス 4. ヤミラミ 5. エンペルト | T231: 6. メタグロス 7. オニゴーリ 8. エルフーン 9. イダイトウ 10. ドドゲザン
