Workbook

Sheet Lookup
A1: Pokemon Lookup (Singles / Doubles) | AB1: Garchomp
A2: Enter name → | B2: Garchomp | AB2: Mimikyu
AB3: Archaludon
A4: Field | B4: Singles | I4: Doubles | AB4: Metagross
A5: Rank | B5: =IFERROR(INDEX('Singles'!A:A,MATCH($B$2,'Singles'!$B:$B,0)),"—") | I5: =IFERROR(INDEX('Doubles'!A:A,MATCH($B$2,'Doubles'!$B:$B,0)),"—") | AB5: Hippowdon
A6: Moves | B6: =IFERROR(INDEX('Singles'!J:J,MATCH($B$2,'Singles'!$B:$B,0)),"—") | E6: =IFERROR(INDEX('Singles'!K:K,MATCH($B$2,'Singles'!$B:$B,0)),"—") | I6: =IFERROR(INDEX('Doubles'!J:J,MATCH($B$2,'Doubles'!$B:$B,0)),"—") | L6: =IFERROR(INDEX('Doubles'!K:K,MATCH($B$2,'Doubles'!$B:$B,0)),"—") | AB6: Primarina
A7: Items | B7: =IFERROR(INDEX('Singles'!L:L,MATCH($B$2,'Singles'!$B:$B,0)),"—") | E7: =IFERROR(INDEX('Singles'!M:M,MATCH($B$2,'Singles'!$B:$B,0)),"—") | I7: =IFERROR(INDEX('Doubles'!L:L,MATCH($B$2,'Doubles'!$B:$B,0)),"—") | L7: =IFERROR(INDEX('Doubles'!M:M,MATCH($B$2,'Doubles'!$B:$B,0)),"—") | AB7: Meowscarada
A8: Abilities | B8: =IFERROR(INDEX('Singles'!E:E,MATCH($B$2,'Singles'!$B:$B,0)),"—") | I8: =IFERROR(INDEX('Doubles'!E:E,MATCH($B$2,'Doubles'!$B:$B,0)),"—") | AB8: Gyarados
A9: Natures | B9: =IFERROR(INDEX('Singles'!N:N,MATCH($B$2,'Singles'!$B:$B,0)),"—") | E9: =IFERROR(INDEX('Singles'!O:O,MATCH($B$2,'Singles'!$B:$B,0)),"—") | I9: =IFERROR(INDEX('Doubles'!N:N,MATCH($B$2,'Doubles'!$B:$B,0)),"—") | L9: =IFERROR(INDEX('Doubles'!O:O,MATCH($B$2,'Doubles'!$B:$B,0)),"—") | AB9: Blaziken
A10: Spreads | B10: =IFERROR(INDEX('Singles'!P:P,MATCH($B$2,'Singles'!$B:$B,0)),"—") | E10: =IFERROR(INDEX('Singles'!Q:Q,MATCH($B$2,'Singles'!$B:$B,0)),"—") | I10: =IFERROR(INDEX('Doubles'!P:P,MATCH($B$2,'Doubles'!$B:$B,0)),"—") | L10: =IFERROR(INDEX('Doubles'!Q:Q,MATCH($B$2,'Doubles'!$B:$B,0)),"—") | AB10: Charizard
A11: Partners | B11: =IFERROR(INDEX('Singles'!R:R,MATCH($B$2,'Singles'!$B:$B,0)),"—") | E11: =IFERROR(INDEX('Singles'!S:S,MATCH($B$2,'Singles'!$B:$B,0)),"—") | I11: =IFERROR(INDEX('Doubles'!R:R,MATCH($B$2,'Doubles'!$B:$B,0)),"—") | L11: =IFERROR(INDEX('Doubles'!S:S,MATCH($B$2,'Doubles'!$B:$B,0)),"—") | AB11: Delphox
A12: This update | B12: =IFERROR(INDEX('Singles'!I:I,MATCH($B$2,'Singles'!$B:$B,0)),"—") | I12: =IFERROR(INDEX('Doubles'!I:I,MATCH($B$2,'Doubles'!$B:$B,0)),"—") | AB12: Greninja
AB13: Hydreigon
AB14: Corviknight
AB15: Ninetales-Alola
AB16: Dragonite
AB17: Gengar
AB18: Glimmora
AB19: Basculegion
AB20: Raichu
AB21: Samurott-Hisui
AB22: Rotom-Wash
AB23: Scizor
AB24: Skeledirge
... AB235: Watchog

Sheet Singles
A1: Rank | B1: Name | C1: Moves | D1: Items | E1: Abilities | F1: Natures | G1: Partners | H1: Spreads | I1: This update | J1: Moves·1 | K1: Moves·2 | L1: Items·1 | M1: Items·2 | N1: Natures·1 | O1: Natures·2 | P1: Spreads·1 | Q1: Spreads·2 | R1: Partners·1 | S1: Partners·2
A2: 1 | B2: Garchomp | C2: 1. Earthquake (99.6%) 2. Stealth Rock (48.4%) 3. Scale Shot (39.6%) 4. Outrage (34.9%) 5. Rock Tomb (29.4%) 6. Swords Dance (28.7%) 7. Dragon Tail (28.6%) 8. Spikes (19.1%) 9. Rock Slide (17.3%) 10. Poison Jab (13.1%) | D2: 1. Focus Sash (36.9%) 2. Sitrus Berry (24%) 3. Choice Scarf (22.6%) 4. Lum Berry (9.6%) 5. Life Orb (2.9%) 6. Garchompite (0.7%) 7. Leftovers (0.7%) 8. Haban Berry (0.6%) 9. Yache Berry (0.4%) 10. Roseli Berry (0.2%) | E2: 1. Rough Skin (99.5%) 2. Sand Veil (0.5%) | F2: 1. Jolly +S -C (48.3%) 2. Adamant +A -C (29.3%) 3. Impish +B -C (19.4%) 4. Careful +D -C (1.6%) 5. Naive +S -D (0.4%) 6. Bold +B -A (0.3%) 7. Naughty +A -D (0.2%) 8. Hasty +S -B (0.2%) 9. Modest +C -A (0.1%) 10. Brave +A -S (0.1%) | G2: 1. Mimikyu 2. Primarina 3. Metagross 4. Archaludon 5. Meowscarada 6. Gyarados 7. Charizard 8. Delphox 9. Blaziken 10. Greninja | H2: 1. H2/A32/B0/C0/D0/S32 (47.9%) 2. H0/A32/B2/C0/D0/S32 (9.7%) 3. H0/A32/B1/C0/D1/S32 (4.7%) 4. H32/A0/B32/C0/D0/S2 (4%) 5. H32/A0/B32/C0/D2/S0 (3.3%) 6. H0/A32/B0/C0/D2/S32 (2.7%) 7. H32/A0/B30/C0/D0/S4 (2%) 8. H0/A30/B4/C0/D0/S32 (1.4%) 9. H32/A0/B15/C0/D3/S16 (1.3%) 10. H32/A2/B32/C0/D0/S0 (1.1%) | I2: Moves/Fire Fang 13.2→0.0% (-13.2) Moves/Poison Jab 0.0→13.1% (+13.1) | J2: 1. Earthquake (99.6%) 2. Stealth Rock (48.4%) 3. Scale Shot (39.6%) 4. Outrage (34.9%) 5. Rock Tomb (29.4%) | K2: 6. Swords Dance (28.7%) 7. Dragon Tail (28.6%) 8. Spikes (19.1%) 9. Rock Slide (17.3%) 10. Poison Jab (13.1%) | L2: 1. Focus Sash (36.9%) 2. Sitrus Berry (24%) 3. Choice Scarf (22.6%) 4. Lum Berry (9.6%) 5. Life Orb (2.9%) | M2: 6. Garchompite (0.7%) 7. Leftovers (0.7%) 8. Haban Berry (0.6%) 9. Yache Berry (0.4%) 10. Roseli Berry (0.2%) | N2: 1. Jolly +S -C (48.3%) 2. Adamant +A -C (29.3%) 3. Impish +B -C (19.4%) 4. Careful +D -C (1.6%) 5. Naive +S -D (0.4%) | O2: 6. Bold +B -A (0.3%) 7. Naughty +A -D (0.2%) 8. Hasty +S -B (0.2%) 9. Modest +C -A (0.1%) 10. Brave +A -S (0.1%) | P2: 1. H2/A32/B0/C0/D0/S32 (47.9%) 2. H0/A32/B2/C0/D0/S32 (9.7%) 3. H0/A32/B1/C0/D1/S32 (4.7%) 4. H32/A0/B32/C0/D0/S2 (4%) 5. H32/A0/B32/C0/D2/S0 (3.3%) | Q2: 6. H0/A32/B0/C0/D2/S32 (2.7%) 7. H32/A0/B30/C0/D0/S4 (2%) 8. H0/A30/B4/C0/D0/S32 (1.4%) 9. H32/A0/B15/C0/D3/S16 (1.3%) 10. H32/A2/B32/C0/D0/S0 (1.1%) | R2: 1. Mimikyu 2. Primarina 3. Metagross 4. Archaludon 5. Meowscarada | S2: 6. Gyarados 7. Charizard 8. Delphox 9. Blaziken 10. Greninja
A3: 2 | B3: Mimikyu | C3: 1. Play Rough (98.4%) 2. Shadow Sneak (97.9%) 3. Swords Dance (85.4%) 4. Shadow Claw (69.9%) 5. Curse (13.8%) 6. Wood Hammer (11.5%) 7. Trick Room (7.8%) 8. Drain Punch (7.7%) 9. Will-O-Wisp (1.5%) 10. Destiny Bond (1.5%) | D3: 1. Life Orb (85.2%) 2. Scope Lens (5.4%) 3. Lum Berry (3.2%) 4. Spell Tag (2%) 5. Fairy Feather (0.8%) 6. Leftovers (0.6%) 7. Wide Lens (0.6%) 8. Bright Powder (0.4%) 9. Mental Herb (0.4%) 10. Sitrus Berry (0.3%) | E3: 1. Disguise (100%) | F3: 1. Adamant +A -C (82.8%) 2. Jolly +S -C (12.8%) 3. Brave +A -S (2.6%) 4. Impish +B -C (0.4%) 5. Relaxed +B -S (0.2%) 6. Careful +D -C (0.2%) 7. Lonely +A -B (0.2%) 8. Naughty +A -D (0.1%) 9. Timid +S -A (0.1%) 10. Sassy +D -S (0.1%) | G3: 1. Garchomp 2. Metagross 3. Archaludon 4. Hippowdon 5. Primarina 6. Greninja 7. Charizard 8. Gyarados 9. Delphox 10. Meowscarada | H3: 1. H1/A32/B1/C0/D0/S32 (24.6%) 2. H2/A32/B0/C0/D0/S32 (20.6%) 3. H29/A32/B5/C0/D0/S0 (5.8%) 4. H0/A32/B2/C0/D0/S32 (3.5%) 5. H32/A32/B2/C0/D0/S0 (3.4%) 6. H29/A26/B11/C0/D0/S0 (2.4%) 7. H1/A32/B0/C0/D1/S32 (2.1%) 8. H29/A30/B7/C0/D0/S0 (1.7%) 9. H28/A30/B7/C0/D0/S1 (1.7%) 10. H0/A32/B0/C0/D2/S32 (1.5%) | I3: No significant change this update | J3: 1. Play Rough (98.4%) 2. Shadow Sneak (97.9%) 3. Swords Dance (85.4%) 4. Shadow Claw (69.9%) 5. Curse (13.8%) | K3: 6. Wood Hammer (11.5%) 7. Trick Room (7.8%) 8. Drain Punch (7.7%) 9. Will-O-Wisp (1.5%) 10. Destiny Bond (1.5%) | L3: 1. Life Orb (85.2%) 2. Scope Lens (5.4%) 3. Lum Berry (3.2%) 4. Spell Tag (2%) 5. Fairy Feather (0.8%) | M3: 6. Leftovers (0.6%) 7. Wide Lens (0.6%) 8. Bright Powder (0.4%) 9. Mental Herb (0.4%) 10. Sitrus Berry (0.3%) | N3: 1. Adamant +A -C (82.8%) 2. Jolly +S -C (12.8%) 3. Brave +A -S (2.6%) 4. Impish +B -C (0.4%) 5. Relaxed +B -S (0.2%) | O3: 6. Careful +D -C (0.2%) 7. Lonely +A -B (0.2%) 8. Naughty +A -D (0.1%) 9. Timid +S -A (0.1%) 10. Sassy +D -S (0.1%) | P3: 1. H1/A32/B1/C0/D0/S32 (24.6%) 2. H2/A32/B0/C0/D0/S32 (20.6%) 3. H29/A32/B5/C0/D0/S0 (5.8%) 4. H0/A32/B2/C0/D0/S32 (3.5%) 5. H32/A32/B2/C0/D0/S0 (3.4%) | Q3: 6. H29/A26/B11/C0/D0/S0 (2.4%) 7. H1/A32/B0/C0/D1/S32 (2.1%) 8. H29/A30/B7/C0/D0/S0 (1.7%) 9. H28/A30/B7/C0/D0/S1 (1.7%) 10. H0/A32/B0/C0/D2/S32 (1.5%) | R3: 1. Garchomp 2. Metagross 3. Archaludon 4. Hippowdon 5. Primarina | S3: 6. Greninja 7. Charizard 8. Gyarados 9. Delphox 10. Meowscarada
A4: 3 | B4: Archaludon | C4: 1. Flash Cannon (73.8%) 2. Draco Meteor (73%) 3. Thunderbolt (62.6%) 4. Stealth Rock (38.1%) 5. Mirror Coat (21%) 6. Aura Sphere (18.1%) 7. Roar (16.8%) 8. Dark Pulse (16.4%) 9. Electro Shot (15.8%) 10. Dragon Tail (14.9%) | D4: 1. Sitrus Berry (31.7%) 2. White Herb (20.5%) 3. Leftovers (20.4%) 4. Choice Scarf (12.9%) 5. Scope Lens (6.1%) 6. Shuca Berry (2.1%) 7. Dragon Fang (0.9%) 8. Expert Belt (0.9%) 9. Chesto Berry (0.8%) 10. Chople Berry (0.6%) | E4: 1. Stamina (67.7%) 2. Sturdy (32.3%) 3. Stalwart (0.1%) | F4: 1. Modest +C -A (43.3%) 2. Bold +B -A (17.5%) 3. Timid +S -A (16.6%) 4. Calm +D -A (14.9%) 5. Relaxed +B -S (1.7%) 6. Impish +B -C (1.7%) 7. Careful +D -C (1.5%) 8. Sassy +D -S (1%) 9. Rash +C -D (0.6%) 10. Quiet +C -S (0.6%) | G4: 1. Mimikyu 2. Garchomp 3. Metagross 4. Hippowdon 5. Primarina 6. Gyarados 7. Meowscarada 8. Blaziken 9. Delphox 10. Greninja | H4: 1. H2/A0/B0/C32/D0/S32 (23.3%) 2. H32/A0/B2/C0/D32/S0 (9.2%) 3. H32/A0/B0/C0/D32/S2 (5.1%) 4. H0/A0/B1/C32/D1/S32 (4.3%) 5. H0/A0/B2/C32/D0/S32 (2.7%) 6. H32/A0/B0/C32/D0/S2 (2.4%) 7. H32/A0/B2/C32/D0/S0 (2.4%) 8. H32/A0/B0/C32/D2/S0 (2.2%) 9. H32/A0/B32/C0/D2/S0 (1.7%) 10. H0/A0/B0/C32/D2/S32 (1.6%) | I4: No significant change this update | J4: 1. Flash Cannon (73.8%) 2. Draco Meteor (73%) 3. Thunderbolt (62.6%) 4. Stealth Rock (38.1%) 5. Mirror Coat (21%) | K4: 6. Aura Sphere (18.1%) 7. Roar (16.8%) 8. Dark Pulse (16.4%) 9. Electro Shot (15.8%) 10. Dragon Tail (14.9%) | L4: 1. Sitrus Berry (31.7%) 2. White Herb (20.5%) 3. Leftovers (20.4%) 4. Choice Scarf (12.9%) 5. Scope Lens (6.1%) | M4: 6. Shuca Berry (2.1%) 7. Dragon Fang (0.9%) 8. Expert Belt (0.9%) 9. Chesto Berry (0.8%) 10. Chople Berry (0.6%) | N4: 1. Modest +C -A (43.3%) 2. Bold +B -A (17.5%) 3. Timid +S -A (16.6%) 4. Calm +D -A (14.9%) 5. Relaxed +B -S (1.7%) | O4: 6. Impish +B -C (1.7%) 7. Careful +D -C (1.5%) 8. Sassy +D -S (1%) 9. Rash +C -D (0.6%) 10. Quiet +C -S (0.6%) | P4: 1. H2/A0/B0/C32/D0/S32 (23.3%) 2. H32/A0/B2/C0/D32/S0 (9.2%) 3. H32/A0/B0/C0/D32/S2 (5.1%) 4. H0/A0/B1/C32/D1/S32 (4.3%) 5. H0/A0/B2/C32/D0/S32 (2.7%) | Q4: 6. H32/A0/B0/C32/D0/S2 (2.4%) 7. H32/A0/B2/C32/D0/S0 (2.4%) 8. H32/A0/B0/C32/D2/S0 (2.2%) 9. H32/A0/B32/C0/D2/S0 (1.7%) 10. H0/A0/B0/C32/D2/S32 (1.6%) | R4: 1. Mimikyu 2. Garchomp 3. Metagross 4. Hippowdon 5. Primarina | S4: 6. Gyarados 7. Meowscarada 8. Blaziken 9. Delphox 10. Greninja
A5: 4 | B5: Metagross | C5: 1. Psychic Fangs (94.9%) 2. Bullet Punch (91.4%) 3. Earthquake (52.6%) 4. Ice Punch (46.8%) 5. Thunder Punch (33.6%) 6. Body Press (17.8%) 7. Iron Defense (17.3%) 8. Hammer Arm (13%) 9. Iron Head (8.1%) 10. Meteor Mash (6.3%) | D5: 1. Metagrossite (99%) 2. Life Orb (0.1%) 3. Sitrus Berry (0.1%) 4. Leftovers (0.1%) 5. Choice Scarf (0.1%) 6. Shuca Berry (0.1%) 7. Lum Berry (0.1%) 8. Light Clay (0.1%) 9. Expert Belt (0.1%) 10. Charizardite Y (0%) | E5: 1. Clear Body (99.5%) 2. Light Metal (0.5%) | F5: 1. Adamant +A -C (47.3%) 2. Jolly +S -C (38.5%) 3. Impish +B -C (12.5%) 4. Careful +D -C (0.4%) 5. Naive +S -D (0.3%) 6. Brave +A -S (0.2%) 7. Lonely +A -B (0.2%) 8. Naughty +A -D (0.1%) 9. Sassy +D -S (0.1%) 10. Bold +B -A (0.1%) | G5: 1. Primarina 2. Mimikyu 3. Garchomp 4. Hydreigon 5. Hippowdon 6. Archaludon 7. Meowscarada 8. Charizard 9. Dragonite 10. Greninja | H5: 1. H2/A32/B0/C0/D0/S32 (25.1%) 2. H20/A25/B1/C0/D1/S19 (4.9%) 3. H10/A25/B0/C8/D0/S23 (4%) 4. H26/A32/B0/C0/D0/S8 (3.8%) 5. H12/A22/B0/C0/D0/S32 (3.2%) 6. H16/A25/B0/C0/D0/S25 (2.8%) 7. H32/A0/B32/C0/D0/S2 (2.3%) 8. H22/A32/B3/C0/D0/S9 (2%) 9. H32/A32/B0/C0/D0/S2 (1.8%) 10. H9/A32/B0/C0/D0/S25 (1.7%) | I5: No significant change this update | J5: 1. Psychic Fangs (94.9%) 2. Bullet Punch (91.4%) 3. Earthquake (52.6%) 4. Ice Punch (46.8%) 5. Thunder Punch (33.6%) | K5: 6. Body Press (17.8%) 7. Iron Defense (17.3%) 8. Hammer Arm (13%) 9. Iron Head (8.1%) 10. Meteor Mash (6.3%) | L5: 1. Metagrossite (99%) 2. Life Orb (0.1%) 3. Sitrus Berry (0.1%) 4. Leftovers (0.1%) 5. Choice Scarf (0.1%) | M5: 6. Shuca Berry (0.1%) 7. Lum Berry (0.1%) 8. Light Clay (0.1%) 9. Expert Belt (0.1%) 10. Charizardite Y (0%) | N5: 1. Adamant +A -C (47.3%) 2. Jolly +S -C (38.5%) 3. Impish +B -C (12.5%) 4. Careful +D -C (0.4%) 5. Naive +S -D (0.3%) | O5: 6. Brave +A -S (0.2%) 7. Lonely +A -B (0.2%) 8. Naughty +A -D (0.1%) 9. Sassy +D -S (0.1%) 10. Bold +B -A (0.1%) | P5: 1. H2/A32/B0/C0/D0/S32 (25.1%) 2. H20/A25/B1/C0/D1/S19 (4.9%) 3. H10/A25/B0/C8/D0/S23 (4%) 4. H26/A32/B0/C0/D0/S8 (3.8%) 5. H12/A22/B0/C0/D0/S32 (3.2%) | Q5: 6. H16/A25/B0/C0/D0/S25 (2.8%) 7. H32/A0/B32/C0/D0/S2 (2.3%) 8. H22/A32/B3/C0/D0/S9 (2%) 9. H32/A32/B0/C0/D0/S2 (1.8%) 10. H9/A32/B0/C0/D0/S25 (1.7%) | R5: 1. Primarina 2. Mimikyu 3. Garchomp 4. Hydreigon 5. Hippowdon | S5: 6. Archaludon 7. Meowscarada 8. Charizard 9. Dragonite 10. Greninja
A6: 5 | B6: Hippowdon | C6: 1. Earthquake (98.6%) 2. Yawn (95%) 3. Stealth Rock (74.8%) 4. Slack Off (66.3%) 5. Whirlwind (40.1%) 6. Protect (17.4%) 7. Roar (3.3%) 8. Rock Tomb (1%) 9. Ice Fang (0.7%) 10. Fissure (0.6%) | D6: 1. Sitrus Berry (57.4%) 2. Leftovers (40.6%) 3. Smooth Rock (0.5%) 4. Mental Herb (0.3%) 5. Lum Berry (0.2%) 6. Rindo Berry (0.2%) 7. Life Orb (0.1%) 8. Bright Powder (0.1%) 9. Quick Claw (0.1%) 10. Focus Sash (0.1%) | E6: 1. Sand Stream (99.9%) 2. Sand Force (0.1%) | F6: 1. Impish +B -C (74.5%) 2. Careful +D -C (13.5%) 3. Relaxed +B -S (8.3%) 4. Sassy +D -S (1.4%) 5. Bold +B -A (1%) 6. Adamant +A -C (0.7%) 7. Calm +D -A (0.2%) 8. Brave +A -S (0.2%) 9. Lonely +A -B (0.1%) 10. Naughty +A -D (0%) | G6: 1. Mimikyu 2. Metagross 3. Primarina 4. Meowscarada 5. Archaludon 6. Gyarados 7. Hydreigon 8. Dragonite 9. Garchomp 10. Charizard | H6: 1. H32/A0/B32/C0/D2/S0 (23.9%) 2. H32/A0/B2/C0/D32/S0 (17.4%) 3. H32/A0/B22/C0/D12/S0 (8.8%) 4. H32/A0/B22/C0/D10/S2 (5.2%) 5. H32/A0/B12/C0/D22/S0 (4.2%) 6. H32/A0/B15/C0/D19/S0 (4.1%) 7. H32/A0/B18/C0/D16/S0 (2.8%) 8. H32/A0/B20/C0/D14/S0 (2.3%) 9. H32/A0/B32/C0/D0/S2 (2%) 10. H32/A0/B6/C0/D28/S0 (1.7%) | I6: No significant change this update | J6: 1. Earthquake (98.6%) 2. Yawn (95%) 3. Stealth Rock (74.8%) 4. Slack Off (66.3%) 5. Whirlwind (40.1%) | K6: 6. Protect (17.4%) 7. Roar (3.3%) 8. Rock Tomb (1%) 9. Ice Fang (0.7%) 10. Fissure (0.6%) | L6: 1. Sitrus Berry (57.4%) 2. Leftovers (40.6%) 3. Smooth Rock (0.5%) 4. Mental Herb (0.3%) 5. Lum Berry (0.2%) | M6: 6. Rindo Berry (0.2%) 7. Life Orb (0.1%) 8. Bright Powder (0.1%) 9. Quick Claw (0.1%) 10. Focus Sash (0.1%) | N6: 1. Impish +B -C (74.5%) 2. Careful +D -C (13.5%) 3. Relaxed +B -S (8.3%) 4. Sassy +D -S (1.4%) 5. Bold +B -A (1%) | O6: 6. Adamant +A -C (0.7%) 7. Calm +D -A (0.2%) 8. Brave +A -S (0.2%) 9. Lonely +A -B (0.1%) 10. Naughty +A -D (0%) | P6: 1. H32/A0/B32/C0/D2/S0 (23.9%) 2. H32/A0/B2/C0/D32/S0 (17.4%) 3. H32/A0/B22/C0/D12/S0 (8.8%) 4. H32/A0/B22/C0/D10/S2 (5.2%) 5. H32/A0/B12/C0/D22/S0 (4.2%) | Q6: 6. H32/A0/B15/C0/D19/S0 (4.1%) 7. H32/A0/B18/C0/D16/S0 (2.8%) 8. H32/A0/B20/C0/D14/S0 (2.3%) 9. H32/A0/B32/C0/D0/S2 (2%) 10. H32/A0/B6/C0/D28/S0 (1.7%) | R6: 1. Mimikyu 2. Metagross 3. Primarina 4. Meowscarada 5. Archaludon | S6: 6. Gyarados 7. Hydreigon 8. Dragonite 9. Garchomp 10. Charizard
A7: 6 | B7: Primarina | C7: 1. Moonblast (98.4%) 2. Sparkling Aria (87.6%) 3. Aqua Jet (75%) 4. Encore (43.1%) 5. Calm Mind (23.2%) 6. Flip Turn (21.7%) 7. Surf (10.1%) 8. Ice Beam (6.6%) 9. Misty Terrain (5.7%) 10. Energy Ball (5.4%) | D7: 1. Sitrus Berry (50.2%) 2. Leftovers (22.7%) 3. Mystic Water (9.9%) 4. Focus Sash (4.7%) 5. Chesto Berry (3.3%) 6. Lum Berry (2.8%) 7. Wacan Berry (1.7%) 8. Fairy Feather (1.5%) 9. Life Orb (1%) 10. Quick Claw (0.4%) | E7: 1. Torrent (96.3%) 2. Liquid Voice (3.7%) | F7: 1. Modest +C -A (63.4%) 2. Quiet +C -S (16%) 3. Bold +B -A (12.3%) 4. Relaxed +B -S (3.7%) 5. Calm +D -A (2.6%) 6. Timid +S -A (0.8%) 7. Sassy +D -S (0.4%) 8. Mild +C -B (0.4%) 9. Rash +C -D (0.2%) 10. Naive +S -D (0%) | G7: 1. Garchomp 2. Metagross 3. Mimikyu 4. Hippowdon 5. Hydreigon 6. Meowscarada 7. Archaludon 8. Charizard 9. Delphox 10. Dragonite | H7: 1. H32/A0/B0/C32/D0/S2 (7.5%) 2. H32/A0/B20/C14/D0/S0 (6.4%) 3. H32/A0/B29/C4/D1/S0 (4.4%) 4. H32/A0/B2/C32/D0/S0 (4.3%) 5. H32/A0/B32/C2/D0/S0 (3.7%) 6. H2/A0/B0/C32/D0/S32 (3.4%) 7. H32/A0/B0/C32/D2/S0 (3.1%) 8. H32/A0/B32/C0/D2/S0 (2.2%) 9. H32/A0/B30/C4/D0/S0 (2.1%) 10. H32/A0/B0/C24/D0/S10 (2%) | I7: No significant change this update | J7: 1. Moonblast (98.4%) 2. Sparkling Aria (87.6%) 3. Aqua Jet (75%) 4. Encore (43.1%) 5. Calm Mind (23.2%) | K7: 6. Flip Turn (21.7%) 7. Surf (10.1%) 8. Ice Beam (6.6%) 9. Misty Terrain (5.7%) 10. Energy Ball (5.4%) | L7: 1. Sitrus Berry (50.2%) 2. Leftovers (22.7%) 3. Mystic Water (9.9%) 4. Focus Sash (4.7%) 5. Chesto Berry (3.3%) | M7: 6. Lum Berry (2.8%) 7. Wacan Berry (1.7%) 8. Fairy Feather (1.5%) 9. Life Orb (1%) 10. Quick Claw (0.4%) | N7: 1. Modest +C -A (63.4%) 2. Quiet +C -S (16%) 3. Bold +B -A (12.3%) 4. Relaxed +B -S (3.7%) 5. Calm +D -A (2.6%) | O7: 6. Timid +S -A (0.8%) 7. Sassy +D -S (0.4%) 8. Mild +C -B (0.4%) 9. Rash +C -D (0.2%) 10. Naive +S -D (0%) | P7: 1. H32/A0/B0/C32/D0/S2 (7.5%) 2. H32/A0/B20/C14/D0/S0 (6.4%) 3. H32/A0/B29/C4/D1/S0 (4.4%) 4. H32/A0/B2/C32/D0/S0 (4.3%) 5. H32/A0/B32/C2/D0/S0 (3.7%) | Q7: 6. H2/A0/B0/C32/D0/S32 (3.4%) 7. H32/A0/B0/C32/D2/S0 (3.1%) 8. H32/A0/B32/C0/D2/S0 (2.2%) 9. H32/A0/B30/C4/D0/S0 (2.1%) 10. H32/A0/B0/C24/D0/S10 (2%) | R7: 1. Garchomp 2. Metagross 3. Mimikyu 4. Hippowdon 5. Hydreigon | S7: 6. Meowscarada 7. Archaludon 8. Charizard 9. Delphox 10. Dragonite
A8: 7 | B8: Meowscarada | C8: 1. Flower Trick (96.9%) 2. Triple Axel (84.3%) 3. U-turn (72.2%) 4. Knock Off (62.1%) 5. Sucker Punch (17.2%) 6. Thunder Punch (16.9%) 7. Foul Play (7.2%) 8. Play Rough (6.6%) 9. Power Gem (5.9%) 10. Toxic Spikes (5.7%) | D8: 1. Choice Scarf (74.7%) 2. Focus Sash (17.3%) 3. Life Orb (4.7%) 4. Expert Belt (1.3%) 5. Light Ball (0.3%) 6. Wide Lens (0.2%) 7. Lum Berry (0.2%) 8. Muscle Band (0.2%) 9. Leftovers (0.2%) 10. Quick Claw (0.1%) | E8: 1. Protean (93.1%) 2. Overgrow (6.9%) | F8: 1. Jolly +S -C (57.9%) 2. Adamant +A -C (34%) 3. Naive +S -D (4.2%) 4. Rash +C -D (1.3%) 5. Naughty +A -D (0.8%) 6. Hasty +S -B (0.6%) 7. Timid +S -A (0.4%) 8. Modest +C -A (0.4%) 9. Lonely +A -B (0.3%) 10. Mild +C -B (0.1%) | G8: 1. Garchomp 2. Hippowdon 3. Primarina 4. Mimikyu 5. Archaludon 6. Metagross 7. Delphox 8. Charizard 9. Blaziken 10. Gyarados | H8: 1. H2/A32/B0/C0/D0/S32 (59.8%) 2. H0/A32/B2/C0/D0/S32 (9.6%) 3. H0/A32/B1/C0/D1/S32 (3.9%) 4. H0/A32/B0/C0/D2/S32 (3.8%) 5. H4/A30/B20/C0/D0/S12 (1.8%) 6. H0/A32/B0/C0/D0/S32 (1.4%) 7. H0/A30/B0/C11/D0/S25 (1.2%) 8. H4/A25/B23/C0/D0/S14 (1%) 9. H8/A30/B14/C0/D0/S14 (0.8%) 10. H0/A2/B0/C32/D0/S32 (0.8%) | I8: No significant change this update | J8: 1. Flower Trick (96.9%) 2. Triple Axel (84.3%) 3. U-turn (72.2%) 4. Knock Off (62.1%) 5. Sucker Punch (17.2%) | K8: 6. Thunder Punch (16.9%) 7. Foul Play (7.2%) 8. Play Rough (6.6%) 9. Power Gem (5.9%) 10. Toxic Spikes (5.7%) | L8: 1. Choice Scarf (74.7%) 2. Focus Sash (17.3%) 3. Life Orb (4.7%) 4. Expert Belt (1.3%) 5. Light Ball (0.3%) | M8: 6. Wide Lens (0.2%) 7. Lum Berry (0.2%) 8. Muscle Band (0.2%) 9. Leftovers (0.2%) 10. Quick Claw (0.1%) | N8: 1. Jolly +S -C (57.9%) 2. Adamant +A -C (34%) 3. Naive +S -D (4.2%) 4. Rash +C -D (1.3%) 5. Naughty +A -D (0.8%) | O8: 6. Hasty +S -B (0.6%) 7. Timid +S -A (0.4%) 8. Modest +C -A (0.4%) 9. Lonely +A -B (0.3%) 10. Mild +C -B (0.1%) | P8: 1. H2/A32/B0/C0/D0/S32 (59.8%) 2. H0/A32/B2/C0/D0/S32 (9.6%) 3. H0/A32/B1/C0/D1/S32 (3.9%) 4. H0/A32/B0/C0/D2/S32 (3.8%) 5. H4/A30/B20/C0/D0/S12 (1.8%) | Q8: 6. H0/A32/B0/C0/D0/S32 (1.4%) 7. H0/A30/B0/C11/D0/S25 (1.2%) 8. H4/A25/B23/C0/D0/S14 (1%) 9. H8/A30/B14/C0/D0/S14 (0.8%) 10. H0/A2/B0/C32/D0/S32 (0.8%) | R8: 1. Garchomp 2. Hippowdon 3. Primarina 4. Mimikyu 5. Archaludon | S8: 6. Metagross 7. Delphox 8. Charizard 9. Blaziken 10. Gyarados
A9: 8 | B9: Gyarados | C9: 1. Waterfall (84.9%) 2. Dragon Dance (84.1%) 3. Earthquake (81.1%) 4. Ice Fang (52%) 5. Power Whip (38.5%) 6. Taunt (23.9%) 7. Crunch (13.5%) 8. Avalanche (11%) 9. Temper Flare (2.3%) 10. Substitute (2%) | D9: 1. Gyaradosite (80.1%) 2. Leftovers (10.8%) 3. Sitrus Berry (3.9%) 4. Lum Berry (2.2%) 5. Expert Belt (0.9%) 6. Wacan Berry (0.5%) 7. Life Orb (0.4%) 8. Chesto Berry (0.3%) 9. Focus Sash (0.2%) 10. Choice Scarf (0.2%) | E9: 1. Intimidate (99.3%) 2. Moxie (0.7%) | F9: 1. Jolly +S -C (53.4%) 2. Adamant +A -C (40.1%) 3. Impish +B -C (5.5%) 4. Careful +D -C (0.6%) 5. Naughty +A -D (0.1%) 6. Naive +S -D (0%) 7. Timid +S -A (0%) 8. Brave +A -S (0%) 9. Relaxed +B -S (0%) 10. Sassy +D -S (0%) | G9: 1. Garchomp 2. Mimikyu 3. Archaludon 4. Hippowdon 5. Blaziken 6. Ninetales-Alola 7. Delphox 8. Meowscarada 9. Metagross 10. Glimmora | H9: 1. H1/A32/B1/C0/D0/S32 (25.7%) 2. H2/A32/B0/C0/D0/S32 (18.9%) 3. H1/A32/B0/C0/D1/S32 (2.9%) 4. H7/A32/B1/C0/D0/S26 (2%) 5. H0/A32/B2/C0/D0/S32 (1.9%) 6. H13/A32/B0/C0/D0/S21 (1.9%) 7. H31/A11/B21/C0/D1/S2 (1.7%) 8. H5/A26/B5/C0/D0/S30 (1.6%) 9. H3/A32/B1/C0/D0/S30 (1.4%) 10. H3/A32/B0/C0/D0/S31 (1.3%) | I9: No significant change this update | J9: 1. Waterfall (84.9%) 2. Dragon Dance (84.1%) 3. Earthquake (81.1%) 4. Ice Fang (52%) 5. Power Whip (38.5%) | K9: 6. Taunt (23.9%) 7. Crunch (13.5%) 8. Avalanche (11%) 9. Temper Flare (2.3%) 10. Substitute (2%) | L9: 1. Gyaradosite (80.1%) 2. Leftovers (10.8%) 3. Sitrus Berry (3.9%) 4. Lum Berry (2.2%) 5. Expert Belt (0.9%) | M9: 6. Wacan Berry (0.5%) 7. Life Orb (0.4%) 8. Chesto Berry (0.3%) 9. Focus Sash (0.2%) 10. Choice Scarf (0.2%) | N9: 1. Jolly +S -C (53.4%) 2. Adamant +A -C (40.1%) 3. Impish +B -C (5.5%) 4. Careful +D -C (0.6%) 5. Naughty +A -D (0.1%) | O9: 6. Naive +S -D (0%) 7. Timid +S -A (0%) 8. Brave +A -S (0%) 9. Relaxed +B -S (0%) 10. Sassy +D -S (0%) | P9: 1. H1/A32/B1/C0/D0/S32 (25.7%) 2. H2/A32/B0/C0/D0/S32 (18.9%) 3. H1/A32/B0/C0/D1/S32 (2.9%) 4. H7/A32/B1/C0/D0/S26 (2%) 5. H0/A32/B2/C0/D0/S32 (1.9%) | Q9: 6. H13/A32/B0/C0/D0/S21 (1.9%) 7. H31/A11/B21/C0/D1/S2 (1.7%) 8. H5/A26/B5/C0/D0/S30 (1.6%) 9. H3/A32/B1/C0/D0/S30 (1.4%) 10. H3/A32/B0/C0/D0/S31 (1.3%) | R9: 1. Garchomp 2. Mimikyu 3. Archaludon 4. Hippowdon 5. Blaziken | S9: 6. Ninetales-Alola 7. Delphox 8. Meowscarada 9. Metagross 10. Glimmora
A10: 9 | B10: Blaziken | C10: 1. Flare Blitz (85%) 2. Close Combat (66.2%) 3. Thunder Punch (48.1%) 4. Swords Dance (47.3%) 5. Protect (40.5%) 6. Detect (31.8%) 7. High Jump Kick (23.2%) 8. Baton Pass (9.6%) 9. Earthquake (6.6%) 10. Overheat (6%) | D10: 1. Blazikenite (73.8%) 2. Focus Sash (14.9%) 3. Life Orb (7.4%) 4. Sitrus Berry (1.5%) 5. Leftovers (0.5%) 6. Shuca Berry (0.3%) 7. Scope Lens (0.2%) 8. White Herb (0.2%) 9. Mental Herb (0.2%) 10. Lum Berry (0.1%) | E10: 1. Speed Boost (98.5%) 2. Blaze (1.5%) | F10: 1. Adamant +A -C (72.5%) 2. Jolly +S -C (15.9%) 3. Naughty +A -D (4.7%) 4. Impish +B -C (1.6%) 5. Rash +C -D (1.4%) 6. Naive +S -D (1.2%) 7. Timid +S -A (0.6%) 8. Modest +C -A (0.6%) 9. Lonely +A -B (0.4%) 10. Careful +D -C (0.4%) | G10: 1. Garchomp 2. Mimikyu 3. Archaludon 4. Gyarados 5. Meowscarada 6. Hippowdon 7. Primarina 8. Ninetales-Alola 9. Metagross 10. Greninja | H10: 1. H2/A32/B0/C0/D0/S32 (46.8%) 2. H16/A32/B0/C0/D0/S18 (6.5%) 3. H10/A32/B0/C0/D0/S24 (4.2%) 4. H0/A32/B2/C0/D0/S32 (3.5%) 5. H0/A32/B0/C5/D0/S29 (2.3%) 6. H0/A32/B1/C0/D1/S32 (2.2%) 7. H0/A32/B0/C0/D0/S32 (2%) 8. H0/A32/B0/C0/D2/S32 (1.8%) 9. H20/A25/B3/C0/D0/S18 (1.4%) 10. H0/A2/B0/C32/D0/S32 (1.3%) | I10: No significant change this update | J10: 1. Flare Blitz (85%) 2. Close Combat (66.2%) 3. Thunder Punch (48.1%) 4. Swords Dance (47.3%) 5. Protect (40.5%) | K10: 6. Detect (31.8%) 7. High Jump Kick (23.2%) 8. Baton Pass (9.6%) 9. Earthquake (6.6%) 10. Overheat (6%) | L10: 1. Blazikenite (73.8%) 2. Focus Sash (14.9%) 3. Life Orb (7.4%) 4. Sitrus Berry (1.5%) 5. Leftovers (0.5%) | M10: 6. Shuca Berry (0.3%) 7. Scope Lens (0.2%) 8. White Herb (0.2%) 9. Mental Herb (0.2%) 10. Lum Berry (0.1%) | N10: 1. Adamant +A -C (72.5%) 2. Jolly +S -C (15.9%) 3. Naughty +A -D (4.7%) 4. Impish +B -C (1.6%) 5. Rash +C -D (1.4%) | O10: 6. Naive +S -D (1.2%) 7. Timid +S -A (0.6%) 8. Modest +C -A (0.6%) 9. Lonely +A -B (0.4%) 10. Careful +D -C (0.4%) | P10: 1. H2/A32/B0/C0/D0/S32 (46.8%) 2. H16/A32/B0/C0/D0/S18 (6.5%) 3. H10/A32/B0/C0/D0/S24 (4.2%) 4. H0/A32/B2/C0/D0/S32 (3.5%) 5. H0/A32/B0/C5/D0/S29 (2.3%) | Q10: 6. H0/A32/B1/C0/D1/S32 (2.2%) 7. H0/A32/B0/C0/D0/S32 (2%) 8. H0/A32/B0/C0/D2/S32 (1.8%) 9. H20/A25/B3/C0/D0/S18 (1.4%) 10. H0/A2/B0/C32/D0/S32 (1.3%) | R10: 1. Garchomp 2. Mimikyu 3. Archaludon 4. Gyarados 5. Meowscarada | S10: 6. Hippowdon 7. Primarina 8. Ninetales-Alola 9. Metagross 10. Greninja
A11: 10 | B11: Charizard | C11: 1. Solar Beam (62.6%) 2. Flamethrower (41.6%) 3. Air Slash (41.1%) 4. Flare Blitz (34.2%) 5. Flame Charge (29.1%) 6. Overheat (24.7%) 7. Dragon Dance (21.6%) 8. Weather Ball (19.8%) 9. Roost (19.5%) 10. Dragon Claw (17.9%) | D11: 1. Charizardite Y (64.2%) 2. Charizardite X (34.8%) 3. Raichunite Y (0.1%) 4. Choice Scarf (0.1%) 5. Lum Berry (0.1%) 6. Expert Belt (0%) 7. Quick Claw (0%) 8. Life Orb (0%) 9. White Herb (0%) 10. Leftovers (0%) | E11: 1. Blaze (87.7%) 2. Solar Power (12.3%) | F11: 1. Modest +C -A (38.7%) 2. Timid +S -A (24.9%) 3. Adamant +A -C (21.5%) 4. Jolly +S -C (13.4%) 5. Bold +B -A (0.4%) 6. Impish +B -C (0.2%) 7. Docile (0.2%) 8. Calm +D -A (0.1%) 9. Naive +S -D (0.1%) 10. Mild +C -B (0.1%) | G11: 1. Garchomp 2. Mimikyu 3. Primarina 4. Metagross 5. Archaludon 6. Hippowdon 7. Meowscarada 8. Hydreigon 9. Greninja 10. Corviknight | H11: 1. H2/A0/B0/C32/D0/S32 (27.9%) 2. H2/A32/B0/C0/D0/S32 (15.5%) 3. H4/A30/B0/C0/D0/S32 (6.2%) 4. H12/A0/B20/C16/D0/S18 (3.6%) 5. H0/A0/B2/C32/D0/S32 (3.1%) 6. H6/A0/B9/C29/D0/S22 (2.5%) 7. H14/A0/B12/C21/D0/S19 (2.2%) 8. H0/A32/B2/C0/D0/S32 (1.6%) 9. H0/A0/B0/C32/D2/S32 (1.4%) 10. H12/A0/B20/C14/D0/S20 (1.3%) | I11: Moves/Outrage 22.7→0.0% (-22.7) Moves/Dragon Claw 0.0→17.9% (+17.9) | J11: 1. Solar Beam (62.6%) 2. Flamethrower (41.6%) 3. Air Slash (41.1%) 4. Flare Blitz (34.2%) 5. Flame Charge (29.1%) | K11: 6. Overheat (24.7%) 7. Dragon Dance (21.6%) 8. Weather Ball (19.8%) 9. Roost (19.5%) 10. Dragon Claw (17.9%) | L11: 1. Charizardite Y (64.2%) 2. Charizardite X (34.8%) 3. Raichunite Y (0.1%) 4. Choice Scarf (0.1%) 5. Lum Berry (0.1%) | M11: 6. Expert Belt (0%) 7. Quick Claw (0%) 8. Life Orb (0%) 9. White Herb (0%) 10. Leftovers (0%) | N11: 1. Modest +C -A (38.7%) 2. Timid +S -A (24.9%) 3. Adamant +A -C (21.5%) 4. Jolly +S -C (13.4%) 5. Bold +B -A (0.4%) | O11: 6. Impish +B -C (0.2%) 7. Docile (0.2%) 8. Calm +D -A (0.1%) 9. Naive +S -D (0.1%) 10. Mild +C -B (0.1%) | P11: 1. H2/A0/B0/C32/D0/S32 (27.9%) 2. H2/A32/B0/C0/D0/S32 (15.5%) 3. H4/A30/B0/C0/D0/S32 (6.2%) 4. H12/A0/B20/C16/D0/S18 (3.6%) 5. H0/A0/B2/C32/D0/S32 (3.1%) | Q11: 6. H6/A0/B9/C29/D0/S22 (2.5%) 7. H14/A0/B12/C21/D0/S19 (2.2%) 8. H0/A32/B2/C0/D0/S32 (1.6%) 9. H0/A0/B0/C32/D2/S32 (1.4%) 10. H12/A0/B20/C14/D0/S20 (1.3%) | R11: 1. Garchomp 2. Mimikyu 3. Primarina 4. Metagross 5. Archaludon | S11: 6. Hippowdon 7. Meowscarada 8. Hydreigon 9. Greninja 10. Corviknight
A12: 11 | B12: Delphox | C12: 1. Flamethrower (84.8%) 2. Dazzling Gleam (63.4%) 3. Psychic (56.5%) 4. Substitute (44.3%) 5. Psyshock (39.9%) 6. Nasty Plot (37.8%) 7. Encore (17.5%) 8. Mystical Fire (10%) 9. Grass Knot (9.3%) 10. Shadow Ball (8.8%) | D12: 1. Delphoxite (99.2%) 2. Choice Scarf (0.3%) 3. Focus Sash (0.1%) 4. Life Orb (0%) 5. Blazikenite (0%) 6. Light Clay (0%) 7. Twisted Spoon (0%) 8. Raichunite Y (0%) 9. Staraptite (0%) 10. Lucarionite (0%) | E12: 1. Blaze (91.5%) 2. Magician (8.5%) | F12: 1. Timid +S -A (80.1%) 2. Modest +C -A (18.9%) 3. Bold +B -A (0.3%) 4. Mild +C -B (0.3%) 5. Hasty +S -B (0.2%) 6. Calm +D -A (0.1%) 7. Gentle +D -B (0%) 8. Quiet +C -S (0%) 9. Quirky (0%) 10. Naive +S -D (0%) | G12: 1. Garchomp 2. Mimikyu 3. Meowscarada 4. Archaludon 5. Primarina 6. Gyarados 7. Hippowdon 8. Metagross 9. Ninetales-Alola 10. Scizor | H12: 1. H2/A0/B0/C32/D0/S32 (20.5%) 2. H1/A0/B1/C32/D0/S32 (10.1%) 3. H5/A0/B0/C32/D0/S29 (9%) 4. H1/A0/B4/C32/D0/S29 (7.5%) 5. H1/A0/B0/C32/D1/S32 (3.5%) 6. H0/A0/B2/C32/D0/S32 (3.2%) 7. H9/A0/B8/C19/D0/S30 (2.6%) 8. H9/A0/B1/C27/D0/S29 (1.8%) 9. H25/A0/B0/C12/D0/S29 (1.7%) 10. H0/A0/B0/C32/D2/S32 (1.7%) | I12: No significant change this update | J12: 1. Flamethrower (84.8%) 2. Dazzling Gleam (63.4%) 3. Psychic (56.5%) 4. Substitute (44.3%) 5. Psyshock (39.9%) | K12: 6. Nasty Plot (37.8%) 7. Encore (17.5%) 8. Mystical Fire (10%) 9. Grass Knot (9.3%) 10. Shadow Ball (8.8%) | L12: 1. Delphoxite (99.2%) 2. Choice Scarf (0.3%) 3. Focus Sash (0.1%) 4. Life Orb (0%) 5. Blazikenite (0%) | M12: 6. Light Clay (0%) 7. Twisted Spoon (0%) 8. Raichunite Y (0%) 9. Staraptite (0%) 10. Lucarionite (0%) | N12: 1. Timid +S -A (80.1%) 2. Modest +C -A (18.9%) 3. Bold +B -A (0.3%) 4. Mild +C -B (0.3%) 5. Hasty +S -B (0.2%) | O12: 6. Calm +D -A (0.1%) 7. Gentle +D -B (0%) 8. Quiet +C -S (0%) 9. Quirky (0%) 10. Naive +S -D (0%) | P12: 1. H2/A0/B0/C32/D0/S32 (20.5%) 2. H1/A0/B1/C32/D0/S32 (10.1%) 3. H5/A0/B0/C32/D0/S29 (9%) 4. H1/A0/B4/C32/D0/S29 (7.5%) 5. H1/A0/B0/C32/D1/S32 (3.5%) | Q12: 6. H0/A0/B2/C32/D0/S32 (3.2%) 7. H9/A0/B8/C19/D0/S30 (2.6%) 8. H9/A0/B1/C27/D0/S29 (1.8%) 9. H25/A0/B0/C12/D0/S29 (1.7%) 10. H0/A0/B0/C32/D2/S32 (1.7%) | R12: 1. Garchomp 2. Mimikyu 3. Meowscarada 4. Archaludon 5. Primarina | S12: 6. Gyarados 7. Hippowdon 8. Metagross 9. Ninetales-Alola 10. Scizor
A13: 12 | B13: Greninja | C13: 1. Dark Pulse (86.9%) 2. Ice Beam (84.4%) 3. Water Shuriken (68.3%) 4. Sludge Wave (68.3%) 5. Surf (46.8%) 6. Grass Knot (7.9%) 7. Hydro Pump (6.6%) 8. Mud Shot (4.6%) 9. Toxic Spikes (4.5%) 10. U-turn (2.4%) | D13: 1. Greninjite (46.9%) 2. Focus Sash (44.3%) 3. Life Orb (4.1%) 4. Choice Scarf (3.5%) 5. Expert Belt (0.6%) 6. Light Ball (0.2%) 7. Mystic Water (0.1%) 8. King's Rock (0.1%) 9. Focus Band (0%) 10. Bright Powder (0%) | E13: 1. Protean (67.7%) 2. Torrent (32.3%) | F13: 1. Timid +S -A (52%) 2. Modest +C -A (42.8%) 3. Naive +S -D (2.5%) 4. Rash +C -D (0.8%) 5. Hasty +S -B (0.7%) 6. Mild +C -B (0.5%) 7. Jolly +S -C (0.3%) 8. Naughty +A -D (0.2%) 9. Adamant +A -C (0.1%) 10. Sassy +D -S (0%) | G13: 1. Mimikyu 2. Garchomp 3. Archaludon 4. Hippowdon 5. Metagross 6. Blaziken 7. Meowscarada 8. Charizard 9. Dragonite 10. Mawile | H13: 1. H2/A0/B0/C32/D0/S32 (59%) 2. H0/A0/B2/C32/D0/S32 (8.4%) 3. H6/A0/B1/C32/D0/S27 (4.3%) 4. H0/A0/B1/C32/D1/S32 (2.8%) 5. H0/A0/B0/C32/D2/S32 (2.7%) 6. H2/A0/B1/C32/D0/S31 (2.4%) 7. H8/A0/B0/C32/D0/S26 (2.1%) 8. H6/A0/B0/C32/D0/S28 (1.5%) 9. H16/A0/B0/C28/D1/S21 (1.5%) 10. H0/A2/B0/C32/D0/S32 (1.4%) | I13: No significant change this update | J13: 1. Dark Pulse (86.9%) 2. Ice Beam (84.4%) 3. Water Shuriken (68.3%) 4. Sludge Wave (68.3%) 5. Surf (46.8%) | K13: 6. Grass Knot (7.9%) 7. Hydro Pump (6.6%) 8. Mud Shot (4.6%) 9. Toxic Spikes (4.5%) 10. U-turn (2.4%) | L13: 1. Greninjite (46.9%) 2. Focus Sash (44.3%) 3. Life Orb (4.1%) 4. Choice Scarf (3.5%) 5. Expert Belt (0.6%) | M13: 6. Light Ball (0.2%) 7. Mystic Water (0.1%) 8. King's Rock (0.1%) 9. Focus Band (0%) 10. Bright Powder (0%) | N13: 1. Timid +S -A (52%) 2. Modest +C -A (42.8%) 3. Naive +S -D (2.5%) 4. Rash +C -D (0.8%) 5. Hasty +S -B (0.7%) | O13: 6. Mild +C -B (0.5%) 7. Jolly +S -C (0.3%) 8. Naughty +A -D (0.2%) 9. Adamant +A -C (0.1%) 10. Sassy +D -S (0%) | P13: 1. H2/A0/B0/C32/D0/S32 (59%) 2. H0/A0/B2/C32/D0/S32 (8.4%) 3. H6/A0/B1/C32/D0/S27 (4.3%) 4. H0/A0/B1/C32/D1/S32 (2.8%) 5. H0/A0/B0/C32/D2/S32 (2.7%) | Q13: 6. H2/A0/B1/C32/D0/S31 (2.4%) 7. H8/A0/B0/C32/D0/S26 (2.1%) 8. H6/A0/B0/C32/D0/S28 (1.5%) 9. H16/A0/B0/C28/D1/S21 (1.5%) 10. H0/A2/B0/C32/D0/S32 (1.4%) | R13: 1. Mimikyu 2. Garchomp 3. Archaludon 4. Hippowdon 5. Metagross | S13: 6. Blaziken 7. Meowscarada 8. Charizard 9. Dragonite 10. Mawile
... A62: 61 | B62: Milotic | C62: 1. Recover (96.9%) 2. Scald (96.6%) 3. Mirror Coat (67.5%) 4. Ice Beam (64.5%) 5. Haze (36.9%) 6. Alluring Voice (4.8%) 7. Coil (4.5%) 8. Hypnosis (4.1%) 9. Icy Wind (3.4%) 10. Flip Turn (2.9%) | D62: 1. Leftovers (65.8%) 2. Sitrus Berry (18.2%) 3. Lum Berry (3%) 4. Wacan Berry (2.6%) 5. Focus Sash (1.4%) 6. Expert Belt (1.1%) 7. Shell Bell (1%) 8. Bright Powder (1%) 9. Rindo Berry (0.9%) 10. Mystic Water (0.8%) | E62: 1. Competitive (71.4%) 2. Marvel Scale (19.2%) 3. Cute Charm (9.4%) | F62: 1. Bold +B -A (62.8%) 2. Calm +D -A (26.7%) 3. Modest +C -A (6.8%) 4. Relaxed +B -S (1.8%) 5. Sassy +D -S (0.8%) 6. Quiet +C -S (0.4%) 7. Jolly +S -C (0.3%) 8. Mild +C -B (0.1%) 9. Impish +B -C (0.1%) 10. Careful +D -C (0.1%) | G62: 1. Garchomp 2. Mimikyu 3. Metagross 4. Hydreigon 5. Meowscarada 6. Gengar 7. Mawile 8. Blaziken 9. Delphox 10. Charizard | H62: 1. H32/A0/B32/C0/D2/S0 (25.5%) 2. H32/A0/B32/C1/D1/S0 (6.2%) 3. H31/A0/B32/C0/D3/S0 (5.5%) 4. H32/A0/B32/C2/D0/S0 (5.5%) 5. H32/A0/B0/C2/D32/S0 (4.8%) 6. H32/A0/B2/C0/D32/S0 (3.6%) 7. H32/A0/B32/C0/D0/S2 (3.1%) 8. H2/A0/B32/C0/D32/S0 (2.9%) 9. H32/A0/B15/C19/D0/S0 (1.9%) 10. H32/A0/B2/C32/D0/S0 (1.7%) | I62: No significant change this update | J62: 1. Recover (96.9%) 2. Scald (96.6%) 3. Mirror Coat (67.5%) 4. Ice Beam (64.5%) 5. Haze (36.9%) | K62: 6. Alluring Voice (4.8%) 7. Coil (4.5%) 8. Hypnosis (4.1%) 9. Icy Wind (3.4%) 10. Flip Turn (2.9%) | L62: 1. Leftovers (65.8%) 2. Sitrus Berry (18.2%) 3. Lum Berry (3%) 4. Wacan Berry (2.6%) 5. Focus Sash (1.4%) | M62: 6. Expert Belt (1.1%) 7. Shell Bell (1%) 8. Bright Powder (1%) 9. Rindo Berry (0.9%) 10. Mystic Water (0.8%) | N62: 1. Bold +B -A (62.8%) 2. Calm +D -A (26.7%) 3. Modest +C -A (6.8%) 4. Relaxed +B -S (1.8%) 5. Sassy +D -S (0.8%) | O62: 6. Quiet +C -S (0.4%) 7. Jolly +S -C (0.3%) 8. Mild +C -B (0.1%) 9. Impish +B -C (0.1%) 10. Careful +D -C (0.1%) | P62: 1. H32/A0/B32/C0/D2/S0 (25.5%) 2. H32/A0/B32/C1/D1/S0 (6.2%) 3. H31/A0/B32/C0/D3/S0 (5.5%) 4. H32/A0/B32/C2/D0/S0 (5.5%) 5. H32/A0/B0/C2/D32/S0 (4.8%) | Q62: 6. H32/A0/B2/C0/D32/S0 (3.6%) 7. H32/A0/B32/C0/D0/S2 (3.1%) 8. H2/A0/B32/C0/D32/S0 (2.9%) 9. H32/A0/B15/C19/D0/S0 (1.9%) 10. H32/A0/B2/C32/D0/S0 (1.7%) | R62: 1. Garchomp 2. Mimikyu 3. Metagross 4. Hydreigon 5. Meowscarada | S62: 6. Gengar 7. Mawile 8. Blaziken 9. Delphox 10. Charizard
A63: 62 | B63: Ditto | C63: 1. Transform (100%) | D63: 1. Choice Scarf (79.5%) 2. Quick Claw (8.7%) 3. Focus Sash (8%) 4. Bright Powder (1.5%) 5. Life Orb (0.8%) 6. Sitrus Berry (0.7%) 7. Leftovers (0.4%) 8. Focus Band (0.1%) 9. Expert Belt (0.1%) 10. Lum Berry (0%) | E63: 1. Imposter (99.6%) 2. Limber (0.4%) | F63: 1. Relaxed +B -S (27.1%) 2. Timid +S -A (9.3%) 3. Sassy +D -S (7.7%) 4. Serious (7.4%) 5. Naive +S -D (6.6%) 6. Brave +A -S (5.8%) 7. Jolly +S -C (4.8%) 8. Quiet +C -S (4.2%) 9. Hasty +S -B (3.2%) 10. Calm +D -A (3%) | G63: 1. Garchomp 2. Mimikyu 3. Archaludon 4. Metagross 5. Primarina 6. Charizard 7. Dragonite 8. Raichu 9. Umbreon 10. Gyarados | H63: 1. H32/A0/B0/C0/D0/S0 (20.4%) 2. H32/A0/B32/C0/D2/S0 (12.4%) 3. H32/A0/B2/C0/D32/S0 (8.1%) 4. H32/A2/B32/C0/D0/S0 (7.7%) 5. H32/A0/B2/C0/D0/S32 (7.3%) 6. H32/A0/B0/C0/D0/S32 (5.2%) 7. H32/A2/B0/C0/D0/S32 (4.4%) 8. H32/A0/B0/C0/D2/S32 (3.1%) 9. H32/A0/B32/C0/D0/S0 (2.6%) 10. H32/A0/B0/C2/D0/S32 (2.5%) | I63: No significant change this update | J63: 1. Transform (100%) | L63: 1. Choice Scarf (79.5%) 2. Quick Claw (8.7%) 3. Focus Sash (8%) 4. Bright Powder (1.5%) 5. Life Orb (0.8%) | M63: 6. Sitrus Berry (0.7%) 7. Leftovers (0.4%) 8. Focus Band (0.1%) 9. Expert Belt (0.1%) 10. Lum Berry (0%) | N63: 1. Relaxed +B -S (27.1%) 2. Timid +S -A (9.3%) 3. Sassy +D -S (7.7%) 4. Serious (7.4%) 5. Naive +S -D (6.6%) | O63: 6. Brave +A -S (5.8%) 7. Jolly +S -C (4.8%) 8. Quiet +C -S (4.2%) 9. Hasty +S -B (3.2%) 10. Calm +D -A (3%) | P63: 1. H32/A0/B0/C0/D0/S0 (20.4%) 2. H32/A0/B32/C0/D2/S0 (12.4%) 3. H32/A0/B2/C0/D32/S0 (8.1%) 4. H32/A2/B32/C0/D0/S0 (7.7%) 5. H32/A0/B2/C0/D0/S32 (7.3%) | Q63: 6. H32/A0/B0/C0/D0/S32 (5.2%) 7. H32/A2/B0/C0/D0/S32 (4.4%) 8. H32/A0/B0/C0/D2/S32 (3.1%) 9. H32/A0/B32/C0/D0/S0 (2.6%) 10. H32/A0/B0/C2/D0/S32 (2.5%) | R63: 1. Garchomp 2. Mimikyu 3. Archaludon 4. Metagross 5. Primarina | S63: 6. Charizard 7. Dragonite 8. Raichu 9. Umbreon 10. Gyarados
A64: 63 | B64: Azumarill | C64: 1. Play Rough (93.4%) 2. Aqua Jet (93.2%) 3. Liquidation (62.3%) 4. Belly Drum (55.5%) 5. Superpower (29.8%) 6. Knock Off (15.5%) 7. Brick Break (11.6%) 8. Perish Song (5.9%) 9. Ice Spinner (5.5%) 10. Encore (5%) | D64: 1. Sitrus Berry (70.2%) 2. Life Orb (8.1%) 3. Lum Berry (7%) 4. Mystic Water (3.6%) 5. Leftovers (3.4%) 6. Wacan Berry (2.4%) 7. Expert Belt (1.8%) 8. Chesto Berry (1.2%) 9. Focus Sash (0.9%) 10. Quick Claw (0.4%) | E64: 1. Huge Power (94.2%) 2. Sap Sipper (5.7%) 3. Thick Fat (0.2%) | F64: 1. Adamant +A -C (91.1%) 2. Brave +A -S (1.7%) 3. Bold +B -A (1.7%) 4. Sassy +D -S (1.4%) 5. Impish +B -C (0.8%) 6. Jolly +S -C (0.7%) 7. Relaxed +B -S (0.7%) 8. Careful +D -C (0.6%) 9. Quiet +C -S (0.6%) 10. Calm +D -A (0.5%) | G64: 1. Garchomp 2. Charizard 3. Raichu 4. Hydreigon 5. Metagross 6. Gengar 7. Meowscarada 8. Mimikyu 9. Delphox 10. Archaludon | H64: 1. H32/A32/B0/C0/D0/S2 (15.7%) 2. H31/A32/B0/C0/D0/S3 (12.2%) 3. H31/A32/B3/C0/D0/S0 (6.4%) 4. H32/A32/B2/C0/D0/S0 (5.3%) 5. H32/A32/B0/C0/D2/S0 (4.1%) 6. H32/A32/B1/C0/D1/S0 (3.3%) 7. H29/A32/B3/C0/D2/S0 (2.8%) 8. H15/A32/B0/C0/D0/S19 (2.3%) 9. H31/A32/B0/C0/D3/S0 (2.1%) 10. H32/A0/B32/C0/D2/S0 (2%) | I64: No significant change this update | J64: 1. Play Rough (93.4%) 2. Aqua Jet (93.2%) 3. Liquidation (62.3%) 4. Belly Drum (55.5%) 5. Superpower (29.8%) | K64: 6. Knock Off (15.5%) 7. Brick Break (11.6%) 8. Perish Song (5.9%) 9. Ice Spinner (5.5%) 10. Encore (5%) | L64: 1. Sitrus Berry (70.2%) 2. Life Orb (8.1%) 3. Lum Berry (7%) 4. Mystic Water (3.6%) 5. Leftovers (3.4%) | M64: 6. Wacan Berry (2.4%) 7. Expert Belt (1.8%) 8. Chesto Berry (1.2%) 9. Focus Sash (0.9%) 10. Quick Claw (0.4%) | N64: 1. Adamant +A -C (91.1%) 2. Brave +A -S (1.7%) 3. Bold +B -A (1.7%) 4. Sassy +D -S (1.4%) 5. Impish +B -C (0.8%) | O64: 6. Jolly +S -C (0.7%) 7. Relaxed +B -S (0.7%) 8. Careful +D -C (0.6%) 9. Quiet +C -S (0.6%) 10. Calm +D -A (0.5%) | P64: 1. H32/A32/B0/C0/D0/S2 (15.7%) 2. H31/A32/B0/C0/D0/S3 (12.2%) 3. H31/A32/B3/C0/D0/S0 (6.4%) 4. H32/A32/B2/C0/D0/S0 (5.3%) 5. H32/A32/B0/C0/D2/S0 (4.1%) | Q64: 6. H32/A32/B1/C0/D1/S0 (3.3%) 7. H29/A32/B3/C0/D2/S0 (2.8%) 8. H15/A32/B0/C0/D0/S19 (2.3%) 9. H31/A32/B0/C0/D3/S0 (2.1%) 10. H32/A0/B32/C0/D2/S0 (2%) | R64: 1. Garchomp 2. Charizard 3. Raichu 4. Hydreigon 5. Metagross | S64: 6. Gengar 7. Meowscarada 8. Mimikyu 9. Delphox 10. Archaludon
A65: 64 | B65: Sceptile | C65: 1. Dragon Pulse (88.9%) 2. Earth Power (83.1%) 3. Leaf Storm (77.9%) 4. Shed Tail (56.2%) 5. Energy Ball (18.6%) 6. Substitute (17.9%) 7. Vacuum Wave (17.3%) 8. Focus Blast (12.4%) 9. Endeavor (5.9%) 10. Giga Drain (3.3%) | D65: 1. Sceptilite (84.4%) 2. Focus Sash (5.8%) 3. Sitrus Berry (4.2%) 4. White Herb (1.4%) 5. Choice Scarf (1.3%) 6. Leftovers (0.4%) 7. Oran Berry (0.3%) 8. Light Ball (0.1%) 9. Bright Powder (0.1%) 10. Life Orb (0.1%) | E65: 1. Overgrow (83.8%) 2. Unburden (16.2%) | F65: 1. Timid +S -A (84.6%) 2. Modest +C -A (10%) 3. Bold +B -A (1.3%) 4. Naive +S -D (1.1%) 5. Adamant +A -C (0.8%) 6. Hasty +S -B (0.4%) 7. Lonely +A -B (0.4%) 8. Mild +C -B (0.3%) 9. Jolly +S -C (0.3%) 10. Relaxed +B -S (0.3%) | G65: 1. Garchomp 2. Hippowdon 3. Mimikyu 4. Primarina 5. Blaziken 6. Archaludon 7. Gyarados 8. Ceruledge 9. Greninja 10. Skeledirge | H65: 1. H2/A0/B0/C32/D0/S32 (70.3%) 2. H0/A0/B2/C32/D0/S32 (8.1%) 3. H0/A0/B0/C32/D2/S32 (3.7%) 4. H4/A0/B0/C32/D0/S30 (1.5%) 5. H1/A0/B1/C32/D0/S32 (1.4%) 6. H1/A0/B2/C31/D0/S32 (1.2%) 7. H3/A0/B0/C32/D0/S31 (1%) 8. H0/A2/B0/C32/D0/S32 (1%) 9. H2/A0/B1/C32/D0/S31 (0.9%) 10. H19/A0/B0/C32/D0/S15 (0.9%) | I65: No significant change this update | J65: 1. Dragon Pulse (88.9%) 2. Earth Power (83.1%) 3. Leaf Storm (77.9%) 4. Shed Tail (56.2%) 5. Energy Ball (18.6%) | K65: 6. Substitute (17.9%) 7. Vacuum Wave (17.3%) 8. Focus Blast (12.4%) 9. Endeavor (5.9%) 10. Giga Drain (3.3%) | L65: 1. Sceptilite (84.4%) 2. Focus Sash (5.8%) 3. Sitrus Berry (4.2%) 4. White Herb (1.4%) 5. Choice Scarf (1.3%) | M65: 6. Leftovers (0.4%) 7. Oran Berry (0.3%) 8. Light Ball (0.1%) 9. Bright Powder (0.1%) 10. Life Orb (0.1%) | N65: 1. Timid +S -A (84.6%) 2. Modest +C -A (10%) 3. Bold +B -A (1.3%) 4. Naive +S -D (1.1%) 5. Adamant +A -C (0.8%) | O65: 6. Hasty +S -B (0.4%) 7. Lonely +A -B (0.4%) 8. Mild +C -B (0.3%) 9. Jolly +S -C (0.3%) 10. Relaxed +B -S (0.3%) | P65: 1. H2/A0/B0/C32/D0/S32 (70.3%) 2. H0/A0/B2/C32/D0/S32 (8.1%) 3. H0/A0/B0/C32/D2/S32 (3.7%) 4. H4/A0/B0/C32/D0/S30 (1.5%) 5. H1/A0/B1/C32/D0/S32 (1.4%) | Q65: 6. H1/A0/B2/C31/D0/S32 (1.2%) 7. H3/A0/B0/C32/D0/S31 (1%) 8. H0/A2/B0/C32/D0/S32 (1%) 9. H2/A0/B1/C32/D0/S31 (0.9%) 10. H19/A0/B0/C32/D0/S15 (0.9%) | R65: 1. Garchomp 2. Hippowdon 3. Mimikyu 4. Primarina 5. Blaziken | S65: 6. Archaludon 7. Gyarados 8. Ceruledge 9. Greninja 10. Skeledirge
A66: 65 | B66: Zoroark-Hisui | C66: 1. Bitter Malice (61.8%) 2. Icy Wind (57.1%) 3. Flamethrower (35.5%) 4. Shadow Ball (34.2%) 5. Focus Blast (33.5%) 6. Taunt (23.3%) 7. Shadow Sneak (22.7%) 8. Hyper Beam (14.6%) 9. Hyper Voice (13.4%) 10. Memento (12.9%) | D66: 1. Focus Sash (69.5%) 2. Choice Scarf (13.2%) 3. Life Orb (6.6%) 4. Expert Belt (2.8%) 5. Wise Glasses (1.8%) 6. Bright Powder (1%) 7. Colbur Berry (0.9%) 8. Sitrus Berry (0.6%) 9. Spell Tag (0.6%) 10. Lum Berry (0.6%) | E66: 1. Illusion (100%) | F66: 1. Timid +S -A (58.3%) 2. Modest +C -A (22.4%) 3. Naive +S -D (11%) 4. Hasty +S -B (4.2%) 5. Rash +C -D (1.3%) 6. Relaxed +B -S (0.7%) 7. Jolly +S -C (0.5%) 8. Mild +C -B (0.4%) 9. Sassy +D -S (0.4%) 10. Quiet +C -S (0.4%) | G66: 1. Garchomp 2. Archaludon 3. Meowscarada 4. Metagross 5. Mimikyu 6. Blaziken 7. Gyarados 8. Starmie 9. Staraptor 10. Raichu | H66: 1. H2/A0/B0/C32/D0/S32 (46.2%) 2. H1/A0/B1/C32/D0/S32 (13.5%) 3. H0/A2/B0/C32/D0/S32 (10.6%) 4. H0/A0/B2/C32/D0/S32 (4.3%) 5. H0/A0/B0/C32/D0/S32 (4.1%) 6. H1/A0/B0/C32/D1/S32 (3.4%) 7. H0/A0/B0/C32/D2/S32 (2%) 8. H1/A0/B0/C32/D0/S32 (1.8%) 9. H1/A1/B0/C32/D0/S32 (1.5%) 10. H0/A0/B1/C32/D1/S32 (0.8%) | I66: No significant change this update | J66: 1. Bitter Malice (61.8%) 2. Icy Wind (57.1%) 3. Flamethrower (35.5%) 4. Shadow Ball (34.2%) 5. Focus Blast (33.5%) | K66: 6. Taunt (23.3%) 7. Shadow Sneak (22.7%) 8. Hyper Beam (14.6%) 9. Hyper Voice (13.4%) 10. Memento (12.9%) | L66: 1. Focus Sash (69.5%) 2. Choice Scarf (13.2%) 3. Life Orb (6.6%) 4. Expert Belt (2.8%) 5. Wise Glasses (1.8%) | M66: 6. Bright Powder (1%) 7. Colbur Berry (0.9%) 8. Sitrus Berry (0.6%) 9. Spell Tag (0.6%) 10. Lum Berry (0.6%) | N66: 1. Timid +S -A (58.3%) 2. Modest +C -A (22.4%) 3. Naive +S -D (11%) 4. Hasty +S -B (4.2%) 5. Rash +C -D (1.3%) | O66: 6. Relaxed +B -S (0.7%) 7. Jolly +S -C (0.5%) 8. Mild +C -B (0.4%) 9. Sassy +D -S (0.4%) 10. Quiet +C -S (0.4%) | P66: 1. H2/A0/B0/C32/D0/S32 (46.2%) 2. H1/A0/B1/C32/D0/S32 (13.5%) 3. H0/A2/B0/C32/D0/S32 (10.6%) 4. H0/A0/B2/C32/D0/S32 (4.3%) 5. H0/A0/B0/C32/D0/S32 (4.1%) | Q66: 6. H1/A0/B0/C32/D1/S32 (3.4%) 7. H0/A0/B0/C32/D2/S32 (2%) 8. H1/A0/B0/C32/D0/S32 (1.8%) 9. H1/A1/B0/C32/D0/S32 (1.5%) 10. H0/A0/B1/C32/D1/S32 (0.8%) | R66: 1. Garchomp 2. Archaludon 3. Meowscarada 4. Metagross 5. Mimikyu | S66: 6. Blaziken 7. Gyarados 8. Starmie 9. Staraptor 10. Raichu
A67: 66 | B67: Gallade | C67: 1. Sacred Sword (95.4%) 2. Psycho Cut (83.1%) 3. Leaf Blade (73.8%) 4. Shadow Sneak (54.6%) 5. Night Slash (13.8%) 6. Triple Axel (12.1%) 7. Shadow Claw (11.7%) 8. Destiny Bond (6%) 9. Aqua Cutter (5.9%) 10. Ice Punch (5%) | D67: 1. Focus Sash (41.8%) 2. Choice Scarf (18.2%) 3. Scope Lens (13.1%) 4. Lum Berry (9%) 5. Galladite (7.6%) 6. Life Orb (4.6%) 7. Expert Belt (2%) 8. Sitrus Berry (1%) 9. Muscle Band (0.9%) 10. Quick Claw (0.5%) | E67: 1. Sharpness (96.6%) 2. Justified (2.9%) 3. Steadfast (0.5%) | F67: 1. Adamant +A -C (63.2%) 2. Jolly +S -C (34.1%) 3. Careful +D -C (1%) 4. Sassy +D -S (0.8%) 5. Brave +A -S (0.6%) 6. Impish +B -C (0.2%) 7. Lonely +A -B (0%) 8. Relaxed +B -S (0%) | G67: 1. Garchomp 2. Meowscarada 3. Mimikyu 4. Primarina 5. Charizard 6. Archaludon 7. Greninja 8. Delphox 9. Gyarados 10. Blaziken | H67: 1. H2/A32/B0/C0/D0/S32 (48.1%) 2. H0/A32/B2/C0/D0/S32 (8.8%) 3. H32/A32/B2/C0/D0/S0 (4.8%) 4. H0/A32/B0/C0/D2/S32 (3.8%) 5. H28/A32/B0/C0/D0/S6 (3.6%) 6. H2/A32/B32/C0/D0/S0 (1.9%) 7. H2/A32/B0/C0/D32/S0 (1.9%) 8. H0/A32/B0/C0/D0/S32 (1.6%) 9. H0/A26/B8/C0/D0/S32 (1%) 10. H18/A32/B16/C0/D0/S0 (1%) | I67: No significant change this update | J67: 1. Sacred Sword (95.4%) 2. Psycho Cut (83.1%) 3. Leaf Blade (73.8%) 4. Shadow Sneak (54.6%) 5. Night Slash (13.8%) | K67: 6. Triple Axel (12.1%) 7. Shadow Claw (11.7%) 8. Destiny Bond (6%) 9. Aqua Cutter (5.9%) 10. Ice Punch (5%) | L67: 1. Focus Sash (41.8%) 2. Choice Scarf (18.2%) 3. Scope Lens (13.1%) 4. Lum Berry (9%) 5. Galladite (7.6%) | M67: 6. Life Orb (4.6%) 7. Expert Belt (2%) 8. Sitrus Berry (1%) 9. Muscle Band (0.9%) 10. Quick Claw (0.5%) | N67: 1. Adamant +A -C (63.2%) 2. Jolly +S -C (34.1%) 3. Careful +D -C (1%) 4. Sassy +D -S (0.8%) | O67: 5. Brave +A -S (0.6%) 6. Impish +B -C (0.2%) 7. Lonely +A -B (0%) 8. Relaxed +B -S (0%) | P67: 1. H2/A32/B0/C0/D0/S32 (48.1%) 2. H0/A32/B2/C0/D0/S32 (8.8%) 3. H32/A32/B2/C0/D0/S0 (4.8%) 4. H0/A32/B0/C0/D2/S32 (3.8%) 5. H28/A32/B0/C0/D0/S6 (3.6%) | Q67: 6. H2/A32/B32/C0/D0/S0 (1.9%) 7. H2/A32/B0/C0/D32/S0 (1.9%) 8. H0/A32/B0/C0/D0/S32 (1.6%) 9. H0/A26/B8/C0/D0/S32 (1%) 10. H18/A32/B16/C0/D0/S0 (1%) | R67: 1. Garchomp 2. Meowscarada 3. Mimikyu 4. Primarina 5. Charizard | S67: 6. Archaludon 7. Greninja 8. Delphox 9. Gyarados 10. Blaziken
A68: 67 | B68: Goodra-Hisui | C68: 1. Draco Meteor (63.8%) 2. Flamethrower (50.6%) 3. Heavy Slam (43.2%) 4. Flash Cannon (38.5%) 5. Dragon Tail (37.6%) 6. Thunderbolt (27.9%) 7. Shelter (22.2%) 8. Body Press (21.2%) 9. Ice Beam (15.1%) 10. Acid Spray (13.7%) | D68: 1. Leftovers (64.1%) 2. Sitrus Berry (11.5%) 3. Chesto Berry (5.1%) 4. Shuca Berry (4.9%) 5. Expert Belt (3.5%) 6. Dragon Fang (2.8%) 7. White Herb (2.3%) 8. Life Orb (1.7%) 9. Focus Sash (1%) 10. Wise Glasses (0.7%) | E68: 1. Gooey (48.6%) 2. Sap Sipper (25.9%) 3. Shell Armor (25.5%) | F68: 1. Sassy +D -S (37.3%) 2. Modest +C -A (20.7%) 3. Calm +D -A (14.7%) 4. Bold +B -A (13%) 5. Quiet +C -S (5.7%) 6. Impish +B -C (2.9%) 7. Relaxed +B -S (1.9%) 8. Careful +D -C (1.6%) 9. Adamant +A -C (1.3%) 10. Serious (0.5%) | G68: 1. Hippowdon 2. Meganium 3. Blastoise 4. Toxapex 5. Gholdengo 6. Garchomp 7. Gyarados 8. Skeledirge 9. Meowscarada 10. Mimikyu | H68: 1. H22/A11/B0/C1/D32/S0 (25.7%) 2. H32/A0/B32/C0/D2/S0 (10.4%) 3. H32/A0/B2/C32/D0/S0 (7.1%) 4. H32/A0/B0/C32/D2/S0 (7.1%) 5. H32/A0/B32/C0/D0/S2 (2.9%) 6. H32/A0/B0/C32/D0/S2 (2.7%) 7. H22/A11/B1/C0/D32/S0 (2.3%) 8. H2/A0/B0/C32/D32/S0 (1.9%) 9. H22/A0/B11/C1/D32/S0 (1.7%) 10. H22/A12/B0/C0/D32/S0 (1.6%) | I68: No significant change this update | J68: 1. Draco Meteor (63.8%) 2. Flamethrower (50.6%) 3. Heavy Slam (43.2%) 4. Flash Cannon (38.5%) 5. Dragon Tail (37.6%) | K68: 6. Thunderbolt (27.9%) 7. Shelter (22.2%) 8. Body Press (21.2%) 9. Ice Beam (15.1%) 10. Acid Spray (13.7%) | L68: 1. Leftovers (64.1%) 2. Sitrus Berry (11.5%) 3. Chesto Berry (5.1%) 4. Shuca Berry (4.9%) 5. Expert Belt (3.5%) | M68: 6. Dragon Fang (2.8%) 7. White Herb (2.3%) 8. Life Orb (1.7%) 9. Focus Sash (1%) 10. Wise Glasses (0.7%) | N68: 1. Sassy +D -S (37.3%) 2. Modest +C -A (20.7%) 3. Calm +D -A (14.7%) 4. Bold +B -A (13%) 5. Quiet +C -S (5.7%) | O68: 6. Impish +B -C (2.9%) 7. Relaxed +B -S (1.9%) 8. Careful +D -C (1.6%) 9. Adamant +A -C (1.3%) 10. Serious (0.5%) | P68: 1. H22/A11/B0/C1/D32/S0 (25.7%) 2. H32/A0/B32/C0/D2/S0 (10.4%) 3. H32/A0/B2/C32/D0/S0 (7.1%) 4. H32/A0/B0/C32/D2/S0 (7.1%) 5. H32/A0/B32/C0/D0/S2 (2.9%) | Q68: 6. H32/A0/B0/C32/D0/S2 (2.7%) 7. H22/A11/B1/C0/D32/S0 (2.3%) 8. H2/A0/B0/C32/D32/S0 (1.9%) 9. H22/A0/B11/C1/D32/S0 (1.7%) 10. H22/A12/B0/C0/D32/S0 (1.6%) | R68: 1. Hippowdon 2. Meganium 3. Blastoise 4. Toxapex 5. Gholdengo | S68: 6. Garchomp 7. Gyarados 8. Skeledirge 9. Meowscarada 10. Mimikyu
A69: 68 | B69: Araquanid | C69: 1. Sticky Web (89.3%) 2. Liquidation (78.3%) 3. Mirror Coat (70.6%) 4. Leech Life (26.8%) 5. Lunge (20.4%) 6. Surf (18.8%) 7. Icy Wind (13.9%) 8. Endeavor (12.4%) 9. Ice Beam (10.7%) 10. Pounce (9.8%) | D69: 1. Sitrus Berry (44.7%) 2. Mystic Water (14.2%) 3. Focus Sash (12%) 4. Leftovers (10.2%) 5. Wacan Berry (5.3%) 6. Life Orb (3.6%) 7. Lum Berry (2.6%) 8. Quick Claw (2.1%) 9. Mental Herb (1.2%) 10. Chesto Berry (0.8%) | E69: 1. Water Bubble (99.1%) 2. Water Absorb (0.9%) | F69: 1. Adamant +A -C (38.5%) 2. Modest +C -A (14.8%) 3. Impish +B -C (10.8%) 4. Careful +D -C (8%) 5. Jolly +S -C (6.7%) 6. Relaxed +B -S (5.7%) 7. Brave +A -S (4.5%) 8. Quiet +C -S (2.9%) 9. Bold +B -A (2.8%) 10. Calm +D -A (1.8%) | G69: 1. Garchomp 2. Mimikyu 3. Raichu 4. Metagross 5. Hippowdon 6. Scizor 7. Meowscarada 8. Gyarados 9. Charizard 10. Archaludon | H69: 1. H32/A32/B2/C0/D0/S0 (22.9%) 2. H32/A0/B32/C0/D2/S0 (7%) 3. H16/A18/B0/C0/D0/S32 (4.9%) 4. H32/A0/B2/C32/D0/S0 (4.5%) 5. H32/A32/B0/C0/D2/S0 (3.9%) 6. H32/A0/B0/C32/D2/S0 (3.6%) 7. H28/A0/B0/C32/D0/S6 (3.3%) 8. H28/A32/B0/C0/D0/S6 (2.4%) 9. H32/A2/B32/C0/D0/S0 (2.3%) 10. H32/A0/B28/C0/D6/S0 (2.1%) | I69: No significant change this update | J69: 1. Sticky Web (89.3%) 2. Liquidation (78.3%) 3. Mirror Coat (70.6%) 4. Leech Life (26.8%) 5. Lunge (20.4%) | K69: 6. Surf (18.8%) 7. Icy Wind (13.9%) 8. Endeavor (12.4%) 9. Ice Beam (10.7%) 10. Pounce (9.8%) | L69: 1. Sitrus Berry (44.7%) 2. Mystic Water (14.2%) 3. Focus Sash (12%) 4. Leftovers (10.2%) 5. Wacan Berry (5.3%) | M69: 6. Life Orb (3.6%) 7. Lum Berry (2.6%) 8. Quick Claw (2.1%) 9. Mental Herb (1.2%) 10. Chesto Berry (0.8%) | N69: 1. Adamant +A -C (38.5%) 2. Modest +C -A (14.8%) 3. Impish +B -C (10.8%) 4. Careful +D -C (8%) 5. Jolly +S -C (6.7%) | O69: 6. Relaxed +B -S (5.7%) 7. Brave +A -S (4.5%) 8. Quiet +C -S (2.9%) 9. Bold +B -A (2.8%) 10. Calm +D -A (1.8%) | P69: 1. H32/A32/B2/C0/D0/S0 (22.9%) 2. H32/A0/B32/C0/D2/S0 (7%) 3. H16/A18/B0/C0/D0/S32 (4.9%) 4. H32/A0/B2/C32/D0/S0 (4.5%) 5. H32/A32/B0/C0/D2/S0 (3.9%) | Q69: 6. H32/A0/B0/C32/D2/S0 (3.6%) 7. H28/A0/B0/C32/D0/S6 (3.3%) 8. H28/A32/B0/C0/D0/S6 (2.4%) 9. H32/A2/B32/C0/D0/S0 (2.3%) 10. H32/A0/B28/C0/D6/S0 (2.1%) | R69: 1. Garchomp 2. Mimikyu 3. Raichu 4. Metagross 5. Hippowdon | S69: 6. Scizor 7. Meowscarada 8. Gyarados 9. Charizard 10. Archaludon
A70: 69 | B70: Vivillon | C70: 1. Sleep Powder (98.3%) 2. Hurricane (97.5%) 3. Quiver Dance (96.9%) 4. Substitute (91.5%) 5. Bug Buzz (4.9%) 6. Tailwind (2.1%) 7. Rage Powder (1.7%) 8. Protect (1.5%) 9. Pollen Puff (1.5%) 10. Giga Drain (1.4%) | D70: 1. Leftovers (86.5%) 2. Focus Sash (7.5%) 3. Wide Lens (1%) 4. Bright Powder (0.8%) 5. Quick Claw (0.8%) 6. Wise Glasses (0.8%) 7. Choice Scarf (0.2%) 8. Sitrus Berry (0.2%) 9. Life Orb (0.1%) 10. Lum Berry (0.1%) | E70: 1. Compound Eyes (97.7%) 2. Friend Guard (2.3%) 3. Shield Dust (0%) | F70: 1. Timid +S -A (97.6%) 2. Modest +C -A (1.6%) 3. Serious (0.3%) 4. Calm +D -A (0.2%) 5. Quiet +C -S (0.2%) 6. Bold +B -A (0.1%) 7. Hasty +S -B (0%) | G70: 1. Mimikyu 2. Archaludon 3. Greninja 4. Espathra 5. Lopunny 6. Blaziken 7. Garchomp 8. Metagross 9. Gyarados 10. Basculegion | H70: 1. H6/A0/B28/C0/D0/S32 (41%) 2. H2/A0/B0/C32/D0/S32 (21.9%) 3. H6/A0/B0/C28/D0/S32 (12.8%) 4. H0/A0/B2/C32/D0/S32 (3.2%) 5. H32/A0/B0/C2/D0/S32 (2.3%) 6. H32/A0/B1/C0/D1/S32 (1.8%) 7. H0/A0/B0/C32/D0/S32 (1.8%) 8. H32/A0/B0/C0/D2/S32 (1.6%) 9. H18/A0/B0/C16/D0/S32 (1.4%) 10. H32/A0/B2/C0/D0/S32 (1.4%) | I70: No significant change this update | J70: 1. Sleep Powder (98.3%) 2. Hurricane (97.5%) 3. Quiver Dance (96.9%) 4. Substitute (91.5%) 5. Bug Buzz (4.9%) | K70: 6. Tailwind (2.1%) 7. Rage Powder (1.7%) 8. Protect (1.5%) 9. Pollen Puff (1.5%) 10. Giga Drain (1.4%) | L70: 1. Leftovers (86.5%) 2. Focus Sash (7.5%) 3. Wide Lens (1%) 4. Bright Powder (0.8%) 5. Quick Claw (0.8%) | M70: 6. Wise Glasses (0.8%) 7. Choice Scarf (0.2%) 8. Sitrus Berry (0.2%) 9. Life Orb (0.1%) 10. Lum Berry (0.1%) | N70: 1. Timid +S -A (97.6%) 2. Modest +C -A (1.6%) 3. Serious (0.3%) 4. Calm +D -A (0.2%) | O70: 5. Quiet +C -S (0.2%) 6. Bold +B -A (0.1%) 7. Hasty +S -B (0%) | P70: 1. H6/A0/B28/C0/D0/S32 (41%) 2. H2/A0/B0/C32/D0/S32 (21.9%) 3. H6/A0/B0/C28/D0/S32 (12.8%) 4. H0/A0/B2/C32/D0/S32 (3.2%) 5. H32/A0/B0/C2/D0/S32 (2.3%) | Q70: 6. H32/A0/B1/C0/D1/S32 (1.8%) 7. H0/A0/B0/C32/D0/S32 (1.8%) 8. H32/A0/B0/C0/D2/S32 (1.6%) 9. H18/A0/B0/C16/D0/S32 (1.4%) 10. H32/A0/B2/C0/D0/S32 (1.4%) | R70: 1. Mimikyu 2. Archaludon 3. Greninja 4. Espathra 5. Lopunny | S70: 6. Blaziken 7. Garchomp 8. Metagross 9. Gyarados 10. Basculegion
A71: 70 | B71: Sableye | C71: 1. Will-O-Wisp (71.9%) 2. Foul Play (61.1%) 3. Encore (59%) 4. Recover (48.2%) 5. Light Screen (38.8%) 6. Reflect (34.4%) 7. Disable (12.2%) 8. Calm Mind (11.5%) 9. Taunt (9%) 10. Metal Burst (7.3%) | D71: 1. Light Clay (34.4%) 2. Sablenite (34%) 3. Leftovers (13.7%) 4. Focus Sash (5%) 5. Roseli Berry (3.9%) 6. Sitrus Berry (2.8%) 7. Wide Lens (2.6%) 8. Iron Ball (1%) 9. Bright Powder (0.7%) 10. Damp Rock (0.2%) | E71: 1. Prankster (99.6%) 2. Keen Eye (0.2%) 3. Stall (0.1%) | F71: 1. Bold +B -A (38.5%) 2. Impish +B -C (25.5%) 3. Calm +D -A (13.7%) 4. Careful +D -C (9.3%) 5. Relaxed +B -S (6.6%) 6. Sassy +D -S (3.2%) 7. Adamant +A -C (1.4%) 8. Brave +A -S (0.7%) 9. Lonely +A -B (0.3%) 10. Modest +C -A (0.2%) | G71: 1. Garchomp 2. Blaziken 3. Gyarados 4. Metagross 5. Archaludon 6. Mimikyu 7. Primarina 8. Greninja 9. Meowscarada 10. Staraptor | H71: 1. H32/A0/B32/C0/D2/S0 (35.4%) 2. H32/A0/B2/C0/D32/S0 (15.1%) 3. H32/A0/B25/C0/D9/S0 (9.3%) 4. H32/A0/B18/C0/D16/S0 (4.9%) 5. H32/A0/B32/C0/D0/S0 (3.5%) 6. H32/A0/B7/C0/D27/S0 (2.9%) 7. H32/A0/B15/C0/D19/S0 (2.5%) 8. H32/A0/B9/C0/D25/S0 (2.3%) 9. H32/A0/B16/C0/D18/S0 (2%) 10. H32/A0/B32/C0/D0/S2 (2%) | I71: No significant change this update | J71: 1. Will-O-Wisp (71.9%) 2. Foul Play (61.1%) 3. Encore (59%) 4. Recover (48.2%) 5. Light Screen (38.8%) | K71: 6. Reflect (34.4%) 7. Disable (12.2%) 8. Calm Mind (11.5%) 9. Taunt (9%) 10. Metal Burst (7.3%) | L71: 1. Light Clay (34.4%) 2. Sablenite (34%) 3. Leftovers (13.7%) 4. Focus Sash (5%) 5. Roseli Berry (3.9%) | M71: 6. Sitrus Berry (2.8%) 7. Wide Lens (2.6%) 8. Iron Ball (1%) 9. Bright Powder (0.7%) 10. Damp Rock (0.2%) | N71: 1. Bold +B -A (38.5%) 2. Impish +B -C (25.5%) 3. Calm +D -A (13.7%) 4. Careful +D -C (9.3%) 5. Relaxed +B -S (6.6%) | O71: 6. Sassy +D -S (3.2%) 7. Adamant +A -C (1.4%) 8. Brave +A -S (0.7%) 9. Lonely +A -B (0.3%) 10. Modest +C -A (0.2%) | P71: 1. H32/A0/B32/C0/D2/S0 (35.4%) 2. H32/A0/B2/C0/D32/S0 (15.1%) 3. H32/A0/B25/C0/D9/S0 (9.3%) 4. H32/A0/B18/C0/D16/S0 (4.9%) 5. H32/A0/B32/C0/D0/S0 (3.5%) | Q71: 6. H32/A0/B7/C0/D27/S0 (2.9%) 7. H32/A0/B15/C0/D19/S0 (2.5%) 8. H32/A0/B9/C0/D25/S0 (2.3%) 9. H32/A0/B16/C0/D18/S0 (2%) 10. H32/A0/B32/C0/D0/S2 (2%) | R71: 1. Garchomp 2. Blaziken 3. Gyarados 4. Metagross 5. Archaludon | S71: 6. Mimikyu 7. Primarina 8. Greninja 9. Meowscarada 10. Staraptor
A72: 71 | B72: Skarmory | C72: 1. Roost (63.1%) 2. Stealth Rock (45.6%) 3. Brave Bird (36.9%) 4. Whirlwind (36.7%) 5. Body Press (36.3%) 6. Swords Dance (30.8%) 7. Drill Run (28.9%) 8. Iron Head (28.9%) 9. Iron Defense (27.8%) 10. Spikes (19.4%) | D72: 1. Skarmorite (35.8%) 2. Sitrus Berry (28.5%) 3. Leftovers (19.7%) 4. Mental Herb (4.3%) 5. Lum Berry (4%) 6. Bright Powder (2.5%) 7. Life Orb (1.6%) 8. Wacan Berry (0.8%) 9. Metal Coat (0.6%) 10. Black Belt (0.5%) | E72: 1. Sturdy (72.1%) 2. Weak Armor (26.9%) 3. Keen Eye (0.9%) | F72: 1. Impish +B -C (45.8%) 2. Jolly +S -C (22.4%) 3. Adamant +A -C (13.3%) 4. Careful +D -C (8.5%) 5. Bold +B -A (7.2%) 6. Relaxed +B -S (1.3%) 7. Calm +D -A (0.8%) 8. Timid +S -A (0.2%) 9. Serious (0.2%) 10. Brave +A -S (0.2%) | G72: 1. Garchomp 2. Dragalge 3. Archaludon 4. Delphox 5. Mimikyu 6. Meowscarada 7. Blaziken 8. Primarina 9. Skeledirge 10. Umbreon | H72: 1. H32/A0/B32/C0/D2/S0 (21.6%) 2. H32/A0/B32/C0/D0/S2 (8%) 3. H2/A32/B0/C0/D0/S32 (5.3%) 4. H32/A0/B2/C0/D32/S0 (4.8%) 5. H31/A0/B32/C0/D3/S0 (3.3%) 6. H1/A32/B1/C0/D0/S32 (2.6%) 7. H32/A0/B32/C0/D1/S1 (2.2%) 8. H5/A32/B4/C0/D0/S25 (2.2%) 9. H32/A2/B32/C0/D0/S0 (1.9%) 10. H19/A32/B0/C0/D0/S15 (1.9%) | I72: No significant change this update | J72: 1. Roost (63.1%) 2. Stealth Rock (45.6%) 3. Brave Bird (36.9%) 4. Whirlwind (36.7%) 5. Body Press (36.3%) | K72: 6. Swords Dance (30.8%) 7. Drill Run (28.9%) 8. Iron Head (28.9%) 9. Iron Defense (27.8%) 10. Spikes (19.4%) | L72: 1. Skarmorite (35.8%) 2. Sitrus Berry (28.5%) 3. Leftovers (19.7%) 4. Mental Herb (4.3%) 5. Lum Berry (4%) | M72: 6. Bright Powder (2.5%) 7. Life Orb (1.6%) 8. Wacan Berry (0.8%) 9. Metal Coat (0.6%) 10. Black Belt (0.5%) | N72: 1. Impish +B -C (45.8%) 2. Jolly +S -C (22.4%) 3. Adamant +A -C (13.3%) 4. Careful +D -C (8.5%) 5. Bold +B -A (7.2%) | O72: 6. Relaxed +B -S (1.3%) 7. Calm +D -A (0.8%) 8. Timid +S -A (0.2%) 9. Serious (0.2%) 10. Brave +A -S (0.2%) | P72: 1. H32/A0/B32/C0/D2/S0 (21.6%) 2. H32/A0/B32/C0/D0/S2 (8%) 3. H2/A32/B0/C0/D0/S32 (5.3%) 4. H32/A0/B2/C0/D32/S0 (4.8%) 5. H31/A0/B32/C0/D3/S0 (3.3%) | Q72: 6. H1/A32/B1/C0/D0/S32 (2.6%) 7. H32/A0/B32/C0/D1/S1 (2.2%) 8. H5/A32/B4/C0/D0/S25 (2.2%) 9. H32/A2/B32/C0/D0/S0 (1.9%) 10. H19/A32/B0/C0/D0/S15 (1.9%) | R72: 1. Garchomp 2. Dragalge 3. Archaludon 4. Delphox 5. Mimikyu | S72: 6. Meowscarada 7. Blaziken 8. Primarina 9. Skeledirge 10. Umbreon
A73: 72 | B73: Banette | C73: 1. Destiny Bond (99.4%) 2. Poltergeist (96.2%) 3. Shadow Sneak (72.1%) 4. Encore (67.1%) 5. Taunt (23%) 6. Will-O-Wisp (12.5%) 7. Gunk Shot (9.3%) 8. Sucker Punch (4.5%) 9. Swords Dance (2.9%) 10. Curse (2.7%) | D73: 1. Banettite (99.9%) 2. Choice Scarf (0%) | E73: 1. Frisk (90.1%) 2. Insomnia (6.7%) 3. Cursed Body (3.1%) | F73: 1. Adamant +A -C (73.7%) 2. Brave +A -S (20.8%) 3. Careful +D -C (1.5%) 4. Naughty +A -D (1.4%) 5. Bold +B -A (1.1%) 6. Jolly +S -C (1%) 7. Impish +B -C (0.5%) 8. Sassy +D -S (0.1%) | G73: 1. Mimikyu 2. Archaludon 3. Basculegion 4. Primarina 5. Garchomp 6. Meowscarada 7. Greninja 8. Kingambit 9. Corviknight 10. Staraptor | H73: 1. H32/A32/B2/C0/D0/S0 (32.5%) 2. H32/A32/B0/C0/D2/S0 (12.6%) 3. H32/A32/B0/C0/D0/S2 (10.8%) 4. H30/A25/B0/C0/D4/S7 (5.3%) 5. H32/A32/B1/C0/D1/S0 (3%) 6. H32/A25/B0/C0/D8/S1 (1.6%) 7. H20/A15/B0/C0/D31/S0 (1.5%) 8. H32/A28/B6/C0/D0/S0 (1.5%) 9. H30/A32/B0/C0/D0/S4 (1.4%) 10. H32/A0/B32/C0/D0/S0 (1.3%) | I73: No significant change this update | J73: 1. Destiny Bond (99.4%) 2. Poltergeist (96.2%) 3. Shadow Sneak (72.1%) 4. Encore (67.1%) 5. Taunt (23%) | K73: 6. Will-O-Wisp (12.5%) 7. Gunk Shot (9.3%) 8. Sucker Punch (4.5%) 9. Swords Dance (2.9%) 10. Curse (2.7%) | L73: 1. Banettite (99.9%) | M73: 2. Choice Scarf (0%) | N73: 1. Adamant +A -C (73.7%) 2. Brave +A -S (20.8%) 3. Careful +D -C (1.5%) 4. Naughty +A -D (1.4%) | O73: 5. Bold +B -A (1.1%) 6. Jolly +S -C (1%) 7. Impish +B -C (0.5%) 8. Sassy +D -S (0.1%) | P73: 1. H32/A32/B2/C0/D0/S0 (32.5%) 2. H32/A32/B0/C0/D2/S0 (12.6%) 3. H32/A32/B0/C0/D0/S2 (10.8%) 4. H30/A25/B0/C0/D4/S7 (5.3%) 5. H32/A32/B1/C0/D1/S0 (3%) | Q73: 6. H32/A25/B0/C0/D8/S1 (1.6%) 7. H20/A15/B0/C0/D31/S0 (1.5%) 8. H32/A28/B6/C0/D0/S0 (1.5%) 9. H30/A32/B0/C0/D0/S4 (1.4%) 10. H32/A0/B32/C0/D0/S0 (1.3%) | R73: 1. Mimikyu 2. Archaludon 3. Basculegion 4. Primarina 5. Garchomp | S73: 6. Meowscarada 7. Greninja 8. Kingambit 9. Corviknight 10. Staraptor
A74: 73 | B74: Gardevoir | C74: 1. Vacuum Wave (69.3%) 2. Hyper Voice (58.4%) 3. Thunderbolt (43.1%) 4. Moonblast (37.3%) 5. Psychic (30.1%) 6. Psyshock (26.2%) 7. Mystical Fire (23.8%) 8. Psychic Noise (18.4%) 9. Calm Mind (15.1%) 10. Shadow Ball (12.2%) | D74: 1. Gardevoirite (65.1%) 2. Focus Sash (19.1%) 3. Choice Scarf (6.9%) 4. Life Orb (2.2%) 5. Wide Lens (1.8%) 6. Wise Glasses (1.4%) 7. Kebia Berry (0.5%) 8. Babiri Berry (0.5%) 9. Shell Bell (0.5%) 10. Sitrus Berry (0.5%) | E74: 1. Trace (96.2%) 2. Synchronize (3.3%) 3. Telepathy (0.4%) | F74: 1. Modest +C -A (63.1%) 2. Timid +S -A (27.9%) 3. Bold +B -A (3.1%) 4. Calm +D -A (2.3%) 5. Quiet +C -S (2.2%) 6. Mild +C -B (1%) 7. Relaxed +B -S (0.2%) 8. Hardy (0.1%) 9. Impish +B -C (0.1%) | G74: 1. Garchomp 2. Meowscarada 3. Mimikyu 4. Archaludon 5. Gyarados 6. Kingambit 7. Blaziken 8. Greninja 9. Metagross 10. Ceruledge | H74: 1. H2/A0/B0/C32/D0/S32 (25.2%) 2. H32/A0/B11/C5/D0/S18 (8.7%) 3. H0/A0/B2/C32/D0/S32 (6.8%) 4. H32/A0/B2/C32/D0/S0 (4.6%) 5. H32/A0/B0/C32/D0/S2 (3.5%) 6. H29/A0/B1/C18/D0/S18 (3.3%) 7. H0/A0/B0/C32/D2/S32 (2.8%) 8. H0/A0/B9/C25/D0/S32 (1.9%) 9. H2/A0/B32/C0/D0/S32 (1.8%) 10. H32/A0/B0/C32/D2/S0 (1.8%) | I74: No significant change this update | J74: 1. Vacuum Wave (69.3%) 2. Hyper Voice (58.4%) 3. Thunderbolt (43.1%) 4. Moonblast (37.3%) 5. Psychic (30.1%) | K74: 6. Psyshock (26.2%) 7. Mystical Fire (23.8%) 8. Psychic Noise (18.4%) 9. Calm Mind (15.1%) 10. Shadow Ball (12.2%) | L74: 1. Gardevoirite (65.1%) 2. Focus Sash (19.1%) 3. Choice Scarf (6.9%) 4. Life Orb (2.2%) 5. Wide Lens (1.8%) | M74: 6. Wise Glasses (1.4%) 7. Kebia Berry (0.5%) 8. Babiri Berry (0.5%) 9. Shell Bell (0.5%) 10. Sitrus Berry (0.5%) | N74: 1. Modest +C -A (63.1%) 2. Timid +S -A (27.9%) 3. Bold +B -A (3.1%) 4. Calm +D -A (2.3%) 5. Quiet +C -S (2.2%) | O74: 6. Mild +C -B (1%) 7. Relaxed +B -S (0.2%) 8. Hardy (0.1%) 9. Impish +B -C (0.1%) | P74: 1. H2/A0/B0/C32/D0/S32 (25.2%) 2. H32/A0/B11/C5/D0/S18 (8.7%) 3. H0/A0/B2/C32/D0/S32 (6.8%) 4. H32/A0/B2/C32/D0/S0 (4.6%) 5. H32/A0/B0/C32/D0/S2 (3.5%) | Q74: 6. H29/A0/B1/C18/D0/S18 (3.3%) 7. H0/A0/B0/C32/D2/S32 (2.8%) 8. H0/A0/B9/C25/D0/S32 (1.9%) 9. H2/A0/B32/C0/D0/S32 (1.8%) 10. H32/A0/B0/C32/D2/S0 (1.8%) | R74: 1. Garchomp 2. Meowscarada 3. Mimikyu 4. Archaludon 5. Gyarados | S74: 6. Kingambit 7. Blaziken 8. Greninja 9. Metagross 10. Ceruledge
A75: 74 | B75: Maushold | C75: 1. Population Bomb (95.7%) 2. Tidy Up (91.4%) 3. Encore (81.4%) 4. Bite (59.6%) 5. Baton Pass (22.1%) 6. Bullet Seed (11.6%) 7. Mud Shot (7.4%) 8. Thunder Wave (7.4%) 9. Taunt (4.8%) 10. Super Fang (4%) | D75: 1. Wide Lens (80.2%) 2. Sitrus Berry (7.6%) 3. King's Rock (7.6%) 4. Focus Sash (1.6%) 5. Life Orb (0.9%) 6. Silk Scarf (0.5%) 7. Scope Lens (0.4%) 8. Quick Claw (0.3%) 9. White Herb (0.3%) 10. Shell Bell (0.1%) | E75: 1. Technician (91.5%) 2. Cheek Pouch (7.6%) 3. Friend Guard (0.9%) | F75: 1. Jolly +S -C (80.3%) 2. Adamant +A -C (12.9%) 3. Impish +B -C (4%) 4. Careful +D -C (0.7%) 5. Timid +S -A (0.5%) 6. Naive +S -D (0.4%) 7. Calm +D -A (0.3%) 8. Lonely +A -B (0.2%) 9. Hasty +S -B (0.2%) 10. Bold +B -A (0.2%) | G75: 1. Garchomp 2. Mimikyu 3. Charizard 4. Gyarados 5. Metagross 6. Raichu 7. Meowscarada 8. Archaludon 9. Blaziken 10. Greninja | H75: 1. H2/A32/B0/C0/D0/S32 (56.9%) 2. H0/A32/B2/C0/D0/S32 (6.2%) 3. H10/A19/B0/C0/D10/S27 (6.2%) 4. H0/A32/B0/C0/D2/S32 (6%) 5. H0/A32/B0/C0/D0/S32 (2.3%) 6. H31/A0/B30/C0/D5/S0 (2.2%) 7. H1/A32/B0/C0/D0/S32 (1.5%) 8. H32/A0/B32/C0/D0/S2 (1.3%) 9. H32/A32/B2/C0/D0/S0 (1.3%) 10. H0/A21/B13/C0/D0/S32 (1.1%) | I75: No significant change this update | J75: 1. Population Bomb (95.7%) 2. Tidy Up (91.4%) 3. Encore (81.4%) 4. Bite (59.6%) 5. Baton Pass (22.1%) | K75: 6. Bullet Seed (11.6%) 7. Mud Shot (7.4%) 8. Thunder Wave (7.4%) 9. Taunt (4.8%) 10. Super Fang (4%) | L75: 1. Wide Lens (80.2%) 2. Sitrus Berry (7.6%) 3. King's Rock (7.6%) 4. Focus Sash (1.6%) 5. Life Orb (0.9%) | M75: 6. Silk Scarf (0.5%) 7. Scope Lens (0.4%) 8. Quick Claw (0.3%) 9. White Herb (0.3%) 10. Shell Bell (0.1%) | N75: 1. Jolly +S -C (80.3%) 2. Adamant +A -C (12.9%) 3. Impish +B -C (4%) 4. Careful +D -C (0.7%) 5. Timid +S -A (0.5%) | O75: 6. Naive +S -D (0.4%) 7. Calm +D -A (0.3%) 8. Lonely +A -B (0.2%) 9. Hasty +S -B (0.2%) 10. Bold +B -A (0.2%) | P75: 1. H2/A32/B0/C0/D0/S32 (56.9%) 2. H0/A32/B2/C0/D0/S32 (6.2%) 3. H10/A19/B0/C0/D10/S27 (6.2%) 4. H0/A32/B0/C0/D2/S32 (6%) 5. H0/A32/B0/C0/D0/S32 (2.3%) | Q75: 6. H31/A0/B30/C0/D5/S0 (2.2%) 7. H1/A32/B0/C0/D0/S32 (1.5%) 8. H32/A0/B32/C0/D0/S2 (1.3%) 9. H32/A32/B2/C0/D0/S0 (1.3%) 10. H0/A21/B13/C0/D0/S32 (1.1%) | R75: 1. Garchomp 2. Mimikyu 3. Charizard 4. Gyarados 5. Metagross | S75: 6. Raichu 7. Meowscarada 8. Archaludon 9. Blaziken 10. Greninja
... A224: 223 | B224: Castform | C224: 1. Weather Ball (78.3%) 2. Hurricane (78.3%) 3. Thunder (65.2%) 4. Blizzard (59.4%) 5. Future Sight (17.4%) 6. Scald (17.4%) 7. Sandstorm (13%) 8. Amnesia (11.6%) 9. Guard Swap (11.6%) 10. Round (11.6%) | D224: 1. Choice Scarf (59.4%) 2. Raichunite Y (11.6%) 3. Focus Sash (5.8%) | E224: 1. Forecast (100%) | F224: 1. Modest +C -A (59.4%) 2. Timid +S -A (23.2%) 3. Serious (15.9%) 4. Quiet +C -S (1.4%) | G224: 1. Tyranitar 2. Blaziken 3. Meganium 4. Staraptor 5. Excadrill 6. Mimikyu 7. Gyarados 8. Bellibolt 9. Archaludon 10. Vileplume | H224: 1. H2/A0/B0/C32/D0/S32 (82.6%) 2. H6/A7/B6/C7/D6/S7 (11.6%) 3. H1/A2/B3/C4/D5/S6 (4.3%) 4. H0/A0/B2/C32/D32/S0 (1.4%) | I224: No significant change this update | J224: 1. Weather Ball (78.3%) 2. Hurricane (78.3%) 3. Thunder (65.2%) 4. Blizzard (59.4%) 5. Future Sight (17.4%) | K224: 6. Scald (17.4%) 7. Sandstorm (13%) 8. Amnesia (11.6%) 9. Guard Swap (11.6%) 10. Round (11.6%) | L224: 1. Choice Scarf (59.4%) 2. Raichunite Y (11.6%) | M224: 3. Focus Sash (5.8%) | N224: 1. Modest +C -A (59.4%) 2. Timid +S -A (23.2%) | O224: 3. Serious (15.9%) 4. Quiet +C -S (1.4%) | P224: 1. H2/A0/B0/C32/D0/S32 (82.6%) 2. H6/A7/B6/C7/D6/S7 (11.6%) | Q224: 3. H1/A2/B3/C4/D5/S6 (4.3%) 4. H0/A0/B2/C32/D32/S0 (1.4%) | R224: 1. Tyranitar 2. Blaziken 3. Meganium 4. Staraptor 5. Excadrill | S224: 6. Mimikyu 7. Gyarados 8. Bellibolt 9. Archaludon 10. Vileplume
A225: 224 | B225: Lycanroc-Midnight | C225: 1. Stone Edge (100%) 2. Sucker Punch (90.9%) 3. Counter (90.9%) 4. Swords Dance (76.4%) 5. Close Combat (14.5%) 6. Brick Break (9.1%) 7. Knock Off (9.1%) 8. Fire Fang (9.1%) | D225: 1. Focus Sash (100%) | E225: 1. No Guard (100%) | F225: 1. Jolly +S -C (98.2%) 2. Adamant +A -C (1.8%) | G225: 1. Charizard 2. Ninetales-Alola 3. Snorlax 4. Krookodile 5. Mimikyu 6. Gyarados 7. Archaludon 8. Floette-Eternal 9. Meowscarada 10. Milotic | H225: 1. H2/A32/B0/C0/D0/S32 (89.1%) 2. H0/A32/B0/C0/D2/S32 (9.1%) 3. H0/A32/B2/C0/D0/S32 (1.8%) | I225: No significant change this update | J225: 1. Stone Edge (100%) 2. Sucker Punch (90.9%) 3. Counter (90.9%) 4. Swords Dance (76.4%) | K225: 5. Close Combat (14.5%) 6. Brick Break (9.1%) 7. Knock Off (9.1%) 8. Fire Fang (9.1%) | L225: 1. Focus Sash (100%) | N225: 1. Jolly +S -C (98.2%) | O225: 2. Adamant +A -C (1.8%) | P225: 1. H2/A32/B0/C0/D0/S32 (89.1%) 2. H0/A32/B0/C0/D2/S32 (9.1%) | Q225: 3. H0/A32/B2/C0/D0/S32 (1.8%) | R225: 1. Charizard 2. Ninetales-Alola 3. Snorlax 4. Krookodile 5. Mimikyu | S225: 6. Gyarados 7. Archaludon 8. Floette-Eternal 9. Meowscarada 10. Milotic
A226: 225 | B226: Appletun | C226: 1. Recover (90.4%) 2. Apple Acid (78.8%) 3. Leech Seed (46.2%) 4. Iron Defense (44.2%) 5. Body Press (32.7%) 6. Dragon Pulse (28.8%) 7. Earthquake (26.9%) 8. Protect (17.3%) 9. Substitute (13.5%) 10. Dragon Tail (11.5%) | D226: 1. Leftovers (73.1%) 2. Sitrus Berry (15.4%) 3. Haban Berry (11.5%) | E226: 1. Thick Fat (100%) | F226: 1. Bold +B -A (55.8%) 2. Relaxed +B -S (26.9%) 3. Calm +D -A (11.5%) 4. Impish +B -C (5.8%) | G226: 1. Lopunny 2. Mawile 3. Hydreigon 4. Tauros-Paldea-Aqua 5. Metagross 6. Aurorus 7. Primarina 8. Hydrapple 9. Hippowdon 10. Gengar | H226: 1. H32/A0/B32/C0/D2/S0 (80.8%) 2. H32/A0/B4/C0/D30/S0 (7.7%) 3. H32/A0/B32/C0/D0/S0 (5.8%) 4. H25/A0/B9/C0/D32/S0 (3.8%) 5. H32/A0/B32/C2/D0/S0 (1.9%) | I226: No significant change this update | J226: 1. Recover (90.4%) 2. Apple Acid (78.8%) 3. Leech Seed (46.2%) 4. Iron Defense (44.2%) 5. Body Press (32.7%) | K226: 6. Dragon Pulse (28.8%) 7. Earthquake (26.9%) 8. Protect (17.3%) 9. Substitute (13.5%) 10. Dragon Tail (11.5%) | L226: 1. Leftovers (73.1%) 2. Sitrus Berry (15.4%) | M226: 3. Haban Berry (11.5%) | N226: 1. Bold +B -A (55.8%) 2. Relaxed +B -S (26.9%) | O226: 3. Calm +D -A (11.5%) 4. Impish +B -C (5.8%) | P226: 1. H32/A0/B32/C0/D2/S0 (80.8%) 2. H32/A0/B4/C0/D30/S0 (7.7%) 3. H32/A0/B32/C0/D0/S0 (5.8%) | Q226: 4. H25/A0/B9/C0/D32/S0 (3.8%) 5. H32/A0/B32/C2/D0/S0 (1.9%) | R226: 1. Lopunny 2. Mawile 3. Hydreigon 4. Tauros-Paldea-Aqua 5. Metagross | S226: 6. Aurorus 7. Primarina 8. Hydrapple 9. Hippowdon 10. Gengar
A227: 226 | B227: Raichu-Alola | C227: 1. Psychic (53.2%) 2. Thunderbolt (50.4%) 3. Electric Terrain (40.3%) 4. Rising Voltage (32.4%) 5. Grass Knot (28.7%) 6. Volt Switch (20.6%) 7. Surf (17.4%) 8. Focus Blast (13.8%) 9. Alluring Voice (12.4%) 10. Fake Out (11.1%) | D227: 1. Focus Sash (40.2%) 2. Life Orb (14.2%) 3. Magnet (7.6%) 4. Choice Scarf (6.5%) 5. Sitrus Berry (3.3%) 6. Raichunite Y (3.3%) 7. Expert Belt (3.3%) 8. Quick Claw (2.8%) 9. Wise Glasses (2.6%) 10. Bright Powder (2.2%) | E227: 1. Surge Surfer (100%) | F227: 1. Modest +C -A (44.8%) 2. Timid +S -A (38%) 3. Mild +C -B (5.4%) 4. Hasty +S -B (3%) 5. Naive +S -D (1.8%) 6. Quiet +C -S (1.3%) 7. Bold +B -A (1.3%) 8. Jolly +S -C (1.1%) 9. Serious (0.9%) 10. Gentle +D -B (0.8%) | G227: 1. Garchomp 2. Charizard 3. Mimikyu 4. Meowscarada 5. Dragonite 6. Staraptor 7. Scizor 8. Dragapult 9. Blaziken 10. Metagross | H227: 1. H2/A0/B0/C32/D0/S32 (38.5%) 2. H0/A0/B0/C32/D2/S32 (15.9%) 3. H0/A0/B2/C32/D0/S32 (12.2%) 4. H0/A0/B0/C32/D0/S32 (3.5%) 5. H0/A0/B0/C32/D32/S2 (2.6%) 6. H0/A2/B0/C32/D0/S32 (2.3%) 7. H0/A0/B2/C32/D32/S0 (1.5%) 8. H0/A0/B32/C32/D0/S2 (1.5%) 9. H0/A32/B0/C2/D0/S32 (1.4%) 10. H0/A0/B32/C32/D2/S0 (1.3%) | I227: No significant change this update | J227: 1. Psychic (53.2%) 2. Thunderbolt (50.4%) 3. Electric Terrain (40.3%) 4. Rising Voltage (32.4%) 5. Grass Knot (28.7%) | K227: 6. Volt Switch (20.6%) 7. Surf (17.4%) 8. Focus Blast (13.8%) 9. Alluring Voice (12.4%) 10. Fake Out (11.1%) | L227: 1. Focus Sash (40.2%) 2. Life Orb (14.2%) 3. Magnet (7.6%) 4. Choice Scarf (6.5%) 5. Sitrus Berry (3.3%) | M227: 6. Raichunite Y (3.3%) 7. Expert Belt (3.3%) 8. Quick Claw (2.8%) 9. Wise Glasses (2.6%) 10. Bright Powder (2.2%) | N227: 1. Modest +C -A (44.8%) 2. Timid +S -A (38%) 3. Mild +C -B (5.4%) 4. Hasty +S -B (3%) 5. Naive +S -D (1.8%) | O227: 6. Quiet +C -S (1.3%) 7. Bold +B -A (1.3%) 8. Jolly +S -C (1.1%) 9. Serious (0.9%) 10. Gentle +D -B (0.8%) | P227: 1. H2/A0/B0/C32/D0/S32 (38.5%) 2. H0/A0/B0/C32/D2/S32 (15.9%) 3. H0/A0/B2/C32/D0/S32 (12.2%) 4. H0/A0/B0/C32/D0/S32 (3.5%) 5. H0/A0/B0/C32/D32/S2 (2.6%) | Q227: 6. H0/A2/B0/C32/D0/S32 (2.3%) 7. H0/A0/B2/C32/D32/S0 (1.5%) 8. H0/A0/B32/C32/D0/S2 (1.5%) 9. H0/A32/B0/C2/D0/S32 (1.4%) 10. H0/A0/B32/C32/D2/S0 (1.3%) | R227: 1. Garchomp 2. Charizard 3. Mimikyu 4. Meowscarada 5. Dragonite | S227: 6. Staraptor 7. Scizor 8. Dragapult 9. Blaziken 10. Metagross
A228: 227 | B228: Simipour | C228: 1. Ice Beam (65.6%) 2. Fake Out (40.4%) 3. Focus Blast (39.4%) 4. Scald (35.7%) 5. Hydro Pump (32.2%) 6. Surf (23%) 7. Flip Turn (19.8%) 8. Grass Knot (18.6%) 9. Taunt (14.8%) 10. Liquidation (10.4%) | D228: 1. Focus Sash (42.6%) 2. Choice Scarf (19.5%) 3. Life Orb (7.9%) 4. Sitrus Berry (5.4%) 5. Bright Powder (3.4%) 6. Mystic Water (3%) 7. Expert Belt (2.9%) 8. Wise Glasses (2.6%) 9. Abomasite (1.1%) 10. Light Ball (1.1%) | E228: 1. Torrent (91%) 2. Gluttony (9%) | F228: 1. Timid +S -A (40.8%) 2. Modest +C -A (20.7%) 3. Jolly +S -C (10.7%) 4. Hasty +S -B (7.6%) 5. Rash +C -D (4.7%) 6. Mild +C -B (4.1%) 7. Naive +S -D (3.1%) 8. Adamant +A -C (2.2%) 9. Bold +B -A (2%) 10. Impish +B -C (0.9%) | G228: 1. Simisear 2. Simisage 3. Garchomp 4. Hippowdon 5. Gyarados 6. Raichu 7. Staraptor 8. Greninja 9. Hydreigon 10. Excadrill | H228: 1. H2/A0/B0/C32/D0/S32 (33.6%) 2. H0/A2/B0/C32/D0/S32 (7.5%) 3. H1/A0/B1/C32/D0/S32 (6.7%) 4. H0/A0/B0/C32/D0/S32 (6.3%) 5. H1/A0/B0/C32/D1/S32 (6.3%) 6. H0/A0/B2/C32/D0/S32 (5.6%) 7. H2/A32/B0/C0/D0/S32 (3.8%) 8. H0/A0/B0/C32/D2/S32 (2.7%) 9. H0/A0/B1/C32/D1/S32 (2.6%) 10. H0/A32/B1/C0/D1/S32 (2.2%) | I228: No significant change this update | J228: 1. Ice Beam (65.6%) 2. Fake Out (40.4%) 3. Focus Blast (39.4%) 4. Scald (35.7%) 5. Hydro Pump (32.2%) | K228: 6. Surf (23%) 7. Flip Turn (19.8%) 8. Grass Knot (18.6%) 9. Taunt (14.8%) 10. Liquidation (10.4%) | L228: 1. Focus Sash (42.6%) 2. Choice Scarf (19.5%) 3. Life Orb (7.9%) 4. Sitrus Berry (5.4%) 5. Bright Powder (3.4%) | M228: 6. Mystic Water (3%) 7. Expert Belt (2.9%) 8. Wise Glasses (2.6%) 9. Abomasite (1.1%) 10. Light Ball (1.1%) | N228: 1. Timid +S -A (40.8%) 2. Modest +C -A (20.7%) 3. Jolly +S -C (10.7%) 4. Hasty +S -B (7.6%) 5. Rash +C -D (4.7%) | O228: 6. Mild +C -B (4.1%) 7. Naive +S -D (3.1%) 8. Adamant +A -C (2.2%) 9. Bold +B -A (2%) 10. Impish +B -C (0.9%) | P228: 1. H2/A0/B0/C32/D0/S32 (33.6%) 2. H0/A2/B0/C32/D0/S32 (7.5%) 3. H1/A0/B1/C32/D0/S32 (6.7%) 4. H0/A0/B0/C32/D0/S32 (6.3%) 5. H1/A0/B0/C32/D1/S32 (6.3%) | Q228: 6. H0/A0/B2/C32/D0/S32 (5.6%) 7. H2/A32/B0/C0/D0/S32 (3.8%) 8. H0/A0/B0/C32/D2/S32 (2.7%) 9. H0/A0/B1/C32/D1/S32 (2.6%) 10. H0/A32/B1/C0/D1/S32 (2.2%) | R228: 1. Simisear 2. Simisage 3. Garchomp 4. Hippowdon 5. Gyarados | S228: 6. Raichu 7. Staraptor 8. Greninja 9. Hydreigon 10. Excadrill
A229: 228 | B229: Simisear | C229: 1. Rock Tomb (61%) 2. Flamethrower (51.2%) 3. Nasty Plot (48.8%) 4. Scorching Sands (48.8%) 5. Flare Blitz (22%) 6. Grass Knot (19.5%) 7. Will-O-Wisp (14.6%) 8. Recycle (14.6%) 9. Yawn (14.6%) 10. Overheat (14.6%) | D229: 1. Bright Powder (46.3%) 2. Focus Sash (26.8%) 3. Sitrus Berry (14.6%) | E229: 1. Blaze (78%) 2. Gluttony (22%) | F229: 1. Timid +S -A (48.8%) 2. Naive +S -D (14.6%) 3. Impish +B -C (12.2%) 4. Quiet +C -S (9.8%) 5. Adamant +A -C (9.8%) 6. Modest +C -A (2.4%) 7. Calm +D -A (2.4%) | G229: 1. Mawile 2. Mimikyu 3. Volcarona 4. Umbreon 5. Simipour 6. Ceruledge 7. Simisage 8. Rotom-Wash 9. Meowscarada 10. Skarmory | H229: 1. H2/A0/B0/C32/D0/S32 (63.4%) 2. H29/A0/B32/C0/D0/S5 (12.2%) 3. H0/A0/B0/C0/D0/S0 (9.8%) 4. H2/A32/B0/C0/D0/S32 (7.3%) 5. H1/A0/B0/C32/D1/S32 (2.4%) 6. H2/A32/B32/C0/D0/S0 (2.4%) 7. H32/A0/B17/C0/D17/S0 (2.4%) | I229: No significant change this update | J229: 1. Rock Tomb (61%) 2. Flamethrower (51.2%) 3. Nasty Plot (48.8%) 4. Scorching Sands (48.8%) 5. Flare Blitz (22%) | K229: 6. Grass Knot (19.5%) 7. Will-O-Wisp (14.6%) 8. Recycle (14.6%) 9. Yawn (14.6%) 10. Overheat (14.6%) | L229: 1. Bright Powder (46.3%) 2. Focus Sash (26.8%) | M229: 3. Sitrus Berry (14.6%) | N229: 1. Timid +S -A (48.8%) 2. Naive +S -D (14.6%) 3. Impish +B -C (12.2%) 4. Quiet +C -S (9.8%) | O229: 5. Adamant +A -C (9.8%) 6. Modest +C -A (2.4%) 7. Calm +D -A (2.4%) | P229: 1. H2/A0/B0/C32/D0/S32 (63.4%) 2. H29/A0/B32/C0/D0/S5 (12.2%) 3. H0/A0/B0/C0/D0/S0 (9.8%) 4. H2/A32/B0/C0/D0/S32 (7.3%) | Q229: 5. H1/A0/B0/C32/D1/S32 (2.4%) 6. H2/A32/B32/C0/D0/S0 (2.4%) 7. H32/A0/B17/C0/D17/S0 (2.4%) | R229: 1. Mawile 2. Mimikyu 3. Volcarona 4. Umbreon 5. Simipour | S229: 6. Ceruledge 7. Simisage 8. Rotom-Wash 9. Meowscarada 10. Skarmory
A230: 229 | B230: Stunfisk-Galar | C230: 1. Snap Trap (93.3%) 2. Yawn (75.6%) 3. Fissure (71.1%) 4. Protect (60%) 5. Stealth Rock (28.9%) 6. Earthquake (22.2%) 7. Iron Defense (15.6%) 8. Foul Play (8.9%) 9. Rest (6.7%) 10. Sleep Talk (4.4%) | D230: 1. Leftovers (68.9%) 2. Sitrus Berry (26.7%) 3. Lum Berry (2.2%) 4. Quick Claw (2.2%) | E230: 1. Mimicry (100%) | F230: 1. Careful +D -C (71.1%) 2. Impish +B -C (17.8%) 3. Calm +D -A (4.4%) | G230: 1. Zoroark-Hisui 2. Meowscarada 3. Skeledirge 4. Vaporeon 5. Altaria 6. Mimikyu 7. Clefable 8. Avalugg 9. Basculegion 10. Scovillain | H230: 1. H25/A0/B9/C0/D32/S0 (44.4%) 2. H32/A0/B2/C0/D32/S0 (28.9%) 3. H32/A0/B32/C0/D2/S0 (13.3%) 4. H31/A3/B0/C0/D32/S0 (6.7%) 5. H0/A32/B0/C0/D32/S2 (2.2%) 6. H32/A0/B32/C0/D0/S0 (2.2%) 7. H32/A5/B21/C0/D8/S0 (2.2%) | I230: No significant change this update | J230: 1. Snap Trap (93.3%) 2. Yawn (75.6%) 3. Fissure (71.1%) 4. Protect (60%) 5. Stealth Rock (28.9%) | K230: 6. Earthquake (22.2%) 7. Iron Defense (15.6%) 8. Foul Play (8.9%) 9. Rest (6.7%) 10. Sleep Talk (4.4%) | L230: 1. Leftovers (68.9%) 2. Sitrus Berry (26.7%) | M230: 3. Lum Berry (2.2%) 4. Quick Claw (2.2%) | N230: 1. Careful +D -C (71.1%) 2. Impish +B -C (17.8%) | O230: 3. Calm +D -A (4.4%) | P230: 1. H25/A0/B9/C0/D32/S0 (44.4%) 2. H32/A0/B2/C0/D32/S0 (28.9%) 3. H32/A0/B32/C0/D2/S0 (13.3%) 4. H31/A3/B0/C0/D32/S0 (6.7%) | Q230: 5. H0/A32/B0/C0/D32/S2 (2.2%) 6. H32/A0/B32/C0/D0/S0 (2.2%) 7. H32/A5/B21/C0/D8/S0 (2.2%) | R230: 1. Zoroark-Hisui 2. Meowscarada 3. Skeledirge 4. Vaporeon 5. Altaria | S230: 6. Mimikyu 7. Clefable 8. Avalugg 9. Basculegion 10. Scovillain
A231: 230 | B231: Aromatisse | C231: 1. Calm Mind (76.9%) 2. Psyshock (76.9%) 3. Draining Kiss (76.9%) 4. Wish (65.4%) 5. Energy Ball (34.6%) 6. Trick Room (23.1%) 7. Moonblast (23.1%) 8. Thunderbolt (23.1%) | D231: 1. Leftovers (76.9%) 2. Life Orb (23.1%) | E231: 1. Aroma Veil (100%) | F231: 1. Bold +B -A (65.4%) 2. Modest +C -A (23.1%) 3. Calm +D -A (11.5%) | G231: 1. Gyarados 2. Metagross 3. Rotom-Wash 4. Glimmora 5. Mudsdale 6. Ceruledge 7. Espeon 8. Steelix 9. Volcarona 10. Meowscarada | H231: 1. H32/A0/B32/C0/D0/S0 (65.4%) 2. H32/A0/B2/C32/D0/S0 (23.1%) 3. H32/A0/B2/C0/D32/S0 (11.5%) | I231: No significant change this update | J231: 1. Calm Mind (76.9%) 2. Psyshock (76.9%) 3. Draining Kiss (76.9%) 4. Wish (65.4%) | K231: 5. Energy Ball (34.6%) 6. Trick Room (23.1%) 7. Moonblast (23.1%) 8. Thunderbolt (23.1%) | L231: 1. Leftovers (76.9%) | M231: 2. Life Orb (23.1%) | N231: 1. Bold +B -A (65.4%) 2. Modest +C -A (23.1%) | O231: 3. Calm +D -A (11.5%) | P231: 1. H32/A0/B32/C0/D0/S0 (65.4%) 2. H32/A0/B2/C32/D0/S0 (23.1%) | Q231: 3. H32/A0/B2/C0/D32/S0 (11.5%) | R231: 1. Gyarados 2. Metagross 3. Rotom-Wash 4. Glimmora 5. Mudsdale | S231: 6. Ceruledge 7. Espeon 8. Steelix 9. Volcarona 10. Meowscarada
A232: 231 | B232: Passimian | C232: 1. Close Combat (95.2%) 2. Rock Slide (76.2%) 3. Knock Off (66.7%) 4. U-turn (52.4%) 5. Gunk Shot (33.3%) 6. Fling (23.8%) 7. Earthquake (23.8%) 8. Trailblaze (14.3%) 9. Focus Punch (4.8%) 10. Drain Punch (4.8%) | D232: 1. Choice Scarf (57.1%) 2. Light Ball (23.8%) 3. Life Orb (9.5%) | E232: 1. Defiant (100%) | F232: 1. Adamant +A -C (85.7%) 2. Naughty +A -D (14.3%) | G232: 1. Garchomp 2. Dragonite 3. Scizor 4. Whimsicott 5. Greninja 6. Hatterene 7. Heracross 8. Kingambit 9. Archaludon 10. Gengar | H232: 1. H2/A32/B0/C0/D0/S32 (66.7%) 2. H0/A32/B0/C0/D2/S32 (23.8%) 3. H0/A32/B2/C0/D0/S32 (4.8%) 4. H0/A32/B32/C0/D0/S2 (4.8%) | I232: No significant change this update | J232: 1. Close Combat (95.2%) 2. Rock Slide (76.2%) 3. Knock Off (66.7%) 4. U-turn (52.4%) 5. Gunk Shot (33.3%) | K232: 6. Fling (23.8%) 7. Earthquake (23.8%) 8. Trailblaze (14.3%) 9. Focus Punch (4.8%) 10. Drain Punch (4.8%) | L232: 1. Choice Scarf (57.1%) 2. Light Ball (23.8%) | M232: 3. Life Orb (9.5%) | N232: 1. Adamant +A -C (85.7%) | O232: 2. Naughty +A -D (14.3%) | P232: 1. H2/A32/B0/C0/D0/S32 (66.7%) 2. H0/A32/B0/C0/D2/S32 (23.8%) | Q232: 3. H0/A32/B2/C0/D0/S32 (4.8%) 4. H0/A32/B32/C0/D0/S2 (4.8%) | R232: 1. Garchomp 2. Dragonite 3. Scizor 4. Whimsicott 5. Greninja | S232: 6. Hatterene 7. Heracross 8. Kingambit 9. Archaludon 10. Gengar
A233: 232 | B233: Tauros-Paldea-Combat | C233: 1. Raging Bull (100%) 2. Close Combat (66.7%) 3. Stone Edge (41.7%) 4. Trailblaze (41.7%) 5. Earthquake (33.3%) 6. Lash Out (25%) 7. Bulldoze (16.7%) 8. Throat Chop (16.7%) 9. Stomping Tantrum (16.7%) 10. Rock Slide (8.3%) | D233: 1. Focus Sash (66.7%) 2. Lum Berry (16.7%) 3. Sitrus Berry (8.3%) 4. Wide Lens (8.3%) | E233: 1. Intimidate (66.7%) 2. Cud Chew (25%) 3. Anger Point (8.3%) | F233: 1. Adamant +A -C (50%) 2. Brave +A -S (41.7%) 3. Jolly +S -C (8.3%) | G233: 1. Dragapult 2. Aerodactyl 3. Azumarill 4. Metagross 5. Garchomp 6. Hydreigon 7. Mimikyu 8. Venusaur 9. Charizard 10. Snorlax | H233: 1. H0/A32/B2/C0/D32/S0 (41.7%) 2. H2/A32/B0/C0/D0/S32 (41.7%) 3. H32/A0/B2/C0/D0/S32 (8.3%) 4. H32/A32/B0/C0/D2/S0 (8.3%) | I233: No significant change this update | J233: 1. Raging Bull (100%) 2. Close Combat (66.7%) 3. Stone Edge (41.7%) 4. Trailblaze (41.7%) 5. Earthquake (33.3%) | K233: 6. Lash Out (25%) 7. Bulldoze (16.7%) 8. Throat Chop (16.7%) 9. Stomping Tantrum (16.7%) 10. Rock Slide (8.3%) | L233: 1. Focus Sash (66.7%) 2. Lum Berry (16.7%) | M233: 3. Sitrus Berry (8.3%) 4. Wide Lens (8.3%) | N233: 1. Adamant +A -C (50%) 2. Brave +A -S (41.7%) | O233: 3. Jolly +S -C (8.3%) | P233: 1. H0/A32/B2/C0/D32/S0 (41.7%) 2. H2/A32/B0/C0/D0/S32 (41.7%) | Q233: 3. H32/A0/B2/C0/D0/S32 (8.3%) 4. H32/A32/B0/C0/D2/S0 (8.3%) | R233: 1. Dragapult 2. Aerodactyl 3. Azumarill 4. Metagross 5. Garchomp | S233: 6. Hydreigon 7. Mimikyu 8. Venusaur 9. Charizard 10. Snorlax
A234: 233 | B234: Simisage | C234: 1. Rock Slide (69.2%) 2. Seed Bomb (61.5%) 3. Iron Tail (30.8%) 4. Uproar (30.8%) 5. Bite (30.8%) 6. Gunk Shot (30.8%) 7. Grassy Glide (30.8%) 8. Brick Break (23.1%) 9. Fake Out (7.7%) 10. Taunt (7.7%) | D234: 1. Life Orb (69.2%) 2. Charizardite X (30.8%) | E234: 1. Overgrow (69.2%) 2. Gluttony (30.8%) | F234: 1. Adamant +A -C (61.5%) 2. Bold +B -A (30.8%) 3. Jolly +S -C (7.7%) | G234: 1. Simisear 2. Simipour 3. Gyarados 4. Empoleon 5. Gallade 6. Excadrill 7. Scolipede 8. Toucannon 9. Sneasler 10. Archaludon | H234: 1. H0/A0/B0/C0/D0/S0 (30.8%) 2. H2/A32/B0/C0/D0/S32 (30.8%) 3. H1/A32/B1/C0/D0/S32 (23.1%) 4. H2/A32/B32/C0/D0/S0 (7.7%) 5. H16/A18/B0/C0/D0/S32 (7.7%) | I234: No significant change this update | J234: 1. Rock Slide (69.2%) 2. Seed Bomb (61.5%) 3. Iron Tail (30.8%) 4. Uproar (30.8%) 5. Bite (30.8%) | K234: 6. Gunk Shot (30.8%) 7. Grassy Glide (30.8%) 8. Brick Break (23.1%) 9. Fake Out (7.7%) 10. Taunt (7.7%) | L234: 1. Life Orb (69.2%) | M234: 2. Charizardite X (30.8%) | N234: 1. Adamant +A -C (61.5%) 2. Bold +B -A (30.8%) | O234: 3. Jolly +S -C (7.7%) | P234: 1. H0/A0/B0/C0/D0/S0 (30.8%) 2. H2/A32/B0/C0/D0/S32 (30.8%) 3. H1/A32/B1/C0/D0/S32 (23.1%) | Q234: 4. H2/A32/B32/C0/D0/S0 (7.7%) 5. H16/A18/B0/C0/D0/S32 (7.7%) | R234: 1. Simisear 2. Simipour 3. Gyarados 4. Empoleon 5. Gallade | S234: 6. Excadrill 7. Scolipede 8. Toucannon 9. Sneasler 10. Archaludon
A235: 234 | B235: Gourgeist-Large | C235: 1. Leech Seed (100%) 2. Will-O-Wisp (66.7%) 3. Protect (44.4%) 4. Poltergeist (44.4%) 5. Curse (33.3%) 6. Power Whip (33.3%) 7. Disable (33.3%) 8. Substitute (11.1%) 9. Pain Split (11.1%) 10. Sunny Day (11.1%) | D235: 1. Leftovers (44.4%) 2. Sitrus Berry (33.3%) 3. Heat Rock (11.1%) | E235: 1. Insomnia (77.8%) 2. Frisk (22.2%) | F235: 1. Impish +B -C (55.6%) 2. Brave +A -S (44.4%) | G235: 1. Charizard 2. Annihilape 3. Blastoise 4. Meganium 5. Tyranitar 6. Sharpedo 7. Garchomp 8. Lucario 9. Gallade 10. Rotom-Wash | H235: 1. H32/A0/B32/C0/D2/S0 (44.4%) 2. H32/A4/B30/C0/D0/S0 (33.3%) 3. H0/A32/B2/C0/D32/S0 (11.1%) 4. H27/A0/B29/C0/D10/S0 (11.1%) | I235: No significant change this update | J235: 1. Leech Seed (100%) 2. Will-O-Wisp (66.7%) 3. Protect (44.4%) 4. Poltergeist (44.4%) 5. Curse (33.3%) | K235: 6. Power Whip (33.3%) 7. Disable (33.3%) 8. Substitute (11.1%) 9. Pain Split (11.1%) 10. Sunny Day (11.1%) | L235: 1. Leftovers (44.4%) 2. Sitrus Berry (33.3%) | M235: 3. Heat Rock (11.1%) | N235: 1. Impish +B -C (55.6%) | O235: 2. Brave +A -S (44.4%) | P235: 1. H32/A0/B32/C0/D2/S0 (44.4%) 2. H32/A4/B30/C0/D0/S0 (33.3%) | Q235: 3. H0/A32/B2/C0/D32/S0 (11.1%) 4. H27/A0/B29/C0/D10/S0 (11.1%) | R235: 1. Charizard 2. Annihilape 3. Blastoise 4. Meganium 5. Tyranitar | S235: 6. Sharpedo 7. Garchomp 8. Lucario 9. Gallade 10. Rotom-Wash
A236: 235 | B236: Watchog | C236: 1. Swords Dance (100%) 2. Assurance (100%) 3. Giga Impact (100%) 4. Hypnosis (100%) | D236: 1. Zoom Lens (100%) | E236: 1. Analytic (100%) | F236: 1. Impish +B -C (100%) | G236: 1. Charizard 2. Empoleon 3. Garchomp | H236: 1. H32/A17/B17/C0/D0/S0 (100%) | I236: No significant change this update | J236: 1. Swords Dance (100%) 2. Assurance (100%) | K236: 3. Giga Impact (100%) 4. Hypnosis (100%) | L236: 1. Zoom Lens (100%) | N236: 1. Impish +B -C (100%) | P236: 1. H32/A17/B17/C0/D0/S0 (100%) | R236: 1. Charizard 2. Empoleon | S236: 3. Garchomp

Sheet Doubles
A1: Rank | B1: Name | C1: Moves | D1: Items | E1: Abilities | F1: Natures | G1: Partners | H1: Spreads | I1: This update | J1: Moves·1 | K1: Moves·2 | L1: Items·1 | M1: Items·2 | N1: Natures·1 | O1: Natures·2 | P1: Spreads·1 | Q1: Spreads·2 | R1: Partners·1 | S1: Partners·2
A2: 1 | B2: Kingambit | C2: 1. Sucker Punch (99.5%) 2. Kowtow Cleave (98.3%) 3. Iron Head (71.7%) 4. Protect (62.7%) 5. Low Kick (41.8%) 6. Swords Dance (22.5%) 7. Brick Break (2.2%) 8. Quick Guard (0.2%) 9. Low Sweep (0.2%) 10. Stone Edge (0.2%) | D2: 1. Black Glasses (37.9%) 2. Focus Sash (26.5%) 3. Chople Berry (19.9%) 4. Life Orb (9.4%) 5. Occa Berry (4.6%) 6. Sitrus Berry (0.3%) 7. Muscle Band (0.2%) 8. Expert Belt (0.2%) 9. Leftovers (0.2%) 10. Wise Glasses (0.1%) | E2: 1. Defiant (97%) 2. Supreme Overlord (2.9%) 3. Pressure (0.1%) | F2: 1. Adamant +A -C (87.3%) 2. Brave +A -S (9.8%) 3. Jolly +S -C (2.2%) 4. Impish +B -C (0.2%) 5. Careful +D -C (0.2%) 6. Naughty +A -D (0.1%) 7. Relaxed +B -S (0.1%) 8. Lonely +A -B (0.1%) 9. Sassy +D -S (0.1%) 10. Serious (0%) | G2: 1. Garchomp 2. Charizard 3. Sylveon 4. Aerodactyl 5. Basculegion 6. Incineroar 7. Sneasler 8. Farigiraf 9. Whimsicott 10. Sinistcha | H2: 1. H32/A32/B0/C0/D2/S0 (12.8%) 2. H2/A32/B0/C0/D0/S32 (10.7%) 3. H32/A7/B0/C0/D27/S0 (9.5%) 4. H32/A32/B2/C0/D0/S0 (7.1%) 5. H32/A32/B0/C0/D0/S2 (5.8%) 6. H13/A25/B1/C0/D1/S26 (4.6%) 7. H32/A32/B0/C0/D1/S1 (4.3%) 8. H25/A25/B0/C0/D0/S16 (2.5%) 9. H24/A31/B1/C0/D1/S9 (2.3%) 10. H1/A32/B0/C0/D1/S32 (1.9%) | I2: No significant change this update | J2: 1. Sucker Punch (99.5%) 2. Kowtow Cleave (98.3%) 3. Iron Head (71.7%) 4. Protect (62.7%) 5. Low Kick (41.8%) | K2: 6. Swords Dance (22.5%) 7. Brick Break (2.2%) 8. Quick Guard (0.2%) 9. Low Sweep (0.2%) 10. Stone Edge (0.2%) | L2: 1. Black Glasses (37.9%) 2. Focus Sash (26.5%) 3. Chople Berry (19.9%) 4. Life Orb (9.4%) 5. Occa Berry (4.6%) | M2: 6. Sitrus Berry (0.3%) 7. Muscle Band (0.2%) 8. Expert Belt (0.2%) 9. Leftovers (0.2%) 10. Wise Glasses (0.1%) | N2: 1. Adamant +A -C (87.3%) 2. Brave +A -S (9.8%) 3. Jolly +S -C (2.2%) 4. Impish +B -C (0.2%) 5. Careful +D -C (0.2%) | O2: 6. Naughty +A -D (0.1%) 7. Relaxed +B -S (0.1%) 8. Lonely +A -B (0.1%) 9. Sassy +D -S (0.1%) 10. Serious (0%) | P2: 1. H32/A32/B0/C0/D2/S0 (12.8%) 2. H2/A32/B0/C0/D0/S32 (10.7%) 3. H32/A7/B0/C0/D27/S0 (9.5%) 4. H32/A32/B2/C0/D0/S0 (7.1%) 5. H32/A32/B0/C0/D0/S2 (5.8%) | Q2: 6. H13/A25/B1/C0/D1/S26 (4.6%) 7. H32/A32/B0/C0/D1/S1 (4.3%) 8. H25/A25/B0/C0/D0/S16 (2.5%) 9. H24/A31/B1/C0/D1/S9 (2.3%) 10. H1/A32/B0/C0/D1/S32 (1.9%) | R2: 1. Garchomp 2. Charizard 3. Sylveon 4. Aerodactyl 5. Basculegion | S2: 6. Incineroar 7. Sneasler 8. Farigiraf 9. Whimsicott 10. Sinistcha
A3: 2 | B3: Garchomp | C3: 1. Dragon Claw (91.3%) 2. Earthquake (86.5%) 3. Protect (80.7%) 4. Rock Slide (77%) 5. Stomping Tantrum (38.8%) 6. Poison Jab (10.5%) 7. Dragon Tail (4.1%) 8. Rock Tomb (3.2%) 9. Iron Head (1.9%) 10. Swords Dance (1.1%) | D3: 1. Life Orb (70.8%) 2. Sitrus Berry (9.8%) 3. Choice Scarf (9.1%) 4. Roseli Berry (3.9%) 5. Soft Sand (1.1%) 6. Garchompite (0.8%) 7. Haban Berry (0.7%) 8. Focus Sash (0.7%) 9. Expert Belt (0.6%) 10. Lum Berry (0.5%) | E3: 1. Rough Skin (99%) 2. Sand Veil (1%) | F3: 1. Jolly +S -C (73.3%) 2. Adamant +A -C (25.5%) 3. Brave +A -S (0.5%) 4. Careful +D -C (0.2%) 5. Impish +B -C (0.1%) 6. Modest +C -A (0.1%) 7. Timid +S -A (0.1%) 8. Hasty +S -B (0.1%) 9. Naive +S -D (0.1%) 10. Lonely +A -B (0%) | G3: 1. Charizard 2. Kingambit 3. Sylveon 4. Whimsicott 5. Aerodactyl 6. Basculegion 7. Farigiraf 8. Incineroar 9. Floette-Eternal 10. Staraptor | H3: 1. H2/A32/B0/C0/D0/S32 (44.6%) 2. H0/A32/B1/C0/D1/S32 (6.1%) 3. H0/A32/B2/C0/D0/S32 (4.8%) 4. H0/A27/B7/C0/D0/S32 (4.1%) 5. H6/A25/B3/C0/D0/S32 (2.6%) 6. H0/A32/B0/C0/D2/S32 (2.4%) 7. H32/A12/B9/C0/D4/S9 (2.4%) 8. H0/A30/B4/C0/D0/S32 (2.1%) 9. H14/A20/B0/C0/D0/S32 (2.1%) 10. H6/A28/B0/C0/D0/S32 (1.5%) | I3: No significant change this update | J3: 1. Dragon Claw (91.3%) 2. Earthquake (86.5%) 3. Protect (80.7%) 4. Rock Slide (77%) 5. Stomping Tantrum (38.8%) | K3: 6. Poison Jab (10.5%) 7. Dragon Tail (4.1%) 8. Rock Tomb (3.2%) 9. Iron Head (1.9%) 10. Swords Dance (1.1%) | L3: 1. Life Orb (70.8%) 2. Sitrus Berry (9.8%) 3. Choice Scarf (9.1%) 4. Roseli Berry (3.9%) 5. Soft Sand (1.1%) | M3: 6. Garchompite (0.8%) 7. Haban Berry (0.7%) 8. Focus Sash (0.7%) 9. Expert Belt (0.6%) 10. Lum Berry (0.5%) | N3: 1. Jolly +S -C (73.3%) 2. Adamant +A -C (25.5%) 3. Brave +A -S (0.5%) 4. Careful +D -C (0.2%) 5. Impish +B -C (0.1%) | O3: 6. Modest +C -A (0.1%) 7. Timid +S -A (0.1%) 8. Hasty +S -B (0.1%) 9. Naive +S -D (0.1%) 10. Lonely +A -B (0%) | P3: 1. H2/A32/B0/C0/D0/S32 (44.6%) 2. H0/A32/B1/C0/D1/S32 (6.1%) 3. H0/A32/B2/C0/D0/S32 (4.8%) 4. H0/A27/B7/C0/D0/S32 (4.1%) 5. H6/A25/B3/C0/D0/S32 (2.6%) | Q3: 6. H0/A32/B0/C0/D2/S32 (2.4%) 7. H32/A12/B9/C0/D4/S9 (2.4%) 8. H0/A30/B4/C0/D0/S32 (2.1%) 9. H14/A20/B0/C0/D0/S32 (2.1%) 10. H6/A28/B0/C0/D0/S32 (1.5%) | R3: 1. Charizard 2. Kingambit 3. Sylveon 4. Whimsicott 5. Aerodactyl | S3: 6. Basculegion 7. Farigiraf 8. Incineroar 9. Floette-Eternal 10. Staraptor
A4: 3 | B4: Incineroar | C4: 1. Fake Out (99.6%) 2. Flare Blitz (93.4%) 3. Parting Shot (89.6%) 4. Darkest Lariat (41.6%) 5. Throat Chop (33.9%) 6. Helping Hand (14.2%) 7. Protect (10.6%) 8. Close Combat (7.9%) 9. Taunt (3.9%) 10. Will-O-Wisp (1.7%) | D4: 1. Sitrus Berry (68.6%) 2. Passho Berry (10.1%) 3. Chople Berry (4.9%) 4. Life Orb (4.6%) 5. White Herb (3.2%) 6. Charcoal (3.1%) 7. Leftovers (2.8%) 8. Shuca Berry (1.1%) 9. Bright Powder (0.2%) 10. Expert Belt (0.2%) | E4: 1. Intimidate (99.8%) 2. Blaze (0.2%) | F4: 1. Careful +D -C (36.7%) 2. Impish +B -C (27.9%) 3. Adamant +A -C (14.7%) 4. Brave +A -S (10.5%) 5. Sassy +D -S (5.1%) 6. Relaxed +B -S (3.5%) 7. Jolly +S -C (1.1%) 8. Bold +B -A (0.3%) 9. Calm +D -A (0.1%) 10. Lonely +A -B (0.1%) | G4: 1. Sinistcha 2. Kingambit 3. Sneasler 4. Garchomp 5. Charizard 6. Delphox 7. Blastoise 8. Sylveon 9. Farigiraf 10. Aerodactyl | H4: 1. H32/A0/B1/C0/D10/S23 (12.1%) 2. H32/A0/B32/C0/D2/S0 (6.5%) 3. H32/A0/B14/C0/D20/S0 (5.9%) 4. H32/A32/B2/C0/D0/S0 (3.3%) 5. H32/A32/B0/C0/D0/S2 (3.1%) 6. H32/A32/B0/C0/D2/S0 (3.1%) 7. H32/A0/B20/C0/D14/S0 (2.5%) 8. H31/A0/B15/C0/D20/S0 (2.4%) 9. H32/A0/B14/C0/D16/S4 (1.9%) 10. H32/A0/B10/C0/D14/S10 (1.8%) | I4: No significant change this update | J4: 1. Fake Out (99.6%) 2. Flare Blitz (93.4%) 3. Parting Shot (89.6%) 4. Darkest Lariat (41.6%) 5. Throat Chop (33.9%) | K4: 6. Helping Hand (14.2%) 7. Protect (10.6%) 8. Close Combat (7.9%) 9. Taunt (3.9%) 10. Will-O-Wisp (1.7%) | L4: 1. Sitrus Berry (68.6%) 2. Passho Berry (10.1%) 3. Chople Berry (4.9%) 4. Life Orb (4.6%) 5. White Herb (3.2%) | M4: 6. Charcoal (3.1%) 7. Leftovers (2.8%) 8. Shuca Berry (1.1%) 9. Bright Powder (0.2%) 10. Expert Belt (0.2%) | N4: 1. Careful +D -C (36.7%) 2. Impish +B -C (27.9%) 3. Adamant +A -C (14.7%) 4. Brave +A -S (10.5%) 5. Sassy +D -S (5.1%) | O4: 6. Relaxed +B -S (3.5%) 7. Jolly +S -C (1.1%) 8. Bold +B -A (0.3%) 9. Calm +D -A (0.1%) 10. Lonely +A -B (0.1%) | P4: 1. H32/A0/B1/C0/D10/S23 (12.1%) 2. H32/A0/B32/C0/D2/S0 (6.5%) 3. H32/A0/B14/C0/D20/S0 (5.9%) 4. H32/A32/B2/C0/D0/S0 (3.3%) 5. H32/A32/B0/C0/D0/S2 (3.1%) | Q4: 6. H32/A32/B0/C0/D2/S0 (3.1%) 7. H32/A0/B20/C0/D14/S0 (2.5%) 8. H31/A0/B15/C0/D20/S0 (2.4%) 9. H32/A0/B14/C0/D16/S4 (1.9%) 10. H32/A0/B10/C0/D14/S10 (1.8%) | R4: 1. Sinistcha 2. Kingambit 3. Sneasler 4. Garchomp 5. Charizard | S4: 6. Delphox 7. Blastoise 8. Sylveon 9. Farigiraf 10. Aerodactyl
A5: 4 | B5: Charizard | C5: 1. Protect (98.7%) 2. Heat Wave (98.1%) 3. Solar Beam (90%) 4. Weather Ball (87.5%) 5. Helping Hand (5.5%) 6. Ancient Power (4.7%) 7. Air Slash (4.1%) 8. Dragon Claw (1.5%) 9. Overheat (1.3%) 10. Flare Blitz (1.2%) | D5: 1. Charizardite Y (98.1%) 2. Charizardite X (1.5%) 3. Charcoal (0.2%) 4. Choice Scarf (0.1%) 5. Focus Sash (0%) 6. Life Orb (0%) 7. Wise Glasses (0%) 8. Wide Lens (0%) 9. Charti Berry (0%) 10. Metagrossite (0%) | E5: 1. Blaze (85.1%) 2. Solar Power (14.9%) | F5: 1. Modest +C -A (82.8%) 2. Timid +S -A (13.9%) 3. Adamant +A -C (1.4%) 4. Bold +B -A (0.8%) 5. Quiet +C -S (0.5%) 6. Jolly +S -C (0.2%) 7. Naive +S -D (0.1%) 8. Hasty +S -B (0.1%) 9. Calm +D -A (0.1%) 10. Naughty +A -D (0%) | G5: 1. Garchomp 2. Kingambit 3. Sylveon 4. Whimsicott 5. Aerodactyl 6. Basculegion 7. Farigiraf 8. Incineroar 9. Floette-Eternal 10. Venusaur | H5: 1. H2/A0/B0/C32/D0/S32 (15.9%) 2. H24/A0/B16/C9/D0/S17 (6.8%) 3. H30/A0/B31/C1/D0/S4 (5%) 4. H20/A0/B29/C1/D0/S16 (3.8%) 5. H0/A0/B2/C32/D0/S32 (3.5%) 6. H16/A0/B18/C11/D0/S21 (3.3%) 7. H30/A0/B30/C1/D0/S5 (3.3%) 8. H20/A0/B18/C4/D0/S24 (2.1%) 9. H28/A0/B27/C11/D0/S0 (1.9%) 10. H20/A0/B32/C9/D0/S5 (1.8%) | I5: No significant change this update | J5: 1. Protect (98.7%) 2. Heat Wave (98.1%) 3. Solar Beam (90%) 4. Weather Ball (87.5%) 5. Helping Hand (5.5%) | K5: 6. Ancient Power (4.7%) 7. Air Slash (4.1%) 8. Dragon Claw (1.5%) 9. Overheat (1.3%) 10. Flare Blitz (1.2%) | L5: 1. Charizardite Y (98.1%) 2. Charizardite X (1.5%) 3. Charcoal (0.2%) 4. Choice Scarf (0.1%) 5. Focus Sash (0%) | M5: 6. Life Orb (0%) 7. Wise Glasses (0%) 8. Wide Lens (0%) 9. Charti Berry (0%) 10. Metagrossite (0%) | N5: 1. Modest +C -A (82.8%) 2. Timid +S -A (13.9%) 3. Adamant +A -C (1.4%) 4. Bold +B -A (0.8%) 5. Quiet +C -S (0.5%) | O5: 6. Jolly +S -C (0.2%) 7. Naive +S -D (0.1%) 8. Hasty +S -B (0.1%) 9. Calm +D -A (0.1%) 10. Naughty +A -D (0%) | P5: 1. H2/A0/B0/C32/D0/S32 (15.9%) 2. H24/A0/B16/C9/D0/S17 (6.8%) 3. H30/A0/B31/C1/D0/S4 (5%) 4. H20/A0/B29/C1/D0/S16 (3.8%) 5. H0/A0/B2/C32/D0/S32 (3.5%) | Q5: 6. H16/A0/B18/C11/D0/S21 (3.3%) 7. H30/A0/B30/C1/D0/S5 (3.3%) 8. H20/A0/B18/C4/D0/S24 (2.1%) 9. H28/A0/B27/C11/D0/S0 (1.9%) 10. H20/A0/B32/C9/D0/S5 (1.8%) | R5: 1. Garchomp 2. Kingambit 3. Sylveon 4. Whimsicott 5. Aerodactyl | S5: 6. Basculegion 7. Farigiraf 8. Incineroar 9. Floette-Eternal 10. Venusaur
A6: 5 | B6: Farigiraf | C6: 1. Trick Room (96.7%) 2. Thunderbolt (64.9%) 3. Psychic (54.8%) 4. Helping Hand (44.9%) 5. Protect (37.1%) 6. Twin Beam (25.2%) 7. Hyper Voice (11.3%) 8. Imprison (10.1%) 9. Roar (8.2%) 10. Psychic Fangs (6.6%) | D6: 1. Sitrus Berry (71.1%) 2. Colbur Berry (19.5%) 3. Mental Herb (2.9%) 4. Leftovers (2.3%) 5. Focus Sash (1.5%) 6. Life Orb (0.7%) 7. Twisted Spoon (0.3%) 8. Light Clay (0.2%) 9. Lum Berry (0.2%) 10. Expert Belt (0.2%) | E6: 1. Armor Tail (99.6%) 2. Sap Sipper (0.2%) 3. Cud Chew (0.2%) | F6: 1. Bold +B -A (32.1%) 2. Relaxed +B -S (24.4%) 3. Quiet +C -S (16.6%) 4. Modest +C -A (10.3%) 5. Sassy +D -S (9.2%) 6. Calm +D -A (6.4%) 7. Timid +S -A (0.3%) 8. Impish +B -C (0.2%) 9. Careful +D -C (0.2%) 10. Mild +C -B (0.1%) | G6: 1. Sylveon 2. Kingambit 3. Garchomp 4. Charizard 5. Torkoal 6. Aerodactyl 7. Incineroar 8. Mawile 9. Basculegion 10. Whimsicott | H6: 1. H25/A0/B26/C0/D15/S0 (8.8%) 2. H17/A0/B19/C10/D20/S0 (5.1%) 3. H27/A0/B21/C0/D18/S0 (4.6%) 4. H32/A0/B20/C0/D14/S0 (3.4%) 5. H32/A0/B32/C0/D2/S0 (2.5%) 6. H29/A0/B27/C2/D8/S0 (2.2%) 7. H18/A0/B30/C0/D18/S0 (1.8%) 8. H32/A0/B2/C32/D0/S0 (1.7%) 9. H29/A0/B16/C10/D11/S0 (1.7%) 10. H32/A0/B27/C0/D7/S0 (1.7%) | I6: No significant change this update | J6: 1. Trick Room (96.7%) 2. Thunderbolt (64.9%) 3. Psychic (54.8%) 4. Helping Hand (44.9%) 5. Protect (37.1%) | K6: 6. Twin Beam (25.2%) 7. Hyper Voice (11.3%) 8. Imprison (10.1%) 9. Roar (8.2%) 10. Psychic Fangs (6.6%) | L6: 1. Sitrus Berry (71.1%) 2. Colbur Berry (19.5%) 3. Mental Herb (2.9%) 4. Leftovers (2.3%) 5. Focus Sash (1.5%) | M6: 6. Life Orb (0.7%) 7. Twisted Spoon (0.3%) 8. Light Clay (0.2%) 9. Lum Berry (0.2%) 10. Expert Belt (0.2%) | N6: 1. Bold +B -A (32.1%) 2. Relaxed +B -S (24.4%) 3. Quiet +C -S (16.6%) 4. Modest +C -A (10.3%) 5. Sassy +D -S (9.2%) | O6: 6. Calm +D -A (6.4%) 7. Timid +S -A (0.3%) 8. Impish +B -C (0.2%) 9. Careful +D -C (0.2%) 10. Mild +C -B (0.1%) | P6: 1. H25/A0/B26/C0/D15/S0 (8.8%) 2. H17/A0/B19/C10/D20/S0 (5.1%) 3. H27/A0/B21/C0/D18/S0 (4.6%) 4. H32/A0/B20/C0/D14/S0 (3.4%) 5. H32/A0/B32/C0/D2/S0 (2.5%) | Q6: 6. H29/A0/B27/C2/D8/S0 (2.2%) 7. H18/A0/B30/C0/D18/S0 (1.8%) 8. H32/A0/B2/C32/D0/S0 (1.7%) 9. H29/A0/B16/C10/D11/S0 (1.7%) 10. H32/A0/B27/C0/D7/S0 (1.7%) | R6: 1. Sylveon 2. Kingambit 3. Garchomp 4. Charizard 5. Torkoal | S6: 6. Aerodactyl 7. Incineroar 8. Mawile 9. Basculegion 10. Whimsicott
A7: 6 | B7: Sylveon | C7: 1. Hyper Voice (99.9%) 2. Quick Attack (85.7%) 3. Hyper Beam (78.1%) 4. Detect (69.8%) 5. Protect (28.9%) 6. Yawn (10.4%) 7. Moonblast (8.8%) 8. Calm Mind (6%) 9. Mystical Fire (2.7%) 10. Shadow Ball (1.8%) | D7: 1. Fairy Feather (93.1%) 2. Life Orb (3%) 3. Focus Sash (1.3%) 4. Leftovers (0.9%) 5. Sitrus Berry (0.5%) 6. Quick Claw (0.4%) 7. Choice Scarf (0.4%) 8. Wise Glasses (0.1%) 9. Babiri Berry (0.1%) 10. Metronome (0%) | E7: 1. Pixilate (99.9%) 2. Cute Charm (0.1%) | F7: 1. Modest +C -A (83.1%) 2. Quiet +C -S (13.4%) 3. Timid +S -A (2.2%) 4. Bold +B -A (1%) 5. Calm +D -A (0.1%) 6. Relaxed +B -S (0.1%) 7. Mild +C -B (0.1%) 8. Sassy +D -S (0%) 9. Rash +C -D (0%) | G7: 1. Garchomp 2. Charizard 3. Kingambit 4. Aerodactyl 5. Farigiraf 6. Incineroar 7. Basculegion 8. Whimsicott 9. Torkoal 10. Venusaur | H7: 1. H32/A0/B2/C32/D0/S0 (8.7%) 2. H18/A0/B10/C21/D0/S17 (7.9%) 3. H5/A0/B21/C30/D0/S10 (5.8%) 4. H9/A0/B22/C30/D0/S5 (4.6%) 5. H9/A0/B22/C25/D0/S10 (3.6%) 6. H9/A0/B22/C20/D0/S15 (3.4%) 7. H32/A0/B0/C32/D0/S2 (3.3%) 8. H19/A0/B32/C10/D0/S5 (2.7%) 9. H7/A0/B22/C26/D0/S11 (2.4%) 10. H10/A0/B15/C30/D0/S11 (2.3%) | I7: No significant change this update | J7: 1. Hyper Voice (99.9%) 2. Quick Attack (85.7%) 3. Hyper Beam (78.1%) 4. Detect (69.8%) 5. Protect (28.9%) | K7: 6. Yawn (10.4%) 7. Moonblast (8.8%) 8. Calm Mind (6%) 9. Mystical Fire (2.7%) 10. Shadow Ball (1.8%) | L7: 1. Fairy Feather (93.1%) 2. Life Orb (3%) 3. Focus Sash (1.3%) 4. Leftovers (0.9%) 5. Sitrus Berry (0.5%) | M7: 6. Quick Claw (0.4%) 7. Choice Scarf (0.4%) 8. Wise Glasses (0.1%) 9. Babiri Berry (0.1%) 10. Metronome (0%) | N7: 1. Modest +C -A (83.1%) 2. Quiet +C -S (13.4%) 3. Timid +S -A (2.2%) 4. Bold +B -A (1%) 5. Calm +D -A (0.1%) | O7: 6. Relaxed +B -S (0.1%) 7. Mild +C -B (0.1%) 8. Sassy +D -S (0%) 9. Rash +C -D (0%) | P7: 1. H32/A0/B2/C32/D0/S0 (8.7%) 2. H18/A0/B10/C21/D0/S17 (7.9%) 3. H5/A0/B21/C30/D0/S10 (5.8%) 4. H9/A0/B22/C30/D0/S5 (4.6%) 5. H9/A0/B22/C25/D0/S10 (3.6%) | Q7: 6. H9/A0/B22/C20/D0/S15 (3.4%) 7. H32/A0/B0/C32/D0/S2 (3.3%) 8. H19/A0/B32/C10/D0/S5 (2.7%) 9. H7/A0/B22/C26/D0/S11 (2.4%) 10. H10/A0/B15/C30/D0/S11 (2.3%) | R7: 1. Garchomp 2. Charizard 3. Kingambit 4. Aerodactyl 5. Farigiraf | S7: 6. Incineroar 7. Basculegion 8. Whimsicott 9. Torkoal 10. Venusaur
A8: 7 | B8: Sinistcha | C8: 1. Matcha Gotcha (98.5%) 2. Rage Powder (98%) 3. Protect (70.2%) 4. Trick Room (67%) 5. Life Dew (41.7%) 6. Shadow Ball (10.5%) 7. Strength Sap (6.8%) 8. Imprison (3.8%) 9. Leaf Storm (0.7%) 10. Psych Up (0.5%) | D8: 1. Kasib Berry (38.9%) 2. Sitrus Berry (20.7%) 3. Colbur Berry (14.1%) 4. Occa Berry (7.2%) 5. Leftovers (6.9%) 6. Coba Berry (6.3%) 7. Focus Sash (2.6%) 8. Big Root (1%) 9. Bright Powder (0.9%) 10. Miracle Seed (0.3%) | E8: 1. Hospitality (99.4%) 2. Heatproof (0.6%) | F8: 1. Bold +B -A (55.2%) 2. Calm +D -A (18.9%) 3. Relaxed +B -S (14.3%) 4. Sassy +D -S (4.3%) 5. Modest +C -A (4.2%) 6. Quiet +C -S (2.2%) 7. Timid +S -A (0.6%) 8. Impish +B -C (0.1%) 9. Mild +C -B (0%) 10. Careful +D -C (0%) | G8: 1. Incineroar 2. Sneasler 3. Kingambit 4. Delphox 5. Blastoise 6. Archaludon 7. Pelipper 8. Grimmsnarl 9. Swampert 10. Floette-Eternal | H8: 1. H32/A0/B4/C0/D30/S0 (32%) 2. H32/A0/B14/C0/D20/S0 (14.5%) 3. H32/A0/B2/C0/D32/S0 (4%) 4. H31/A0/B14/C0/D21/S0 (2.8%) 5. H32/A0/B24/C0/D10/S0 (2.6%) 6. H32/A0/B16/C0/D18/S0 (2.1%) 7. H32/A0/B32/C0/D2/S0 (1.7%) 8. H31/A0/B7/C0/D28/S0 (1.6%) 9. H31/A0/B15/C0/D20/S0 (1.4%) 10. H29/A0/B15/C0/D22/S0 (1.3%) | I8: No significant change this update | J8: 1. Matcha Gotcha (98.5%) 2. Rage Powder (98%) 3. Protect (70.2%) 4. Trick Room (67%) 5. Life Dew (41.7%) | K8: 6. Shadow Ball (10.5%) 7. Strength Sap (6.8%) 8. Imprison (3.8%) 9. Leaf Storm (0.7%) 10. Psych Up (0.5%) | L8: 1. Kasib Berry (38.9%) 2. Sitrus Berry (20.7%) 3. Colbur Berry (14.1%) 4. Occa Berry (7.2%) 5. Leftovers (6.9%) | M8: 6. Coba Berry (6.3%) 7. Focus Sash (2.6%) 8. Big Root (1%) 9. Bright Powder (0.9%) 10. Miracle Seed (0.3%) | N8: 1. Bold +B -A (55.2%) 2. Calm +D -A (18.9%) 3. Relaxed +B -S (14.3%) 4. Sassy +D -S (4.3%) 5. Modest +C -A (4.2%) | O8: 6. Quiet +C -S (2.2%) 7. Timid +S -A (0.6%) 8. Impish +B -C (0.1%) 9. Mild +C -B (0%) 10. Careful +D -C (0%) | P8: 1. H32/A0/B4/C0/D30/S0 (32%) 2. H32/A0/B14/C0/D20/S0 (14.5%) 3. H32/A0/B2/C0/D32/S0 (4%) 4. H31/A0/B14/C0/D21/S0 (2.8%) 5. H32/A0/B24/C0/D10/S0 (2.6%) | Q8: 6. H32/A0/B16/C0/D18/S0 (2.1%) 7. H32/A0/B32/C0/D2/S0 (1.7%) 8. H31/A0/B7/C0/D28/S0 (1.6%) 9. H31/A0/B15/C0/D20/S0 (1.4%) 10. H29/A0/B15/C0/D22/S0 (1.3%) | R8: 1. Incineroar 2. Sneasler 3. Kingambit 4. Delphox 5. Blastoise | S8: 6. Archaludon 7. Pelipper 8. Grimmsnarl 9. Swampert 10. Floette-Eternal
A9: 8 | B9: Basculegion | C9: 1. Last Respects (100%) 2. Aqua Jet (96.2%) 3. Wave Crash (85.9%) 4. Protect (61.7%) 5. Flip Turn (35.9%) 6. Liquidation (13.3%) 7. Psychic Fangs (2.5%) 8. Head Smash (0.8%) 9. Ice Fang (0.7%) 10. Soak (0.6%) | D9: 1. Choice Scarf (37%) 2. Mystic Water (22%) 3. Focus Sash (16.1%) 4. Life Orb (14.7%) 5. Sitrus Berry (8%) 6. Colbur Berry (1%) 7. Spell Tag (0.3%) 8. Kasib Berry (0.2%) 9. Muscle Band (0.2%) 10. Quick Claw (0.1%) | E9: 1. Adaptability (95.4%) 2. Swift Swim (4.6%) 3. Mold Breaker (0.1%) | F9: 1. Adamant +A -C (59.2%) 2. Jolly +S -C (36.7%) 3. Brave +A -S (3.4%) 4. Naive +S -D (0.3%) 5. Lonely +A -B (0.1%) 6. Careful +D -C (0.1%) 7. Naughty +A -D (0.1%) 8. Impish +B -C (0%) 9. Serious (0%) 10. Modest +C -A (0%) | G9: 1. Kingambit 2. Garchomp 3. Whimsicott 4. Charizard 5. Floette-Eternal 6. Sylveon 7. Sneasler 8. Farigiraf 9. Aerodactyl 10. Incineroar | H9: 1. H2/A32/B0/C0/D0/S32 (30.7%) 2. H0/A32/B2/C0/D0/S32 (20.2%) 3. H32/A32/B2/C0/D0/S0 (3%) 4. H4/A31/B11/C0/D0/S20 (2.6%) 5. H0/A18/B30/C0/D0/S18 (2.5%) 6. H0/A32/B1/C0/D1/S32 (2.4%) 7. H0/A32/B0/C0/D2/S32 (2.2%) 8. H0/A20/B14/C0/D0/S32 (1.5%) 9. H0/A28/B13/C0/D0/S25 (1.3%) 10. H12/A32/B7/C0/D0/S15 (1.2%) | I9: No significant change this update | J9: 1. Last Respects (100%) 2. Aqua Jet (96.2%) 3. Wave Crash (85.9%) 4. Protect (61.7%) 5. Flip Turn (35.9%) | K9: 6. Liquidation (13.3%) 7. Psychic Fangs (2.5%) 8. Head Smash (0.8%) 9. Ice Fang (0.7%) 10. Soak (0.6%) | L9: 1. Choice Scarf (37%) 2. Mystic Water (22%) 3. Focus Sash (16.1%) 4. Life Orb (14.7%) 5. Sitrus Berry (8%) | M9: 6. Colbur Berry (1%) 7. Spell Tag (0.3%) 8. Kasib Berry (0.2%) 9. Muscle Band (0.2%) 10. Quick Claw (0.1%) | N9: 1. Adamant +A -C (59.2%) 2. Jolly +S -C (36.7%) 3. Brave +A -S (3.4%) 4. Naive +S -D (0.3%) 5. Lonely +A -B (0.1%) | O9: 6. Careful +D -C (0.1%) 7. Naughty +A -D (0.1%) 8. Impish +B -C (0%) 9. Serious (0%) 10. Modest +C -A (0%) | P9: 1. H2/A32/B0/C0/D0/S32 (30.7%) 2. H0/A32/B2/C0/D0/S32 (20.2%) 3. H32/A32/B2/C0/D0/S0 (3%) 4. H4/A31/B11/C0/D0/S20 (2.6%) 5. H0/A18/B30/C0/D0/S18 (2.5%) | Q9: 6. H0/A32/B1/C0/D1/S32 (2.4%) 7. H0/A32/B0/C0/D2/S32 (2.2%) 8. H0/A20/B14/C0/D0/S32 (1.5%) 9. H0/A28/B13/C0/D0/S25 (1.3%) 10. H12/A32/B7/C0/D0/S15 (1.2%) | R9: 1. Kingambit 2. Garchomp 3. Whimsicott 4. Charizard 5. Floette-Eternal | S9: 6. Sylveon 7. Sneasler 8. Farigiraf 9. Aerodactyl 10. Incineroar
A10: 9 | B10: Whimsicott | C10: 1. Tailwind (96.7%) 2. Moonblast (91.6%) 3. Encore (71.7%) 4. Protect (61.7%) 5. Sunny Day (15.7%) 6. Charm (13.5%) 7. Energy Ball (8.4%) 8. Grass Knot (6.7%) 9. Taunt (4.6%) 10. Fake Tears (4.3%) | D10: 1. Focus Sash (80.8%) 2. Life Orb (6.6%) 3. Fairy Feather (4.4%) 4. Mental Herb (2.5%) 5. Sitrus Berry (1.2%) 6. Occa Berry (1.1%) 7. Coba Berry (1%) 8. Light Clay (0.8%) 9. Bright Powder (0.5%) 10. Leftovers (0.2%) | E10: 1. Prankster (99%) 2. Chlorophyll (0.9%) 3. Infiltrator (0.1%) | F10: 1. Timid +S -A (79.2%) 2. Modest +C -A (14.8%) 3. Bold +B -A (3.3%) 4. Calm +D -A (1.4%) 5. Quiet +C -S (0.5%) 6. Hasty +S -B (0.3%) 7. Sassy +D -S (0.2%) 8. Jolly +S -C (0.2%) 9. Mild +C -B (0.1%) 10. Careful +D -C (0%) | G10: 1. Garchomp 2. Charizard 3. Basculegion 4. Kingambit 5. Staraptor 6. Floette-Eternal 7. Incineroar 8. Sylveon 9. Farigiraf 10. Sneasler | H10: 1. H2/A0/B0/C32/D0/S32 (57%) 2. H0/A0/B2/C32/D0/S32 (8%) 3. H14/A0/B0/C32/D0/S20 (4.9%) 4. H0/A0/B0/C32/D2/S32 (3.7%) 5. H0/A0/B0/C32/D0/S32 (1.7%) 6. H0/A0/B1/C32/D1/S32 (1.2%) 7. H32/A0/B15/C0/D19/S0 (1.1%) 8. H32/A0/B0/C23/D11/S0 (1%) 9. H6/A0/B0/C28/D0/S32 (0.9%) 10. H32/A0/B0/C0/D2/S32 (0.8%) | I10: No significant change this update | J10: 1. Tailwind (96.7%) 2. Moonblast (91.6%) 3. Encore (71.7%) 4. Protect (61.7%) 5. Sunny Day (15.7%) | K10: 6. Charm (13.5%) 7. Energy Ball (8.4%) 8. Grass Knot (6.7%) 9. Taunt (4.6%) 10. Fake Tears (4.3%) | L10: 1. Focus Sash (80.8%) 2. Life Orb (6.6%) 3. Fairy Feather (4.4%) 4. Mental Herb (2.5%) 5. Sitrus Berry (1.2%) | M10: 6. Occa Berry (1.1%) 7. Coba Berry (1%) 8. Light Clay (0.8%) 9. Bright Powder (0.5%) 10. Leftovers (0.2%) | N10: 1. Timid +S -A (79.2%) 2. Modest +C -A (14.8%) 3. Bold +B -A (3.3%) 4. Calm +D -A (1.4%) 5. Quiet +C -S (0.5%) | O10: 6. Hasty +S -B (0.3%) 7. Sassy +D -S (0.2%) 8. Jolly +S -C (0.2%) 9. Mild +C -B (0.1%) 10. Careful +D -C (0%) | P10: 1. H2/A0/B0/C32/D0/S32 (57%) 2. H0/A0/B2/C32/D0/S32 (8%) 3. H14/A0/B0/C32/D0/S20 (4.9%) 4. H0/A0/B0/C32/D2/S32 (3.7%) 5. H0/A0/B0/C32/D0/S32 (1.7%) | Q10: 6. H0/A0/B1/C32/D1/S32 (1.2%) 7. H32/A0/B15/C0/D19/S0 (1.1%) 8. H32/A0/B0/C23/D11/S0 (1%) 9. H6/A0/B0/C28/D0/S32 (0.9%) 10. H32/A0/B0/C0/D2/S32 (0.8%) | R10: 1. Garchomp 2. Charizard 3. Basculegion 4. Kingambit 5. Staraptor | S10: 6. Floette-Eternal 7. Incineroar 8. Sylveon 9. Farigiraf 10. Sneasler
A11: 10 | B11: Sneasler | C11: 1. Close Combat (99.1%) 2. Fake Out (94.8%) 3. Dire Claw (65.1%) 4. Protect (40.4%) 5. Quick Guard (32%) 6. Poison Jab (30.6%) 7. Rock Slide (9.9%) 8. Coaching (7.1%) 9. Throat Chop (3.5%) 10. Gunk Shot (3.5%) | D11: 1. Focus Sash (51.2%) 2. White Herb (42.3%) 3. Life Orb (2.9%) 4. Iron Ball (1.2%) 5. Lum Berry (0.6%) 6. Sitrus Berry (0.3%) 7. Mental Herb (0.2%) 8. Shuca Berry (0.2%) 9. Expert Belt (0.2%) 10. Choice Scarf (0.1%) | E11: 1. Unburden (53%) 2. Poison Touch (46.9%) 3. Pressure (0.1%) | F11: 1. Jolly +S -C (68.9%) 2. Adamant +A -C (28%) 3. Brave +A -S (1.2%) 4. Naive +S -D (0.9%) 5. Naughty +A -D (0.3%) 6. Impish +B -C (0.3%) 7. Lonely +A -B (0.2%) 8. Hasty +S -B (0.1%) 9. Careful +D -C (0.1%) 10. Timid +S -A (0%) | G11: 1. Kingambit 2. Incineroar 3. Sinistcha 4. Delphox 5. Blastoise 6. Basculegion 7. Garchomp 8. Charizard 9. Whimsicott 10. Farigiraf | H11: 1. H2/A32/B0/C0/D0/S32 (57.9%) 2. H0/A32/B2/C0/D0/S32 (14.1%) 3. H0/A32/B0/C0/D2/S32 (5.2%) 4. H1/A32/B1/C0/D0/S32 (1.8%) 5. H4/A30/B0/C0/D0/S32 (1.1%) 6. H0/A32/B1/C0/D1/S32 (1.1%) 7. H0/A32/B4/C0/D0/S30 (1%) 8. H0/A32/B0/C0/D0/S32 (0.9%) 9. H32/A32/B2/C0/D0/S0 (0.8%) 10. H4/A13/B17/C0/D0/S32 (0.7%) | I11: No significant change this update | J11: 1. Close Combat (99.1%) 2. Fake Out (94.8%) 3. Dire Claw (65.1%) 4. Protect (40.4%) 5. Quick Guard (32%) | K11: 6. Poison Jab (30.6%) 7. Rock Slide (9.9%) 8. Coaching (7.1%) 9. Throat Chop (3.5%) 10. Gunk Shot (3.5%) | L11: 1. Focus Sash (51.2%) 2. White Herb (42.3%) 3. Life Orb (2.9%) 4. Iron Ball (1.2%) 5. Lum Berry (0.6%) | M11: 6. Sitrus Berry (0.3%) 7. Mental Herb (0.2%) 8. Shuca Berry (0.2%) 9. Expert Belt (0.2%) 10. Choice Scarf (0.1%) | N11: 1. Jolly +S -C (68.9%) 2. Adamant +A -C (28%) 3. Brave +A -S (1.2%) 4. Naive +S -D (0.9%) 5. Naughty +A -D (0.3%) | O11: 6. Impish +B -C (0.3%) 7. Lonely +A -B (0.2%) 8. Hasty +S -B (0.1%) 9. Careful +D -C (0.1%) 10. Timid +S -A (0%) | P11: 1. H2/A32/B0/C0/D0/S32 (57.9%) 2. H0/A32/B2/C0/D0/S32 (14.1%) 3. H0/A32/B0/C0/D2/S32 (5.2%) 4. H1/A32/B1/C0/D0/S32 (1.8%) 5. H4/A30/B0/C0/D0/S32 (1.1%) | Q11: 6. H0/A32/B1/C0/D1/S32 (1.1%) 7. H0/A32/B4/C0/D0/S30 (1%) 8. H0/A32/B0/C0/D0/S32 (0.9%) 9. H32/A32/B2/C0/D0/S0 (0.8%) 10. H4/A13/B17/C0/D0/S32 (0.7%) | R11: 1. Kingambit 2. Incineroar 3. Sinistcha 4. Delphox 5. Blastoise | S11: 6. Basculegion 7. Garchomp 8. Charizard 9. Whimsicott 10. Farigiraf
A12: 11 | B12: Aerodactyl | C12: 1. Rock Slide (99.3%) 2. Tailwind (94.8%) 3. Dual Wingbeat (73.5%) 4. Ice Fang (60.1%) 5. Wide Guard (36.5%) 6. Protect (26%) 7. Taunt (5.3%) 8. Psychic Fangs (0.7%) 9. Iron Head (0.6%) 10. Sunny Day (0.6%) | D12: 1. Aerodactylite (72.3%) 2. Focus Sash (23.9%) 3. Wide Lens (0.9%) 4. King's Rock (0.4%) 5. Mental Herb (0.4%) 6. Life Orb (0.3%) 7. Sitrus Berry (0.3%) 8. Hard Stone (0.2%) 9. Wacan Berry (0.2%) 10. Expert Belt (0.2%) | E12: 1. Unnerve (98.1%) 2. Pressure (1.3%) 3. Rock Head (0.6%) | F12: 1. Jolly +S -C (95.3%) 2. Adamant +A -C (4%) 3. Hasty +S -B (0.2%) 4. Naive +S -D (0.2%) 5. Lonely +A -B (0.1%) 6. Naughty +A -D (0.1%) 7. Careful +D -C (0.1%) 8. Timid +S -A (0%) 9. Impish +B -C (0%) 10. Serious (0%) | G12: 1. Sylveon 2. Garchomp 3. Kingambit 4. Charizard 5. Farigiraf 6. Incineroar 7. Basculegion 8. Sneasler 9. Venusaur 10. Metagross | H12: 1. H2/A32/B0/C0/D0/S32 (33.6%) 2. H22/A12/B0/C0/D0/S32 (13.5%) 3. H28/A11/B9/C0/D1/S17 (10.3%) 4. H26/A7/B1/C0/D0/S32 (7.9%) 5. H0/A32/B2/C0/D0/S32 (4.3%) 6. H12/A21/B1/C0/D0/S32 (3.8%) 7. H0/A32/B0/C0/D2/S32 (3%) 8. H15/A17/B0/C0/D5/S29 (2%) 9. H0/A32/B1/C0/D1/S32 (1.1%) 10. H12/A22/B0/C0/D0/S32 (1.1%) | I12: No significant change this update | J12: 1. Rock Slide (99.3%) 2. Tailwind (94.8%) 3. Dual Wingbeat (73.5%) 4. Ice Fang (60.1%) 5. Wide Guard (36.5%) | K12: 6. Protect (26%) 7. Taunt (5.3%) 8. Psychic Fangs (0.7%) 9. Iron Head (0.6%) 10. Sunny Day (0.6%) | L12: 1. Aerodactylite (72.3%) 2. Focus Sash (23.9%) 3. Wide Lens (0.9%) 4. King's Rock (0.4%) 5. Mental Herb (0.4%) | M12: 6. Life Orb (0.3%) 7. Sitrus Berry (0.3%) 8. Hard Stone (0.2%) 9. Wacan Berry (0.2%) 10. Expert Belt (0.2%) | N12: 1. Jolly +S -C (95.3%) 2. Adamant +A -C (4%) 3. Hasty +S -B (0.2%) 4. Naive +S -D (0.2%) 5. Lonely +A -B (0.1%) | O12: 6. Naughty +A -D (0.1%) 7. Careful +D -C (0.1%) 8. Timid +S -A (0%) 9. Impish +B -C (0%) 10. Serious (0%) | P12: 1. H2/A32/B0/C0/D0/S32 (33.6%) 2. H22/A12/B0/C0/D0/S32 (13.5%) 3. H28/A11/B9/C0/D1/S17 (10.3%) 4. H26/A7/B1/C0/D0/S32 (7.9%) 5. H0/A32/B2/C0/D0/S32 (4.3%) | Q12: 6. H12/A21/B1/C0/D0/S32 (3.8%) 7. H0/A32/B0/C0/D2/S32 (3%) 8. H15/A17/B0/C0/D5/S29 (2%) 9. H0/A32/B1/C0/D1/S32 (1.1%) 10. H12/A22/B0/C0/D0/S32 (1.1%) | R12: 1. Sylveon 2. Garchomp 3. Kingambit 4. Charizard 5. Farigiraf | S12: 6. Incineroar 7. Basculegion 8. Sneasler 9. Venusaur 10. Metagross
A13: 12 | B13: Staraptor | C13: 1. Close Combat (94.6%) 2. Protect (80.9%) 3. Brave Bird (80.3%) 4. Roost (58.8%) 5. Tailwind (21.8%) 6. Dual Wingbeat (19.7%) 7. Final Gambit (18.3%) 8. U-turn (14.6%) 9. Blaze Kick (2.2%) 10. Sunny Day (1.6%) | D13: 1. Staraptite (82%) 2. Choice Scarf (16.7%) 3. Sharp Beak (0.4%) 4. Focus Sash (0.3%) 5. Sitrus Berry (0.2%) 6. White Herb (0.1%) 7. Quick Claw (0.1%) 8. Life Orb (0.1%) 9. Leftovers (0%) 10. Mental Herb (0%) | E13: 1. Intimidate (96.9%) 2. Reckless (3.1%) | F13: 1. Jolly +S -C (85.5%) 2. Adamant +A -C (11%) 3. Careful +D -C (1.7%) 4. Naive +S -D (0.4%) 5. Timid +S -A (0.4%) 6. Impish +B -C (0.3%) 7. Brave +A -S (0.2%) 8. Lonely +A -B (0.2%) 9. Hasty +S -B (0.1%) 10. Sassy +D -S (0.1%) | G13: 1. Whimsicott 2. Garchomp 3. Gholdengo 4. Basculegion 5. Kingambit 6. Farigiraf 7. Tyranitar 8. Sinistcha 9. Excadrill 10. Charizard | H13: 1. H32/A2/B0/C0/D0/S32 (17.6%) 2. H2/A32/B0/C0/D0/S32 (13.4%) 3. H29/A1/B0/C0/D4/S32 (12.9%) 4. H23/A17/B0/C0/D0/S26 (7.8%) 5. H32/A5/B0/C0/D4/S25 (7.6%) 6. H32/A0/B0/C0/D2/S32 (2.7%) 7. H21/A13/B0/C0/D0/S32 (2.1%) 8. H0/A32/B0/C0/D2/S32 (1.9%) 9. H32/A0/B2/C0/D0/S32 (1.5%) 10. H31/A30/B0/C0/D0/S5 (1.1%) | I13: No significant change this update | J13: 1. Close Combat (94.6%) 2. Protect (80.9%) 3. Brave Bird (80.3%) 4. Roost (58.8%) 5. Tailwind (21.8%) | K13: 6. Dual Wingbeat (19.7%) 7. Final Gambit (18.3%) 8. U-turn (14.6%) 9. Blaze Kick (2.2%) 10. Sunny Day (1.6%) | L13: 1. Staraptite (82%) 2. Choice Scarf (16.7%) 3. Sharp Beak (0.4%) 4. Focus Sash (0.3%) 5. Sitrus Berry (0.2%) | M13: 6. White Herb (0.1%) 7. Quick Claw (0.1%) 8. Life Orb (0.1%) 9. Leftovers (0%) 10. Mental Herb (0%) | N13: 1. Jolly +S -C (85.5%) 2. Adamant +A -C (11%) 3. Careful +D -C (1.7%) 4. Naive +S -D (0.4%) 5. Timid +S -A (0.4%) | O13: 6. Impish +B -C (0.3%) 7. Brave +A -S (0.2%) 8. Lonely +A -B (0.2%) 9. Hasty +S -B (0.1%) 10. Sassy +D -S (0.1%) | P13: 1. H32/A2/B0/C0/D0/S32 (17.6%) 2. H2/A32/B0/C0/D0/S32 (13.4%) 3. H29/A1/B0/C0/D4/S32 (12.9%) 4. H23/A17/B0/C0/D0/S26 (7.8%) 5. H32/A5/B0/C0/D4/S25 (7.6%) | Q13: 6. H32/A0/B0/C0/D2/S32 (2.7%) 7. H21/A13/B0/C0/D0/S32 (2.1%) 8. H0/A32/B0/C0/D2/S32 (1.9%) 9. H32/A0/B2/C0/D0/S32 (1.5%) 10. H31/A30/B0/C0/D0/S5 (1.1%) | R13: 1. Whimsicott 2. Garchomp 3. Gholdengo 4. Basculegion 5. Kingambit | S13: 6. Farigiraf 7. Tyranitar 8. Sinistcha 9. Excadrill 10. Charizard
... A74: 73 | B74: Mimikyu | C74: 1. Play Rough (93.2%) 2. Shadow Sneak (67.1%) 3. Trick Room (60.8%) 4. Shadow Claw (41.6%) 5. Swords Dance (34.7%) 6. Drain Punch (16.6%) 7. Protect (16.5%) 8. Will-O-Wisp (14.5%) 9. Wood Hammer (10.8%) 10. Taunt (9.7%) | D74: 1. Life Orb (35.3%) 2. Mental Herb (21%) 3. Spell Tag (8.2%) 4. Sitrus Berry (6.9%) 5. Lum Berry (5.4%) 6. Fairy Feather (3.2%) 7. Bright Powder (3%) 8. Expert Belt (2.9%) 9. Focus Sash (1.9%) 10. Iron Ball (1.9%) | E74: 1. Disguise (100%) | F74: 1. Adamant +A -C (50.4%) 2. Brave +A -S (24.2%) 3. Jolly +S -C (10.5%) 4. Careful +D -C (5.6%) 5. Relaxed +B -S (5.2%) 6. Naughty +A -D (1.9%) 7. Impish +B -C (0.8%) 8. Sassy +D -S (0.6%) 9. Quirky (0.3%) 10. Docile (0.2%) | G74: 1. Farigiraf 2. Kingambit 3. Incineroar 4. Torkoal 5. Tyranitar 6. Basculegion 7. Sylveon 8. Sinistcha 9. Garchomp 10. Rotom-Wash | H74: 1. H32/A32/B2/C0/D0/S0 (20%) 2. H2/A32/B0/C0/D0/S32 (14.5%) 3. H32/A32/B0/C0/D2/S0 (11.4%) 4. H1/A32/B1/C0/D0/S32 (4.9%) 5. H29/A32/B0/C0/D5/S0 (4.2%) 6. H29/A32/B5/C0/D0/S0 (4%) 7. H32/A32/B0/C0/D0/S2 (3.8%) 8. H0/A32/B0/C0/D2/S32 (2.3%) 9. H0/A30/B10/C0/D5/S21 (1.8%) 10. H20/A14/B0/C0/D32/S0 (1.7%) | I74: No significant change this update | J74: 1. Play Rough (93.2%) 2. Shadow Sneak (67.1%) 3. Trick Room (60.8%) 4. Shadow Claw (41.6%) 5. Swords Dance (34.7%) | K74: 6. Drain Punch (16.6%) 7. Protect (16.5%) 8. Will-O-Wisp (14.5%) 9. Wood Hammer (10.8%) 10. Taunt (9.7%) | L74: 1. Life Orb (35.3%) 2. Mental Herb (21%) 3. Spell Tag (8.2%) 4. Sitrus Berry (6.9%) 5. Lum Berry (5.4%) | M74: 6. Fairy Feather (3.2%) 7. Bright Powder (3%) 8. Expert Belt (2.9%) 9. Focus Sash (1.9%) 10. Iron Ball (1.9%) | N74: 1. Adamant +A -C (50.4%) 2. Brave +A -S (24.2%) 3. Jolly +S -C (10.5%) 4. Careful +D -C (5.6%) 5. Relaxed +B -S (5.2%) | O74: 6. Naughty +A -D (1.9%) 7. Impish +B -C (0.8%) 8. Sassy +D -S (0.6%) 9. Quirky (0.3%) 10. Docile (0.2%) | P74: 1. H32/A32/B2/C0/D0/S0 (20%) 2. H2/A32/B0/C0/D0/S32 (14.5%) 3. H32/A32/B0/C0/D2/S0 (11.4%) 4. H1/A32/B1/C0/D0/S32 (4.9%) 5. H29/A32/B0/C0/D5/S0 (4.2%) | Q74: 6. H29/A32/B5/C0/D0/S0 (4%) 7. H32/A32/B0/C0/D0/S2 (3.8%) 8. H0/A32/B0/C0/D2/S32 (2.3%) 9. H0/A30/B10/C0/D5/S21 (1.8%) 10. H20/A14/B0/C0/D32/S0 (1.7%) | R74: 1. Farigiraf 2. Kingambit 3. Incineroar 4. Torkoal 5. Tyranitar | S74: 6. Basculegion 7. Sylveon 8. Sinistcha 9. Garchomp 10. Rotom-Wash
A75: 74 | B75: Meganium | C75: 1. Solar Beam (97.3%) 2. Weather Ball (91.3%) 3. Dazzling Gleam (89%) 4. Protect (85.3%) 5. Synthesis (14.3%) 6. Earth Power (13.3%) 7. Ancient Power (2.5%) 8. Encore (1.8%) 9. Energy Ball (1.8%) 10. Pollen Puff (1%) | D75: 1. Meganiumite (98%) | E75: 1. Overgrow (56.3%) 2. Leaf Guard (43.7%) | F75: 1. Modest +C -A (85%) 2. Quiet +C -S (9%) 3. Timid +S -A (2.5%) 4. Calm +D -A (2%) 5. Relaxed +B -S (0.5%) 6. Mild +C -B (0.3%) 7. Adamant +A -C (0.3%) 8. Bold +B -A (0.2%) 9. Serious (0.2%) | G75: 1. Pelipper 2. Archaludon 3. Farigiraf 4. Sneasler 5. Basculegion 6. Swampert 7. Garchomp 8. Sableye 9. Incineroar 10. Kingambit | H75: 1. H32/A0/B0/C32/D0/S2 (14.9%) 2. H32/A0/B2/C32/D0/S0 (8.6%) 3. H32/A0/B0/C32/D2/S0 (7.4%) 4. H2/A0/B0/C32/D0/S32 (3.6%) 5. H5/A0/B0/C32/D0/S29 (3.6%) 6. H28/A0/B0/C32/D0/S6 (3.3%) 7. H0/A0/B0/C32/D0/S32 (2.9%) 8. H32/A0/B1/C32/D1/S0 (2.6%) 9. H32/A0/B4/C27/D3/S0 (2.4%) 10. H32/A0/B1/C32/D0/S1 (2.2%) | I75: No significant change this update | J75: 1. Solar Beam (97.3%) 2. Weather Ball (91.3%) 3. Dazzling Gleam (89%) 4. Protect (85.3%) 5. Synthesis (14.3%) | K75: 6. Earth Power (13.3%) 7. Ancient Power (2.5%) 8. Encore (1.8%) 9. Energy Ball (1.8%) 10. Pollen Puff (1%) | L75: 1. Meganiumite (98%) | N75: 1. Modest +C -A (85%) 2. Quiet +C -S (9%) 3. Timid +S -A (2.5%) 4. Calm +D -A (2%) 5. Relaxed +B -S (0.5%) | O75: 6. Mild +C -B (0.3%) 7. Adamant +A -C (0.3%) 8. Bold +B -A (0.2%) 9. Serious (0.2%) | P75: 1. H32/A0/B0/C32/D0/S2 (14.9%) 2. H32/A0/B2/C32/D0/S0 (8.6%) 3. H32/A0/B0/C32/D2/S0 (7.4%) 4. H2/A0/B0/C32/D0/S32 (3.6%) 5. H5/A0/B0/C32/D0/S29 (3.6%) | Q75: 6. H28/A0/B0/C32/D0/S6 (3.3%) 7. H0/A0/B0/C32/D0/S32 (2.9%) 8. H32/A0/B1/C32/D1/S0 (2.6%) 9. H32/A0/B4/C27/D3/S0 (2.4%) 10. H32/A0/B1/C32/D0/S1 (2.2%) | R75: 1. Pelipper 2. Archaludon 3. Farigiraf 4. Sneasler 5. Basculegion | S75: 6. Swampert 7. Garchomp 8. Sableye 9. Incineroar 10. Kingambit
A76: 75 | B76: Armarouge | C76: 1. Wide Guard (58.5%) 2. Armor Cannon (55.9%) 3. Trick Room (53.6%) 4. Heat Wave (39.7%) 5. Psychic (37.1%) 6. Expanding Force (29.8%) 7. Protect (26.8%) 8. Destiny Bond (23.9%) 9. Aura Sphere (15.8%) 10. Psyshock (12.8%) | D76: 1. Focus Sash (37.5%) 2. Sitrus Berry (18.6%) 3. Life Orb (8.4%) 4. Colbur Berry (8%) 5. Charcoal (6.5%) 6. Leftovers (4.8%) 7. Expert Belt (3.3%) 8. Black Belt (2%) 9. Twisted Spoon (1.8%) 10. Shuca Berry (1.7%) | E76: 1. Flash Fire (76.7%) 2. Weak Armor (23.3%) | F76: 1. Modest +C -A (42.9%) 2. Quiet +C -S (35.5%) 3. Relaxed +B -S (9.5%) 4. Timid +S -A (7.4%) 5. Bold +B -A (2.8%) 6. Sassy +D -S (0.8%) 7. Hasty +S -B (0.7%) 8. Calm +D -A (0.4%) 9. Mild +C -B (0.1%) | G76: 1. Farigiraf 2. Torkoal 3. Staraptor 4. Kingambit 5. Mawile 6. Garchomp 7. Raichu 8. Sneasler 9. Basculegion 10. Sinistcha | H76: 1. H32/A0/B0/C32/D2/S0 (17.4%) 2. H2/A0/B0/C32/D0/S32 (9%) 3. H32/A0/B2/C32/D0/S0 (8.3%) 4. H18/A0/B0/C32/D0/S16 (7.3%) 5. H32/A0/B0/C32/D0/S0 (4.6%) 6. H17/A0/B20/C5/D24/S0 (4.6%) 7. H0/A0/B13/C32/D2/S19 (3.4%) 8. H32/A0/B0/C32/D1/S0 (3%) 9. H23/A0/B0/C32/D0/S11 (2.9%) 10. H14/A0/B0/C32/D20/S0 (2.6%) | I76: No significant change this update | J76: 1. Wide Guard (58.5%) 2. Armor Cannon (55.9%) 3. Trick Room (53.6%) 4. Heat Wave (39.7%) 5. Psychic (37.1%) | K76: 6. Expanding Force (29.8%) 7. Protect (26.8%) 8. Destiny Bond (23.9%) 9. Aura Sphere (15.8%) 10. Psyshock (12.8%) | L76: 1. Focus Sash (37.5%) 2. Sitrus Berry (18.6%) 3. Life Orb (8.4%) 4. Colbur Berry (8%) 5. Charcoal (6.5%) | M76: 6. Leftovers (4.8%) 7. Expert Belt (3.3%) 8. Black Belt (2%) 9. Twisted Spoon (1.8%) 10. Shuca Berry (1.7%) | N76: 1. Modest +C -A (42.9%) 2. Quiet +C -S (35.5%) 3. Relaxed +B -S (9.5%) 4. Timid +S -A (7.4%) 5. Bold +B -A (2.8%) | O76: 6. Sassy +D -S (0.8%) 7. Hasty +S -B (0.7%) 8. Calm +D -A (0.4%) 9. Mild +C -B (0.1%) | P76: 1. H32/A0/B0/C32/D2/S0 (17.4%) 2. H2/A0/B0/C32/D0/S32 (9%) 3. H32/A0/B2/C32/D0/S0 (8.3%) 4. H18/A0/B0/C32/D0/S16 (7.3%) 5. H32/A0/B0/C32/D0/S0 (4.6%) | Q76: 6. H17/A0/B20/C5/D24/S0 (4.6%) 7. H0/A0/B13/C32/D2/S19 (3.4%) 8. H32/A0/B0/C32/D1/S0 (3%) 9. H23/A0/B0/C32/D0/S11 (2.9%) 10. H14/A0/B0/C32/D20/S0 (2.6%) | R76: 1. Farigiraf 2. Torkoal 3. Staraptor 4. Kingambit 5. Mawile | S76: 6. Garchomp 7. Raichu 8. Sneasler 9. Basculegion 10. Sinistcha
A77: 76 | B77: Greninja | C77: 1. Dark Pulse (78.8%) 2. Ice Beam (59.2%) 3. Protect (59.2%) 4. Water Shuriken (32.2%) 5. Grass Knot (24.5%) 6. Weather Ball (19.7%) 7. Extrasensory (17.6%) 8. Rock Slide (13.3%) 9. Low Kick (13.1%) 10. Gunk Shot (11.4%) | D77: 1. Greninjite (44.7%) 2. Focus Sash (22%) 3. Life Orb (17.4%) 4. Choice Scarf (10.4%) 5. Expert Belt (4.1%) 6. Mystic Water (0.6%) 7. Wise Glasses (0.3%) 8. Hard Stone (0.2%) 9. Venusaurite (0.2%) 10. Never-Melt Ice (0.1%) | E77: 1. Protean (77.9%) 2. Torrent (22.1%) | F77: 1. Timid +S -A (48.8%) 2. Hasty +S -B (23.1%) 3. Modest +C -A (18.2%) 4. Jolly +S -C (2.7%) 5. Mild +C -B (2.7%) 6. Naive +S -D (1.5%) 7. Adamant +A -C (1.2%) 8. Calm +D -A (0.8%) 9. Naughty +A -D (0.7%) 10. Rash +C -D (0.3%) | G77: 1. Basculegion 2. Pelipper 3. Archaludon 4. Garchomp 5. Whimsicott 6. Sneasler 7. Swampert 8. Politoed 9. Incineroar 10. Farigiraf | H77: 1. H2/A0/B0/C32/D0/S32 (57.6%) 2. H0/A13/B0/C32/D0/S21 (6.3%) 3. H0/A2/B0/C32/D0/S32 (5%) 4. H0/A0/B2/C32/D0/S32 (3.5%) 5. H8/A0/B0/C32/D0/S26 (2.8%) 6. H2/A32/B0/C0/D0/S32 (2.8%) 7. H3/A5/B0/C27/D0/S31 (1.9%) 8. H0/A0/B0/C32/D0/S32 (1.8%) 9. H0/A0/B0/C32/D2/S32 (1.8%) 10. H0/A20/B0/C32/D0/S14 (1.5%) | I77: No significant change this update | J77: 1. Dark Pulse (78.8%) 2. Ice Beam (59.2%) 3. Protect (59.2%) 4. Water Shuriken (32.2%) 5. Grass Knot (24.5%) | K77: 6. Weather Ball (19.7%) 7. Extrasensory (17.6%) 8. Rock Slide (13.3%) 9. Low Kick (13.1%) 10. Gunk Shot (11.4%) | L77: 1. Greninjite (44.7%) 2. Focus Sash (22%) 3. Life Orb (17.4%) 4. Choice Scarf (10.4%) 5. Expert Belt (4.1%) | M77: 6. Mystic Water (0.6%) 7. Wise Glasses (0.3%) 8. Hard Stone (0.2%) 9. Venusaurite (0.2%) 10. Never-Melt Ice (0.1%) | N77: 1. Timid +S -A (48.8%) 2. Hasty +S -B (23.1%) 3. Modest +C -A (18.2%) 4. Jolly +S -C (2.7%) 5. Mild +C -B (2.7%) | O77: 6. Naive +S -D (1.5%) 7. Adamant +A -C (1.2%) 8. Calm +D -A (0.8%) 9. Naughty +A -D (0.7%) 10. Rash +C -D (0.3%) | P77: 1. H2/A0/B0/C32/D0/S32 (57.6%) 2. H0/A13/B0/C32/D0/S21 (6.3%) 3. H0/A2/B0/C32/D0/S32 (5%) 4. H0/A0/B2/C32/D0/S32 (3.5%) 5. H8/A0/B0/C32/D0/S26 (2.8%) | Q77: 6. H2/A32/B0/C0/D0/S32 (2.8%) 7. H3/A5/B0/C27/D0/S31 (1.9%) 8. H0/A0/B0/C32/D0/S32 (1.8%) 9. H0/A0/B0/C32/D2/S32 (1.8%) 10. H0/A20/B0/C32/D0/S14 (1.5%) | R77: 1. Basculegion 2. Pelipper 3. Archaludon 4. Garchomp 5. Whimsicott | S77: 6. Sneasler 7. Swampert 8. Politoed 9. Incineroar 10. Farigiraf
A78: 77 | B78: Snorlax | C78: 1. Protect (77.1%) 2. Fissure (38.3%) 3. Double-Edge (26.8%) 4. Stockpile (26.4%) 5. Yawn (25.6%) 6. Body Press (22.4%) 7. Rock Slide (18.9%) 8. Belly Drum (18%) 9. High Horsepower (17.8%) 10. Ice Punch (15.2%) | D78: 1. Leftovers (61.1%) 2. Sitrus Berry (25.2%) 3. Muscle Band (3.7%) 4. Chople Berry (3.4%) 5. Silk Scarf (2%) 6. Life Orb (1.6%) 7. Expert Belt (1.3%) 8. Chesto Berry (1%) 9. Quick Claw (0.6%) 10. Lum Berry (0.1%) | E78: 1. Thick Fat (96.8%) 2. Gluttony (1.7%) 3. Immunity (1.6%) | F78: 1. Relaxed +B -S (36.5%) 2. Brave +A -S (21.1%) 3. Impish +B -C (19.9%) 4. Adamant +A -C (13.9%) 5. Careful +D -C (6.6%) 6. Jolly +S -C (1%) 7. Sassy +D -S (0.6%) 8. Quirky (0.2%) 9. Bold +B -A (0.2%) 10. Gentle +D -B (0.1%) | G78: 1. Incineroar 2. Sinistcha 3. Gengar 4. Hawlucha 5. Farigiraf 6. Politoed 7. Ninetales-Alola 8. Kingambit 9. Dragonite 10. Charizard | H78: 1. H32/A0/B32/C0/D2/S0 (33%) 2. H2/A32/B32/C0/D0/S0 (9.1%) 3. H21/A0/B30/C0/D15/S0 (7.5%) 4. H31/A1/B32/C0/D2/S0 (4.5%) 5. H32/A32/B2/C0/D0/S0 (4.5%) 6. H21/A0/B32/C0/D13/S0 (3.5%) 7. H1/A32/B32/C0/D1/S0 (2.7%) 8. H25/A16/B25/C0/D0/S0 (2.4%) 9. H32/A0/B26/C0/D8/S0 (2.3%) 10. H32/A13/B9/C0/D12/S0 (2.2%) | I78: No significant change this update | J78: 1. Protect (77.1%) 2. Fissure (38.3%) 3. Double-Edge (26.8%) 4. Stockpile (26.4%) 5. Yawn (25.6%) | K78: 6. Body Press (22.4%) 7. Rock Slide (18.9%) 8. Belly Drum (18%) 9. High Horsepower (17.8%) 10. Ice Punch (15.2%) | L78: 1. Leftovers (61.1%) 2. Sitrus Berry (25.2%) 3. Muscle Band (3.7%) 4. Chople Berry (3.4%) 5. Silk Scarf (2%) | M78: 6. Life Orb (1.6%) 7. Expert Belt (1.3%) 8. Chesto Berry (1%) 9. Quick Claw (0.6%) 10. Lum Berry (0.1%) | N78: 1. Relaxed +B -S (36.5%) 2. Brave +A -S (21.1%) 3. Impish +B -C (19.9%) 4. Adamant +A -C (13.9%) 5. Careful +D -C (6.6%) | O78: 6. Jolly +S -C (1%) 7. Sassy +D -S (0.6%) 8. Quirky (0.2%) 9. Bold +B -A (0.2%) 10. Gentle +D -B (0.1%) | P78: 1. H32/A0/B32/C0/D2/S0 (33%) 2. H2/A32/B32/C0/D0/S0 (9.1%) 3. H21/A0/B30/C0/D15/S0 (7.5%) 4. H31/A1/B32/C0/D2/S0 (4.5%) 5. H32/A32/B2/C0/D0/S0 (4.5%) | Q78: 6. H21/A0/B32/C0/D13/S0 (3.5%) 7. H1/A32/B32/C0/D1/S0 (2.7%) 8. H25/A16/B25/C0/D0/S0 (2.4%) 9. H32/A0/B26/C0/D8/S0 (2.3%) 10. H32/A13/B9/C0/D12/S0 (2.2%) | R78: 1. Incineroar 2. Sinistcha 3. Gengar 4. Hawlucha 5. Farigiraf | S78: 6. Politoed 7. Ninetales-Alola 8. Kingambit 9. Dragonite 10. Charizard
A79: 78 | B79: Tinkaton | C79: 1. Fake Out (99.4%) 2. Gigaton Hammer (97%) 3. Play Rough (43.8%) 4. Encore (38.1%) 5. Protect (35.9%) 6. Feint (18.3%) 7. Helping Hand (11.7%) 8. Brick Break (10.2%) 9. Skill Swap (6.9%) 10. Knock Off (6.6%) | D79: 1. Shuca Berry (21.9%) 2. Sitrus Berry (16.6%) 3. Occa Berry (12.7%) 4. Metal Coat (10.2%) 5. Focus Sash (10.1%) 6. Expert Belt (5.5%) 7. Leftovers (5.4%) 8. Mental Herb (4%) 9. White Herb (3.7%) 10. Life Orb (3.1%) | E79: 1. Mold Breaker (92.2%) 2. Own Tempo (7.1%) 3. Pickpocket (0.7%) | F79: 1. Adamant +A -C (50.6%) 2. Jolly +S -C (32.9%) 3. Brave +A -S (5.8%) 4. Careful +D -C (5.7%) 5. Impish +B -C (3.1%) 6. Relaxed +B -S (1.3%) 7. Gentle +D -B (0.3%) 8. Lonely +A -B (0.2%) 9. Hardy (0.1%) 10. Naughty +A -D (0.1%) | G79: 1. Garchomp 2. Sinistcha 3. Basculegion 4. Incineroar 5. Farigiraf 6. Sneasler 7. Whimsicott 8. Raichu 9. Charizard 10. Aerodactyl | H79: 1. H2/A32/B0/C0/D0/S32 (17.7%) 2. H32/A32/B2/C0/D0/S0 (10.6%) 3. H1/A32/B1/C0/D0/S32 (4.4%) 4. H23/A8/B7/C0/D0/S28 (4.1%) 5. H0/A32/B2/C0/D0/S32 (3.9%) 6. H7/A31/B1/C0/D27/S0 (3.6%) 7. H28/A32/B6/C0/D0/S0 (3.3%) 8. H32/A25/B1/C0/D7/S1 (3%) 9. H32/A0/B2/C0/D0/S32 (2.1%) 10. H32/A32/B1/C0/D1/S0 (2.1%) | I79: No significant change this update | J79: 1. Fake Out (99.4%) 2. Gigaton Hammer (97%) 3. Play Rough (43.8%) 4. Encore (38.1%) 5. Protect (35.9%) | K79: 6. Feint (18.3%) 7. Helping Hand (11.7%) 8. Brick Break (10.2%) 9. Skill Swap (6.9%) 10. Knock Off (6.6%) | L79: 1. Shuca Berry (21.9%) 2. Sitrus Berry (16.6%) 3. Occa Berry (12.7%) 4. Metal Coat (10.2%) 5. Focus Sash (10.1%) | M79: 6. Expert Belt (5.5%) 7. Leftovers (5.4%) 8. Mental Herb (4%) 9. White Herb (3.7%) 10. Life Orb (3.1%) | N79: 1. Adamant +A -C (50.6%) 2. Jolly +S -C (32.9%) 3. Brave +A -S (5.8%) 4. Careful +D -C (5.7%) 5. Impish +B -C (3.1%) | O79: 6. Relaxed +B -S (1.3%) 7. Gentle +D -B (0.3%) 8. Lonely +A -B (0.2%) 9. Hardy (0.1%) 10. Naughty +A -D (0.1%) | P79: 1. H2/A32/B0/C0/D0/S32 (17.7%) 2. H32/A32/B2/C0/D0/S0 (10.6%) 3. H1/A32/B1/C0/D0/S32 (4.4%) 4. H23/A8/B7/C0/D0/S28 (4.1%) 5. H0/A32/B2/C0/D0/S32 (3.9%) | Q79: 6. H7/A31/B1/C0/D27/S0 (3.6%) 7. H28/A32/B6/C0/D0/S0 (3.3%) 8. H32/A25/B1/C0/D7/S1 (3%) 9. H32/A0/B2/C0/D0/S32 (2.1%) 10. H32/A32/B1/C0/D1/S0 (2.1%) | R79: 1. Garchomp 2. Sinistcha 3. Basculegion 4. Incineroar 5. Farigiraf | S79: 6. Sneasler 7. Whimsicott 8. Raichu 9. Charizard 10. Aerodactyl
A80: 79 | B80: Meowstic | C80: 1. Fake Out (68.2%) 2. Sunny Day (43.2%) 3. Yawn (42.3%) 4. Skill Swap (37.8%) 5. Psychic Terrain (32.2%) 6. Rain Dance (31.9%) 7. Expanding Force (27.3%) 8. Reflect (14.4%) 9. Light Screen (12.5%) 10. Trick Room (11%) | D80: 1. Bright Powder (25.5%) 2. Colbur Berry (16.4%) 3. Mental Herb (15.6%) 4. Focus Sash (11.9%) 5. Sitrus Berry (10.6%) 6. Light Clay (7.5%) 7. Meowsticite (6.1%) 8. Twisted Spoon (3.9%) 9. Lum Berry (0.7%) 10. Kasib Berry (0.7%) | E80: 1. Prankster (99.9%) 2. Infiltrator (0.1%) | F80: 1. Bold +B -A (35.7%) 2. Timid +S -A (18.7%) 3. Impish +B -C (16.3%) 4. Calm +D -A (15.9%) 5. Modest +C -A (4.9%) 6. Relaxed +B -S (2.7%) 7. Quiet +C -S (2.3%) 8. Hasty +S -B (1.2%) 9. Careful +D -C (1.1%) 10. Sassy +D -S (0.9%) | G80: 1. Overqwil 2. Delphox 3. Sableye 4. Klefki 5. Sneasler 6. Basculegion 7. Whimsicott 8. Sinistcha 9. Blastoise 10. Gardevoir | H80: 1. H32/A0/B24/C0/D10/S0 (27.1%) 2. H32/A0/B14/C0/D20/S0 (7.8%) 3. H32/A0/B32/C0/D2/S0 (7%) 4. H32/A0/B25/C0/D9/S0 (4.9%) 5. H0/A2/B0/C32/D0/S32 (4.7%) 6. H32/A0/B17/C0/D17/S0 (4.5%) 7. H32/A0/B15/C0/D19/S0 (3.7%) 8. H2/A0/B0/C32/D0/S32 (3.6%) 9. H2/A0/B3/C32/D0/S29 (3.5%) 10. H2/A0/B32/C0/D32/S0 (3.2%) | I80: No significant change this update | J80: 1. Fake Out (68.2%) 2. Sunny Day (43.2%) 3. Yawn (42.3%) 4. Skill Swap (37.8%) 5. Psychic Terrain (32.2%) | K80: 6. Rain Dance (31.9%) 7. Expanding Force (27.3%) 8. Reflect (14.4%) 9. Light Screen (12.5%) 10. Trick Room (11%) | L80: 1. Bright Powder (25.5%) 2. Colbur Berry (16.4%) 3. Mental Herb (15.6%) 4. Focus Sash (11.9%) 5. Sitrus Berry (10.6%) | M80: 6. Light Clay (7.5%) 7. Meowsticite (6.1%) 8. Twisted Spoon (3.9%) 9. Lum Berry (0.7%) 10. Kasib Berry (0.7%) | N80: 1. Bold +B -A (35.7%) 2. Timid +S -A (18.7%) 3. Impish +B -C (16.3%) 4. Calm +D -A (15.9%) 5. Modest +C -A (4.9%) | O80: 6. Relaxed +B -S (2.7%) 7. Quiet +C -S (2.3%) 8. Hasty +S -B (1.2%) 9. Careful +D -C (1.1%) 10. Sassy +D -S (0.9%) | P80: 1. H32/A0/B24/C0/D10/S0 (27.1%) 2. H32/A0/B14/C0/D20/S0 (7.8%) 3. H32/A0/B32/C0/D2/S0 (7%) 4. H32/A0/B25/C0/D9/S0 (4.9%) 5. H0/A2/B0/C32/D0/S32 (4.7%) | Q80: 6. H32/A0/B17/C0/D17/S0 (4.5%) 7. H32/A0/B15/C0/D19/S0 (3.7%) 8. H2/A0/B0/C32/D0/S32 (3.6%) 9. H2/A0/B3/C32/D0/S29 (3.5%) 10. H2/A0/B32/C0/D32/S0 (3.2%) | R80: 1. Overqwil 2. Delphox 3. Sableye 4. Klefki 5. Sneasler | S80: 6. Basculegion 7. Whimsicott 8. Sinistcha 9. Blastoise 10. Gardevoir
A81: 80 | B81: Eelektross | C81: 1. Protect (84%) 2. Thunderbolt (67.6%) 3. Flamethrower (58.2%) 4. Giga Drain (58%) 5. Discharge (27.8%) 6. Dragon Pulse (22%) 7. Grass Knot (13.2%) 8. Coil (12.2%) 9. Drain Punch (11.2%) 10. Supercell Slam (9.4%) | D81: 1. Eelektrossite (89.3%) 2. Leftovers (4.6%) 3. Magnet (2.4%) 4. Expert Belt (1.7%) 5. Life Orb (1.2%) 6. Sitrus Berry (0.7%) 7. Choice Scarf (0.2%) | E81: 1. Levitate (100%) | F81: 1. Modest +C -A (56.6%) 2. Quiet +C -S (18.8%) 3. Adamant +A -C (12.9%) 4. Timid +S -A (7%) 5. Careful +D -C (1.5%) 6. Brave +A -S (1.3%) 7. Calm +D -A (1.2%) 8. Relaxed +B -S (0.2%) 9. Hardy (0.1%) 10. Jolly +S -C (0.1%) | G81: 1. Garchomp 2. Farigiraf 3. Whimsicott 4. Kingambit 5. Sinistcha 6. Basculegion 7. Sylveon 8. Torkoal 9. Incineroar 10. Sneasler | H81: 1. H2/A0/B0/C32/D0/S32 (11.6%) 2. H32/A0/B1/C32/D1/S0 (10.2%) 3. H32/A0/B2/C32/D0/S0 (9.6%) 4. H32/A0/B0/C32/D2/S0 (6.5%) 5. H32/A0/B0/C32/D0/S2 (5%) 6. H22/A0/B0/C32/D0/S12 (3.3%) 7. H32/A25/B0/C0/D9/S0 (2.8%) 8. H31/A15/B0/C0/D11/S9 (2.4%) 9. H0/A0/B18/C32/D16/S0 (2.1%) 10. H32/A32/B2/C0/D0/S0 (2%) | I81: No significant change this update | J81: 1. Protect (84%) 2. Thunderbolt (67.6%) 3. Flamethrower (58.2%) 4. Giga Drain (58%) 5. Discharge (27.8%) | K81: 6. Dragon Pulse (22%) 7. Grass Knot (13.2%) 8. Coil (12.2%) 9. Drain Punch (11.2%) 10. Supercell Slam (9.4%) | L81: 1. Eelektrossite (89.3%) 2. Leftovers (4.6%) 3. Magnet (2.4%) 4. Expert Belt (1.7%) | M81: 5. Life Orb (1.2%) 6. Sitrus Berry (0.7%) 7. Choice Scarf (0.2%) | N81: 1. Modest +C -A (56.6%) 2. Quiet +C -S (18.8%) 3. Adamant +A -C (12.9%) 4. Timid +S -A (7%) 5. Careful +D -C (1.5%) | O81: 6. Brave +A -S (1.3%) 7. Calm +D -A (1.2%) 8. Relaxed +B -S (0.2%) 9. Hardy (0.1%) 10. Jolly +S -C (0.1%) | P81: 1. H2/A0/B0/C32/D0/S32 (11.6%) 2. H32/A0/B1/C32/D1/S0 (10.2%) 3. H32/A0/B2/C32/D0/S0 (9.6%) 4. H32/A0/B0/C32/D2/S0 (6.5%) 5. H32/A0/B0/C32/D0/S2 (5%) | Q81: 6. H22/A0/B0/C32/D0/S12 (3.3%) 7. H32/A25/B0/C0/D9/S0 (2.8%) 8. H31/A15/B0/C0/D11/S9 (2.4%) 9. H0/A0/B18/C32/D16/S0 (2.1%) 10. H32/A32/B2/C0/D0/S0 (2%) | R81: 1. Garchomp 2. Farigiraf 3. Whimsicott 4. Kingambit 5. Sinistcha | S81: 6. Basculegion 7. Sylveon 8. Torkoal 9. Incineroar 10. Sneasler
A82: 81 | B82: Weavile | C82: 1. Fake Out (95.2%) 2. Knock Off (84.2%) 3. Triple Axel (70.7%) 4. Low Kick (37.1%) 5. Protect (15.1%) 6. Ice Shard (11.9%) 7. Ice Spinner (11.4%) 8. Brick Break (10.7%) 9. Icicle Crash (10.7%) 10. Throat Chop (10.3%) | D82: 1. Focus Sash (74%) 2. Wide Lens (13.3%) 3. White Herb (3%) 4. Life Orb (3%) 5. King's Rock (2.1%) 6. Expert Belt (1.8%) 7. Quick Claw (0.6%) 8. Chople Berry (0.4%) 9. Iron Ball (0.4%) 10. Choice Scarf (0.4%) | E82: 1. Pickpocket (67.9%) 2. Pressure (32.1%) | F82: 1. Jolly +S -C (89.8%) 2. Adamant +A -C (8.4%) 3. Naive +S -D (1.6%) | G82: 1. Sinistcha 2. Raichu 3. Milotic 4. Ceruledge 5. Scolipede 6. Whimsicott 7. Basculegion 8. Aerodactyl 9. Farigiraf 10. Sylveon | H82: 1. H2/A32/B0/C0/D0/S32 (41.7%) 2. H3/A32/B0/C0/D0/S31 (17.8%) 3. H0/A32/B2/C0/D0/S32 (11.1%) 4. H0/A32/B0/C0/D2/S32 (11%) 5. H1/A32/B1/C0/D0/S32 (3.5%) 6. H0/A32/B0/C0/D0/S32 (2.8%) 7. H1/A32/B0/C0/D0/S32 (2.7%) 8. H4/A32/B1/C0/D1/S28 (1.6%) 9. H16/A18/B0/C0/D0/S32 (1.6%) 10. H6/A32/B0/C0/D0/S28 (1.3%) | I82: No significant change this update | J82: 1. Fake Out (95.2%) 2. Knock Off (84.2%) 3. Triple Axel (70.7%) 4. Low Kick (37.1%) 5. Protect (15.1%) | K82: 6. Ice Shard (11.9%) 7. Ice Spinner (11.4%) 8. Brick Break (10.7%) 9. Icicle Crash (10.7%) 10. Throat Chop (10.3%) | L82: 1. Focus Sash (74%) 2. Wide Lens (13.3%) 3. White Herb (3%) 4. Life Orb (3%) 5. King's Rock (2.1%) | M82: 6. Expert Belt (1.8%) 7. Quick Claw (0.6%) 8. Chople Berry (0.4%) 9. Iron Ball (0.4%) 10. Choice Scarf (0.4%) | N82: 1. Jolly +S -C (89.8%) 2. Adamant +A -C (8.4%) | O82: 3. Naive +S -D (1.6%) | P82: 1. H2/A32/B0/C0/D0/S32 (41.7%) 2. H3/A32/B0/C0/D0/S31 (17.8%) 3. H0/A32/B2/C0/D0/S32 (11.1%) 4. H0/A32/B0/C0/D2/S32 (11%) 5. H1/A32/B1/C0/D0/S32 (3.5%) | Q82: 6. H0/A32/B0/C0/D0/S32 (2.8%) 7. H1/A32/B0/C0/D0/S32 (2.7%) 8. H4/A32/B1/C0/D1/S28 (1.6%) 9. H16/A18/B0/C0/D0/S32 (1.6%) 10. H6/A32/B0/C0/D0/S28 (1.3%) | R82: 1. Sinistcha 2. Raichu 3. Milotic 4. Ceruledge 5. Scolipede | S82: 6. Whimsicott 7. Basculegion 8. Aerodactyl 9. Farigiraf 10. Sylveon
A83: 82 | B83: Hatterene | C83: 1. Dazzling Gleam (94.7%) 2. Trick Room (88.5%) 3. Protect (75.6%) 4. Psychic (59.2%) 5. Expanding Force (27.4%) 6. Mystical Fire (10.4%) 7. Psyshock (5.1%) 8. Helping Hand (4.6%) 9. Dark Pulse (4.3%) 10. Calm Mind (3.9%) | D83: 1. Life Orb (42.8%) 2. Focus Sash (17.8%) 3. Fairy Feather (13.3%) 4. Sitrus Berry (5.9%) 5. Metronome (3.9%) 6. Babiri Berry (3.8%) 7. Twisted Spoon (2.8%) 8. Iron Ball (2.4%) 9. Mental Herb (2%) 10. Leftovers (1.4%) | E83: 1. Magic Bounce (99.3%) 2. Anticipation (0.7%) | F83: 1. Quiet +C -S (86.6%) 2. Modest +C -A (4.4%) 3. Relaxed +B -S (3.3%) 4. Sassy +D -S (3.1%) 5. Bold +B -A (2.3%) 6. Calm +D -A (0.3%) 7. Gentle +D -B (0.1%) | G83: 1. Farigiraf 2. Torkoal 3. Incineroar 4. Kangaskhan 5. Kingambit 6. Charizard 7. Mawile 8. Camerupt 9. Oranguru 10. Drampa | H83: 1. H32/A0/B2/C32/D0/S0 (39.2%) 2. H27/A0/B7/C32/D0/S0 (16.6%) 3. H32/A0/B0/C32/D2/S0 (6.2%) 4. H18/A0/B12/C32/D4/S0 (3.8%) 5. H2/A0/B0/C32/D32/S0 (3.5%) 6. H32/A0/B1/C32/D0/S0 (3%) 7. H32/A0/B10/C24/D0/S0 (2.5%) 8. H28/A0/B5/C32/D1/S0 (2.2%) 9. H0/A0/B32/C32/D2/S0 (2.1%) 10. H32/A0/B2/C0/D32/S0 (1.8%) | I83: No significant change this update | J83: 1. Dazzling Gleam (94.7%) 2. Trick Room (88.5%) 3. Protect (75.6%) 4. Psychic (59.2%) 5. Expanding Force (27.4%) | K83: 6. Mystical Fire (10.4%) 7. Psyshock (5.1%) 8. Helping Hand (4.6%) 9. Dark Pulse (4.3%) 10. Calm Mind (3.9%) | L83: 1. Life Orb (42.8%) 2. Focus Sash (17.8%) 3. Fairy Feather (13.3%) 4. Sitrus Berry (5.9%) 5. Metronome (3.9%) | M83: 6. Babiri Berry (3.8%) 7. Twisted Spoon (2.8%) 8. Iron Ball (2.4%) 9. Mental Herb (2%) 10. Leftovers (1.4%) | N83: 1. Quiet +C -S (86.6%) 2. Modest +C -A (4.4%) 3. Relaxed +B -S (3.3%) 4. Sassy +D -S (3.1%) | O83: 5. Bold +B -A (2.3%) 6. Calm +D -A (0.3%) 7. Gentle +D -B (0.1%) | P83: 1. H32/A0/B2/C32/D0/S0 (39.2%) 2. H27/A0/B7/C32/D0/S0 (16.6%) 3. H32/A0/B0/C32/D2/S0 (6.2%) 4. H18/A0/B12/C32/D4/S0 (3.8%) 5. H2/A0/B0/C32/D32/S0 (3.5%) | Q83: 6. H32/A0/B1/C32/D0/S0 (3%) 7. H32/A0/B10/C24/D0/S0 (2.5%) 8. H28/A0/B5/C32/D1/S0 (2.2%) 9. H0/A0/B32/C32/D2/S0 (2.1%) 10. H32/A0/B2/C0/D32/S0 (1.8%) | R83: 1. Farigiraf 2. Torkoal 3. Incineroar 4. Kangaskhan 5. Kingambit | S83: 6. Charizard 7. Mawile 8. Camerupt 9. Oranguru 10. Drampa
A84: 83 | B84: Araquanid | C84: 1. Liquidation (86.6%) 2. Wide Guard (83.8%) 3. Protect (63%) 4. Leech Life (47.3%) 5. Surf (15.6%) 6. Mirror Coat (13.6%) 7. Poison Jab (11%) 8. Icy Wind (9.4%) 9. Lunge (9.4%) 10. Hydro Pump (8.2%) | D84: 1. Mystic Water (44.7%) 2. Sitrus Berry (20.9%) 3. Leftovers (16.3%) 4. Life Orb (8.2%) 5. Coba Berry (2.6%) 6. White Herb (2.3%) 7. Wacan Berry (1.4%) 8. Iron Ball (0.9%) 9. King's Rock (0.7%) 10. Quick Claw (0.1%) | E84: 1. Water Bubble (99.8%) 2. Water Absorb (0.2%) | F84: 1. Brave +A -S (45.1%) 2. Adamant +A -C (24.4%) 3. Quiet +C -S (10%) 4. Sassy +D -S (6.8%) 5. Relaxed +B -S (4.7%) 6. Modest +C -A (3.4%) 7. Careful +D -C (3%) 8. Impish +B -C (1.6%) 9. Gentle +D -B (0.7%) 10. Bold +B -A (0.3%) | G84: 1. Farigiraf 2. Mawile 3. Incineroar 4. Kingambit 5. Sylveon 6. Torkoal 7. Sinistcha 8. Whimsicott 9. Oranguru 10. Raichu | H84: 1. H32/A32/B2/C0/D0/S0 (26.1%) 2. H32/A32/B0/C0/D2/S0 (16.8%) 3. H32/A0/B2/C32/D0/S0 (7.5%) 4. H2/A32/B32/C0/D0/S0 (6.7%) 5. H0/A32/B2/C0/D32/S0 (4.3%) 6. H32/A5/B17/C0/D12/S0 (4.1%) 7. H2/A32/B0/C0/D32/S0 (3.9%) 8. H13/A32/B19/C0/D2/S0 (3%) 9. H32/A2/B0/C32/D0/S0 (2.5%) 10. H0/A32/B32/C0/D2/S0 (1.5%) | I84: No significant change this update | J84: 1. Liquidation (86.6%) 2. Wide Guard (83.8%) 3. Protect (63%) 4. Leech Life (47.3%) 5. Surf (15.6%) | K84: 6. Mirror Coat (13.6%) 7. Poison Jab (11%) 8. Icy Wind (9.4%) 9. Lunge (9.4%) 10. Hydro Pump (8.2%) | L84: 1. Mystic Water (44.7%) 2. Sitrus Berry (20.9%) 3. Leftovers (16.3%) 4. Life Orb (8.2%) 5. Coba Berry (2.6%) | M84: 6. White Herb (2.3%) 7. Wacan Berry (1.4%) 8. Iron Ball (0.9%) 9. King's Rock (0.7%) 10. Quick Claw (0.1%) | N84: 1. Brave +A -S (45.1%) 2. Adamant +A -C (24.4%) 3. Quiet +C -S (10%) 4. Sassy +D -S (6.8%) 5. Relaxed +B -S (4.7%) | O84: 6. Modest +C -A (3.4%) 7. Careful +D -C (3%) 8. Impish +B -C (1.6%) 9. Gentle +D -B (0.7%) 10. Bold +B -A (0.3%) | P84: 1. H32/A32/B2/C0/D0/S0 (26.1%) 2. H32/A32/B0/C0/D2/S0 (16.8%) 3. H32/A0/B2/C32/D0/S0 (7.5%) 4. H2/A32/B32/C0/D0/S0 (6.7%) 5. H0/A32/B2/C0/D32/S0 (4.3%) | Q84: 6. H32/A5/B17/C0/D12/S0 (4.1%) 7. H2/A32/B0/C0/D32/S0 (3.9%) 8. H13/A32/B19/C0/D2/S0 (3%) 9. H32/A2/B0/C32/D0/S0 (2.5%) 10. H0/A32/B32/C0/D2/S0 (1.5%) | R84: 1. Farigiraf 2. Mawile 3. Incineroar 4. Kingambit 5. Sylveon | S84: 6. Torkoal 7. Sinistcha 8. Whimsicott 9. Oranguru 10. Raichu
A85: 84 | B85: Kleavor | C85: 1. Stone Axe (95.5%) 2. X-Scissor (86.1%) 3. Close Combat (47.4%) 4. Protect (44.7%) 5. Night Slash (39.1%) 6. U-turn (19.3%) 7. Tailwind (17.2%) 8. Feint (14.9%) 9. Rock Slide (14.1%) 10. Brick Break (5.9%) | D85: 1. Choice Scarf (37.7%) 2. Focus Sash (28.9%) 3. Life Orb (9.7%) 4. White Herb (6.7%) 5. Muscle Band (6.4%) 6. Sitrus Berry (4.3%) 7. Wide Lens (3.2%) 8. Expert Belt (1.1%) 9. Quick Claw (0.9%) 10. Lum Berry (0.4%) | E85: 1. Sharpness (95.3%) 2. Sheer Force (4.5%) 3. Swarm (0.2%) | F85: 1. Adamant +A -C (62.8%) 2. Jolly +S -C (36.7%) 3. Brave +A -S (0.3%) | G85: 1. Charizard 2. Whimsicott 3. Farigiraf 4. Basculegion 5. Talonflame 6. Kingambit 7. Venusaur 8. Garchomp 9. Froslass 10. Swampert | H85: 1. H2/A32/B0/C0/D0/S32 (54.3%) 2. H0/A32/B2/C0/D0/S32 (8.3%) 3. H10/A14/B17/C0/D13/S12 (5%) 4. H6/A32/B0/C0/D0/S28 (2.3%) 5. H10/A32/B0/C0/D24/S0 (2.3%) 6. H15/A32/B0/C0/D10/S9 (2.3%) 7. H32/A25/B0/C0/D0/S9 (2.3%) 8. H0/A32/B0/C0/D2/S32 (2%) 9. H8/A32/B0/C0/D0/S26 (1.8%) 10. H32/A32/B0/C0/D0/S2 (1.6%) | I85: No significant change this update | J85: 1. Stone Axe (95.5%) 2. X-Scissor (86.1%) 3. Close Combat (47.4%) 4. Protect (44.7%) 5. Night Slash (39.1%) | K85: 6. U-turn (19.3%) 7. Tailwind (17.2%) 8. Feint (14.9%) 9. Rock Slide (14.1%) 10. Brick Break (5.9%) | L85: 1. Choice Scarf (37.7%) 2. Focus Sash (28.9%) 3. Life Orb (9.7%) 4. White Herb (6.7%) 5. Muscle Band (6.4%) | M85: 6. Sitrus Berry (4.3%) 7. Wide Lens (3.2%) 8. Expert Belt (1.1%) 9. Quick Claw (0.9%) 10. Lum Berry (0.4%) | N85: 1. Adamant +A -C (62.8%) 2. Jolly +S -C (36.7%) | O85: 3. Brave +A -S (0.3%) | P85: 1. H2/A32/B0/C0/D0/S32 (54.3%) 2. H0/A32/B2/C0/D0/S32 (8.3%) 3. H10/A14/B17/C0/D13/S12 (5%) 4. H6/A32/B0/C0/D0/S28 (2.3%) 5. H10/A32/B0/C0/D24/S0 (2.3%) | Q85: 6. H15/A32/B0/C0/D10/S9 (2.3%) 7. H32/A25/B0/C0/D0/S9 (2.3%) 8. H0/A32/B0/C0/D2/S32 (2%) 9. H8/A32/B0/C0/D0/S26 (1.8%) 10. H32/A32/B0/C0/D0/S2 (1.6%) | R85: 1. Charizard 2. Whimsicott 3. Farigiraf 4. Basculegion 5. Talonflame | S85: 6. Kingambit 7. Venusaur 8. Garchomp 9. Froslass 10. Swampert
A86: 85 | B86: Samurott-Hisui | C86: 1. Sacred Sword (80.2%) 2. Sucker Punch (60.8%) 3. Aqua Cutter (55.8%) 4. Protect (49.9%) 5. Ceaseless Edge (49.7%) 6. Night Slash (44.3%) 7. Detect (16.9%) 8. Razor Shell (16.9%) 9. Aqua Jet (7.8%) 10. Flip Turn (6.8%) | D86: 1. Life Orb (26.1%) 2. Scope Lens (20.7%) 3. Black Glasses (18.2%) 4. Focus Sash (17.1%) 5. Choice Scarf (8.7%) 6. Sitrus Berry (3.3%) 7. Expert Belt (2.8%) 8. Chople Berry (0.8%) 9. Wide Lens (0.7%) 10. White Herb (0.4%) | E86: 1. Sharpness (99.5%) 2. Torrent (0.5%) | F86: 1. Adamant +A -C (76.7%) 2. Jolly +S -C (20.8%) 3. Brave +A -S (1.9%) | G86: 1. Garchomp 2. Farigiraf 3. Talonflame 4. Aerodactyl 5. Sinistcha 6. Gardevoir 7. Sneasler 8. Sylveon 9. Ceruledge 10. Charizard | H86: 1. H2/A32/B0/C0/D0/S32 (41.5%) 2. H0/A32/B0/C0/D2/S32 (6.7%) 3. H0/A32/B2/C0/D0/S32 (6.2%) 4. H19/A32/B0/C0/D15/S0 (5.6%) 5. H32/A32/B0/C0/D2/S0 (5.6%) 6. H8/A32/B0/C0/D0/S26 (2.9%) 7. H32/A32/B0/C0/D0/S2 (2.8%) 8. H14/A32/B0/C0/D20/S0 (2.1%) 9. H20/A32/B0/C0/D0/S14 (1.9%) 10. H7/A32/B0/C0/D0/S27 (1.9%) | I86: No significant change this update | J86: 1. Sacred Sword (80.2%) 2. Sucker Punch (60.8%) 3. Aqua Cutter (55.8%) 4. Protect (49.9%) 5. Ceaseless Edge (49.7%) | K86: 6. Night Slash (44.3%) 7. Detect (16.9%) 8. Razor Shell (16.9%) 9. Aqua Jet (7.8%) 10. Flip Turn (6.8%) | L86: 1. Life Orb (26.1%) 2. Scope Lens (20.7%) 3. Black Glasses (18.2%) 4. Focus Sash (17.1%) 5. Choice Scarf (8.7%) | M86: 6. Sitrus Berry (3.3%) 7. Expert Belt (2.8%) 8. Chople Berry (0.8%) 9. Wide Lens (0.7%) 10. White Herb (0.4%) | N86: 1. Adamant +A -C (76.7%) 2. Jolly +S -C (20.8%) | O86: 3. Brave +A -S (1.9%) | P86: 1. H2/A32/B0/C0/D0/S32 (41.5%) 2. H0/A32/B0/C0/D2/S32 (6.7%) 3. H0/A32/B2/C0/D0/S32 (6.2%) 4. H19/A32/B0/C0/D15/S0 (5.6%) 5. H32/A32/B0/C0/D2/S0 (5.6%) | Q86: 6. H8/A32/B0/C0/D0/S26 (2.9%) 7. H32/A32/B0/C0/D0/S2 (2.8%) 8. H14/A32/B0/C0/D20/S0 (2.1%) 9. H20/A32/B0/C0/D0/S14 (1.9%) 10. H7/A32/B0/C0/D0/S27 (1.9%) | R86: 1. Garchomp 2. Farigiraf 3. Talonflame 4. Aerodactyl 5. Sinistcha | S86: 6. Gardevoir 7. Sneasler 8. Sylveon 9. Ceruledge 10. Charizard
A87: 86 | B87: Clefable | C87: 1. Moonblast (78.9%) 2. Follow Me (71.1%) 3. Protect (63.5%) 4. Life Dew (24.7%) 5. Psych Up (21.6%) 6. Moonlight (16.1%) 7. Helping Hand (16.1%) 8. Stored Power (10.4%) 9. Calm Mind (8%) 10. Draining Kiss (7.9%) | D87: 1. Sitrus Berry (38.4%) 2. Clefablite (29.7%) 3. Leftovers (14%) 4. Babiri Berry (6.9%) 5. Life Orb (2.6%) 6. Big Root (1.5%) 7. Bright Powder (1.5%) 8. Fairy Feather (1.5%) 9. Expert Belt (0.8%) 10. Focus Sash (0.8%) | E87: 1. Unaware (87%) 2. Magic Guard (12.2%) 3. Cute Charm (0.8%) | F87: 1. Bold +B -A (52.8%) 2. Modest +C -A (19.7%) 3. Quiet +C -S (9.7%) 4. Calm +D -A (9.2%) 5. Relaxed +B -S (4.9%) 6. Sassy +D -S (2.7%) 7. Impish +B -C (0.6%) 8. Timid +S -A (0.3%) | G87: 1. Gallade 2. Delphox 3. Sinistcha 4. Farigiraf 5. Sableye 6. Ceruledge 7. Tyranitar 8. Kingambit 9. Overqwil 10. Sneasler | H87: 1. H32/A0/B32/C0/D2/S0 (18.5%) 2. H32/A0/B0/C29/D0/S5 (5.7%) 3. H32/A0/B24/C0/D10/S0 (5.6%) 4. H32/A0/B12/C22/D0/S0 (4.3%) 5. H31/A0/B27/C0/D8/S0 (4%) 6. H32/A0/B17/C0/D12/S5 (3.9%) 7. H32/A0/B2/C32/D0/S0 (3.8%) 8. H32/A0/B17/C0/D17/S0 (3.6%) 9. H32/A0/B20/C0/D14/S0 (2.7%) 10. H32/A0/B32/C2/D0/S0 (2.2%) | I87: No significant change this update | J87: 1. Moonblast (78.9%) 2. Follow Me (71.1%) 3. Protect (63.5%) 4. Life Dew (24.7%) 5. Psych Up (21.6%) | K87: 6. Moonlight (16.1%) 7. Helping Hand (16.1%) 8. Stored Power (10.4%) 9. Calm Mind (8%) 10. Draining Kiss (7.9%) | L87: 1. Sitrus Berry (38.4%) 2. Clefablite (29.7%) 3. Leftovers (14%) 4. Babiri Berry (6.9%) 5. Life Orb (2.6%) | M87: 6. Big Root (1.5%) 7. Bright Powder (1.5%) 8. Fairy Feather (1.5%) 9. Expert Belt (0.8%) 10. Focus Sash (0.8%) | N87: 1. Bold +B -A (52.8%) 2. Modest +C -A (19.7%) 3. Quiet +C -S (9.7%) 4. Calm +D -A (9.2%) | O87: 5. Relaxed +B -S (4.9%) 6. Sassy +D -S (2.7%) 7. Impish +B -C (0.6%) 8. Timid +S -A (0.3%) | P87: 1. H32/A0/B32/C0/D2/S0 (18.5%) 2. H32/A0/B0/C29/D0/S5 (5.7%) 3. H32/A0/B24/C0/D10/S0 (5.6%) 4. H32/A0/B12/C22/D0/S0 (4.3%) 5. H31/A0/B27/C0/D8/S0 (4%) | Q87: 6. H32/A0/B17/C0/D12/S5 (3.9%) 7. H32/A0/B2/C32/D0/S0 (3.8%) 8. H32/A0/B17/C0/D17/S0 (3.6%) 9. H32/A0/B20/C0/D14/S0 (2.7%) 10. H32/A0/B32/C2/D0/S0 (2.2%) | R87: 1. Gallade 2. Delphox 3. Sinistcha 4. Farigiraf 5. Sableye | S87: 6. Ceruledge 7. Tyranitar 8. Kingambit 9. Overqwil 10. Sneasler
... A124: 123 | B124: Slowking-Galar | C124: 1. Trick Room (90.2%) 2. Sludge Bomb (45.8%) 3. Heal Pulse (45.1%) 4. Psychic (38.7%) 5. Acid Spray (38%) 6. Chilly Reception (24%) 7. Protect (23.5%) 8. Rain Dance (18.9%) 9. Ice Beam (11.3%) 10. Snarl (10%) | D124: 1. Sitrus Berry (27.5%) 2. Mental Herb (27.2%) 3. Colbur Berry (13.5%) 4. Leftovers (7.8%) 5. Shuca Berry (6.4%) 6. Twisted Spoon (4.7%) 7. Kasib Berry (3.9%) 8. Focus Sash (3.2%) 9. Expert Belt (2.9%) 10. Quick Claw (1%) | E124: 1. Regenerator (90%) 2. Curious Medicine (8.4%) 3. Own Tempo (1.5%) | F124: 1. Relaxed +B -S (53.5%) 2. Modest +C -A (16.2%) 3. Quiet +C -S (10.3%) 4. Sassy +D -S (10.3%) 5. Bold +B -A (7.3%) 6. Calm +D -A (2.4%) | G124: 1. Blastoise 2. Farigiraf 3. Incineroar 4. Mawile 5. Torkoal 6. Kingambit 7. Pelipper 8. Sylveon 9. Archaludon 10. Snorlax | H124: 1. H32/A0/B32/C0/D2/S0 (20.1%) 2. H32/A0/B2/C32/D0/S0 (7.8%) 3. H30/A0/B30/C0/D4/S2 (7.6%) 4. H32/A0/B31/C0/D3/S0 (5.9%) 5. H0/A0/B32/C32/D2/S0 (5.2%) 6. H31/A0/B32/C0/D3/S0 (3.9%) 7. H32/A0/B32/C0/D0/S0 (3.9%) 8. H31/A0/B30/C0/D5/S0 (3%) 9. H16/A0/B0/C18/D32/S0 (2.9%) 10. H30/A0/B30/C0/D6/S0 (2.7%) | I124: No significant change this update | J124: 1. Trick Room (90.2%) 2. Sludge Bomb (45.8%) 3. Heal Pulse (45.1%) 4. Psychic (38.7%) 5. Acid Spray (38%) | K124: 6. Chilly Reception (24%) 7. Protect (23.5%) 8. Rain Dance (18.9%) 9. Ice Beam (11.3%) 10. Snarl (10%) | L124: 1. Sitrus Berry (27.5%) 2. Mental Herb (27.2%) 3. Colbur Berry (13.5%) 4. Leftovers (7.8%) 5. Shuca Berry (6.4%) | M124: 6. Twisted Spoon (4.7%) 7. Kasib Berry (3.9%) 8. Focus Sash (3.2%) 9. Expert Belt (2.9%) 10. Quick Claw (1%) | N124: 1. Relaxed +B -S (53.5%) 2. Modest +C -A (16.2%) 3. Quiet +C -S (10.3%) | O124: 4. Sassy +D -S (10.3%) 5. Bold +B -A (7.3%) 6. Calm +D -A (2.4%) | P124: 1. H32/A0/B32/C0/D2/S0 (20.1%) 2. H32/A0/B2/C32/D0/S0 (7.8%) 3. H30/A0/B30/C0/D4/S2 (7.6%) 4. H32/A0/B31/C0/D3/S0 (5.9%) 5. H0/A0/B32/C32/D2/S0 (5.2%) | Q124: 6. H31/A0/B32/C0/D3/S0 (3.9%) 7. H32/A0/B32/C0/D0/S0 (3.9%) 8. H31/A0/B30/C0/D5/S0 (3%) 9. H16/A0/B0/C18/D32/S0 (2.9%) 10. H30/A0/B30/C0/D6/S0 (2.7%) | R124: 1. Blastoise 2. Farigiraf 3. Incineroar 4. Mawile 5. Torkoal | S124: 6. Kingambit 7. Pelipper 8. Sylveon 9. Archaludon 10. Snorlax
A125: 124 | B125: Ditto | C125: 1. Transform (100%) | D125: 1. Choice Scarf (27.4%) 2. Sitrus Berry (24.9%) 3. Focus Sash (16%) 4. Bright Powder (10.1%) 5. Life Orb (9.1%) 6. Quick Claw (5.1%) 7. Iron Ball (4.4%) 8. Leftovers (3.1%) | E125: 1. Imposter (99.7%) 2. Limber (0.3%) | F125: 1. Jolly +S -C (23.2%) 2. Sassy +D -S (12.5%) 3. Modest +C -A (10.6%) 4. Timid +S -A (9.2%) 5. Quiet +C -S (8.4%) 6. Relaxed +B -S (6.6%) 7. Bold +B -A (6.4%) 8. Adamant +A -C (6.3%) 9. Hasty +S -B (4.9%) 10. Docile (2.8%) | G125: 1. Whimsicott 2. Farigiraf 3. Kingambit 4. Sinistcha 5. Sableye 6. Froslass 7. Milotic 8. Sneasler 9. Talonflame 10. Dragonite | H125: 1. H32/A0/B0/C0/D2/S32 (21.8%) 2. H32/A0/B32/C2/D0/S0 (10.8%) 3. H32/A0/B0/C1/D0/S32 (10.3%) 4. H32/A1/B1/C0/D0/S32 (7.8%) 5. H32/A0/B32/C0/D2/S0 (6.6%) 6. H32/A32/B2/C0/D0/S0 (5.4%) 7. H32/A17/B0/C17/D0/S0 (4%) 8. H32/A0/B0/C0/D0/S0 (3.3%) 9. H0/A0/B0/C0/D0/S0 (3.1%) 10. H32/A0/B0/C32/D2/S0 (3.1%) | I125: No significant change this update | J125: 1. Transform (100%) | L125: 1. Choice Scarf (27.4%) 2. Sitrus Berry (24.9%) 3. Focus Sash (16%) 4. Bright Powder (10.1%) | M125: 5. Life Orb (9.1%) 6. Quick Claw (5.1%) 7. Iron Ball (4.4%) 8. Leftovers (3.1%) | N125: 1. Jolly +S -C (23.2%) 2. Sassy +D -S (12.5%) 3. Modest +C -A (10.6%) 4. Timid +S -A (9.2%) 5. Quiet +C -S (8.4%) | O125: 6. Relaxed +B -S (6.6%) 7. Bold +B -A (6.4%) 8. Adamant +A -C (6.3%) 9. Hasty +S -B (4.9%) 10. Docile (2.8%) | P125: 1. H32/A0/B0/C0/D2/S32 (21.8%) 2. H32/A0/B32/C2/D0/S0 (10.8%) 3. H32/A0/B0/C1/D0/S32 (10.3%) 4. H32/A1/B1/C0/D0/S32 (7.8%) 5. H32/A0/B32/C0/D2/S0 (6.6%) | Q125: 6. H32/A32/B2/C0/D0/S0 (5.4%) 7. H32/A17/B0/C17/D0/S0 (4%) 8. H32/A0/B0/C0/D0/S0 (3.3%) 9. H0/A0/B0/C0/D0/S0 (3.1%) 10. H32/A0/B0/C32/D2/S0 (3.1%) | R125: 1. Whimsicott 2. Farigiraf 3. Kingambit 4. Sinistcha 5. Sableye | S125: 6. Froslass 7. Milotic 8. Sneasler 9. Talonflame 10. Dragonite
A126: 125 | B126: Altaria | C126: 1. Protect (73.9%) 2. Tailwind (67.7%) 3. Hyper Voice (52.4%) 4. Roost (34.7%) 5. Will-O-Wisp (30%) 6. Brave Bird (24.4%) 7. Perish Song (17.2%) 8. Helping Hand (14.5%) 9. Cotton Guard (14%) 10. Fire Spin (10.1%) | D126: 1. Altarianite (56.7%) 2. Roseli Berry (16.3%) 3. Leftovers (9.3%) 4. Sitrus Berry (5.9%) 5. Focus Sash (5.2%) 6. Bright Powder (4.2%) 7. Haban Berry (1%) 8. Yache Berry (0.5%) 9. Quick Claw (0.3%) 10. Wide Lens (0.3%) | E126: 1. Cloud Nine (99.8%) 2. Natural Cure (0.2%) | F126: 1. Modest +C -A (49.3%) 2. Careful +D -C (10.9%) 3. Calm +D -A (9.3%) 4. Impish +B -C (8.6%) 5. Jolly +S -C (7.4%) 6. Timid +S -A (6.1%) 7. Bold +B -A (3%) 8. Quiet +C -S (2.9%) 9. Adamant +A -C (1.2%) 10. Sassy +D -S (1%) | G126: 1. Incineroar 2. Sinistcha 3. Basculegion 4. Gliscor 5. Empoleon 6. Toxicroak 7. Wyrdeer 8. Skeledirge 9. Garchomp 10. Kingambit | H126: 1. H32/A0/B2/C30/D1/S1 (19%) 2. H32/A0/B19/C0/D15/S0 (6.7%) 3. H32/A0/B0/C32/D0/S2 (6.4%) 4. H32/A0/B0/C0/D32/S0 (5.9%) 5. H32/A0/B2/C32/D0/S0 (4.7%) 6. H0/A32/B0/C0/D0/S32 (3.9%) 7. H2/A0/B0/C32/D32/S0 (3.4%) 8. H13/A0/B15/C32/D6/S0 (3.2%) 9. H1/A0/B1/C32/D32/S0 (2.5%) 10. H17/A0/B0/C32/D5/S12 (2.5%) | I126: No significant change this update | J126: 1. Protect (73.9%) 2. Tailwind (67.7%) 3. Hyper Voice (52.4%) 4. Roost (34.7%) 5. Will-O-Wisp (30%) | K126: 6. Brave Bird (24.4%) 7. Perish Song (17.2%) 8. Helping Hand (14.5%) 9. Cotton Guard (14%) 10. Fire Spin (10.1%) | L126: 1. Altarianite (56.7%) 2. Roseli Berry (16.3%) 3. Leftovers (9.3%) 4. Sitrus Berry (5.9%) 5. Focus Sash (5.2%) | M126: 6. Bright Powder (4.2%) 7. Haban Berry (1%) 8. Yache Berry (0.5%) 9. Quick Claw (0.3%) 10. Wide Lens (0.3%) | N126: 1. Modest +C -A (49.3%) 2. Careful +D -C (10.9%) 3. Calm +D -A (9.3%) 4. Impish +B -C (8.6%) 5. Jolly +S -C (7.4%) | O126: 6. Timid +S -A (6.1%) 7. Bold +B -A (3%) 8. Quiet +C -S (2.9%) 9. Adamant +A -C (1.2%) 10. Sassy +D -S (1%) | P126: 1. H32/A0/B2/C30/D1/S1 (19%) 2. H32/A0/B19/C0/D15/S0 (6.7%) 3. H32/A0/B0/C32/D0/S2 (6.4%) 4. H32/A0/B0/C0/D32/S0 (5.9%) 5. H32/A0/B2/C32/D0/S0 (4.7%) | Q126: 6. H0/A32/B0/C0/D0/S32 (3.9%) 7. H2/A0/B0/C32/D32/S0 (3.4%) 8. H13/A0/B15/C32/D6/S0 (3.2%) 9. H1/A0/B1/C32/D32/S0 (2.5%) 10. H17/A0/B0/C32/D5/S12 (2.5%) | R126: 1. Incineroar 2. Sinistcha 3. Basculegion 4. Gliscor 5. Empoleon | S126: 6. Toxicroak 7. Wyrdeer 8. Skeledirge 9. Garchomp 10. Kingambit
A127: 126 | B127: Conkeldurr | C127: 1. Ice Punch (85%) 2. Drain Punch (51.4%) 3. Thunder Punch (47.3%) 4. Mach Punch (40.1%) 5. Close Combat (31.4%) 6. Poison Jab (30%) 7. Rock Slide (26.9%) 8. Wide Guard (24.9%) 9. Protect (22.4%) 10. Hammer Arm (10.1%) | D127: 1. Life Orb (58.5%) 2. Expert Belt (9.2%) 3. Sitrus Berry (5.8%) 4. Roseli Berry (5.8%) 5. Leftovers (5.5%) 6. Wide Lens (5.1%) 7. Black Belt (3.4%) 8. Lum Berry (2.5%) 9. Muscle Band (2.3%) 10. White Herb (1.2%) | E127: 1. Iron Fist (50.2%) 2. Sheer Force (40.8%) 3. Guts (9%) | F127: 1. Brave +A -S (63.8%) 2. Adamant +A -C (34.1%) 3. Lax +B -D (0.9%) | G127: 1. Farigiraf 2. Incineroar 3. Camerupt 4. Sylveon 5. Torkoal 6. Mawile 7. Aerodactyl 8. Kingambit 9. Charizard 10. Kangaskhan | H127: 1. H13/A32/B0/C0/D0/S21 (22.4%) 2. H32/A32/B0/C0/D2/S0 (22.4%) 3. H32/A32/B2/C0/D0/S0 (8.3%) 4. H29/A32/B0/C0/D5/S0 (6.5%) 5. H22/A32/B0/C0/D12/S0 (5.8%) 6. H2/A32/B0/C0/D32/S0 (5.3%) 7. H27/A30/B1/C0/D8/S0 (3%) 8. H32/A30/B0/C0/D4/S0 (3%) 9. H32/A10/B0/C0/D24/S0 (2.3%) 10. H2/A32/B14/C0/D18/S0 (2.1%) | I127: No significant change this update | J127: 1. Ice Punch (85%) 2. Drain Punch (51.4%) 3. Thunder Punch (47.3%) 4. Mach Punch (40.1%) 5. Close Combat (31.4%) | K127: 6. Poison Jab (30%) 7. Rock Slide (26.9%) 8. Wide Guard (24.9%) 9. Protect (22.4%) 10. Hammer Arm (10.1%) | L127: 1. Life Orb (58.5%) 2. Expert Belt (9.2%) 3. Sitrus Berry (5.8%) 4. Roseli Berry (5.8%) 5. Leftovers (5.5%) | M127: 6. Wide Lens (5.1%) 7. Black Belt (3.4%) 8. Lum Berry (2.5%) 9. Muscle Band (2.3%) 10. White Herb (1.2%) | N127: 1. Brave +A -S (63.8%) 2. Adamant +A -C (34.1%) | O127: 3. Lax +B -D (0.9%) | P127: 1. H13/A32/B0/C0/D0/S21 (22.4%) 2. H32/A32/B0/C0/D2/S0 (22.4%) 3. H32/A32/B2/C0/D0/S0 (8.3%) 4. H29/A32/B0/C0/D5/S0 (6.5%) 5. H22/A32/B0/C0/D12/S0 (5.8%) | Q127: 6. H2/A32/B0/C0/D32/S0 (5.3%) 7. H27/A30/B1/C0/D8/S0 (3%) 8. H32/A30/B0/C0/D4/S0 (3%) 9. H32/A10/B0/C0/D24/S0 (2.3%) 10. H2/A32/B14/C0/D18/S0 (2.1%) | R127: 1. Farigiraf 2. Incineroar 3. Camerupt 4. Sylveon 5. Torkoal | S127: 6. Mawile 7. Aerodactyl 8. Kingambit 9. Charizard 10. Kangaskhan
A128: 127 | B128: Aromatisse | C128: 1. Trick Room (90.4%) 2. Moonblast (71.8%) 3. Heal Pulse (40.9%) 4. Fake Tears (26.8%) 5. Protect (24.3%) 6. Dazzling Gleam (22.3%) 7. Sunny Day (21.3%) 8. Energy Ball (17%) 9. Rain Dance (13.4%) 10. Disable (11.1%) | D128: 1. Babiri Berry (45.7%) 2. Sitrus Berry (28.4%) 3. Bright Powder (7.7%) 4. Quick Claw (7.5%) 5. Leftovers (4.5%) 6. Kebia Berry (2.5%) 7. Life Orb (1.3%) 8. Fairy Feather (1.1%) 9. Lum Berry (0.9%) 10. Focus Sash (0.5%) | E128: 1. Aroma Veil (91.8%) 2. Healer (8.2%) | F128: 1. Relaxed +B -S (38%) 2. Quiet +C -S (34.1%) 3. Bold +B -A (8.2%) 4. Modest +C -A (8%) 5. Sassy +D -S (8%) 6. Calm +D -A (2.1%) 7. Brave +A -S (1.4%) | G128: 1. Farigiraf 2. Gallade 3. Camerupt 4. Torkoal 5. Avalugg-Hisui 6. Kangaskhan 7. Snorlax 8. Blastoise 9. Sinistcha 10. Venusaur | H128: 1. H32/A0/B0/C31/D3/S0 (18%) 2. H32/A0/B18/C0/D16/S0 (13%) 3. H32/A0/B2/C32/D0/S0 (10.7%) 4. H2/A0/B24/C32/D8/S0 (7.3%) 5. H32/A0/B9/C0/D25/S0 (7.3%) 6. H32/A0/B25/C2/D7/S0 (6.8%) 7. H32/A0/B20/C0/D14/S0 (5.7%) 8. H28/A0/B27/C0/D11/S0 (4.6%) 9. H32/A0/B32/C2/D0/S0 (3.9%) 10. H32/A0/B0/C32/D2/S0 (3.4%) | I128: No significant change this update | J128: 1. Trick Room (90.4%) 2. Moonblast (71.8%) 3. Heal Pulse (40.9%) 4. Fake Tears (26.8%) 5. Protect (24.3%) | K128: 6. Dazzling Gleam (22.3%) 7. Sunny Day (21.3%) 8. Energy Ball (17%) 9. Rain Dance (13.4%) 10. Disable (11.1%) | L128: 1. Babiri Berry (45.7%) 2. Sitrus Berry (28.4%) 3. Bright Powder (7.7%) 4. Quick Claw (7.5%) 5. Leftovers (4.5%) | M128: 6. Kebia Berry (2.5%) 7. Life Orb (1.3%) 8. Fairy Feather (1.1%) 9. Lum Berry (0.9%) 10. Focus Sash (0.5%) | N128: 1. Relaxed +B -S (38%) 2. Quiet +C -S (34.1%) 3. Bold +B -A (8.2%) 4. Modest +C -A (8%) | O128: 5. Sassy +D -S (8%) 6. Calm +D -A (2.1%) 7. Brave +A -S (1.4%) | P128: 1. H32/A0/B0/C31/D3/S0 (18%) 2. H32/A0/B18/C0/D16/S0 (13%) 3. H32/A0/B2/C32/D0/S0 (10.7%) 4. H2/A0/B24/C32/D8/S0 (7.3%) 5. H32/A0/B9/C0/D25/S0 (7.3%) | Q128: 6. H32/A0/B25/C2/D7/S0 (6.8%) 7. H32/A0/B20/C0/D14/S0 (5.7%) 8. H28/A0/B27/C0/D11/S0 (4.6%) 9. H32/A0/B32/C2/D0/S0 (3.9%) 10. H32/A0/B0/C32/D2/S0 (3.4%) | R128: 1. Farigiraf 2. Gallade 3. Camerupt 4. Torkoal 5. Avalugg-Hisui | S128: 6. Kangaskhan 7. Snorlax 8. Blastoise 9. Sinistcha 10. Venusaur
A129: 128 | B129: Heracross | C129: 1. Pin Missile (96.4%) 2. Rock Blast (94.1%) 3. Close Combat (90.6%) 4. Protect (43.3%) 5. Bullet Seed (37.5%) 6. Detect (27.7%) 7. Brick Break (3.4%) 8. Knock Off (3.2%) 9. Feint (1.6%) 10. Rock Slide (1.1%) | D129: 1. Heracronite (98.4%) 2. Life Orb (0.9%) 3. Choice Scarf (0.5%) 4. Wide Lens (0.2%) | E129: 1. Moxie (58.3%) 2. Guts (36.2%) 3. Swarm (5.5%) | F129: 1. Adamant +A -C (62%) 2. Brave +A -S (29.7%) 3. Jolly +S -C (8.2%) 4. Hasty +S -B (0.2%) | G129: 1. Farigiraf 2. Whimsicott 3. Incineroar 4. Torkoal 5. Sneasler 6. Garchomp 7. Kingambit 8. Talonflame 9. Raichu 10. Sinistcha | H129: 1. H2/A32/B0/C0/D0/S32 (21.1%) 2. H32/A32/B2/C0/D0/S0 (19.2%) 3. H32/A32/B0/C0/D2/S0 (13.7%) 4. H25/A22/B0/C0/D2/S17 (5.3%) 5. H0/A32/B17/C0/D15/S2 (4.3%) 6. H28/A15/B5/C0/D15/S3 (4.1%) 7. H15/A32/B0/C0/D0/S19 (3.9%) 8. H29/A32/B5/C0/D0/S0 (3.7%) 9. H24/A22/B0/C0/D1/S19 (2.8%) 10. H0/A32/B2/C0/D0/S32 (2.7%) | I129: No significant change this update | J129: 1. Pin Missile (96.4%) 2. Rock Blast (94.1%) 3. Close Combat (90.6%) 4. Protect (43.3%) 5. Bullet Seed (37.5%) | K129: 6. Detect (27.7%) 7. Brick Break (3.4%) 8. Knock Off (3.2%) 9. Feint (1.6%) 10. Rock Slide (1.1%) | L129: 1. Heracronite (98.4%) 2. Life Orb (0.9%) | M129: 3. Choice Scarf (0.5%) 4. Wide Lens (0.2%) | N129: 1. Adamant +A -C (62%) 2. Brave +A -S (29.7%) | O129: 3. Jolly +S -C (8.2%) 4. Hasty +S -B (0.2%) | P129: 1. H2/A32/B0/C0/D0/S32 (21.1%) 2. H32/A32/B2/C0/D0/S0 (19.2%) 3. H32/A32/B0/C0/D2/S0 (13.7%) 4. H25/A22/B0/C0/D2/S17 (5.3%) 5. H0/A32/B17/C0/D15/S2 (4.3%) | Q129: 6. H28/A15/B5/C0/D15/S3 (4.1%) 7. H15/A32/B0/C0/D0/S19 (3.9%) 8. H29/A32/B5/C0/D0/S0 (3.7%) 9. H24/A22/B0/C0/D1/S19 (2.8%) 10. H0/A32/B2/C0/D0/S32 (2.7%) | R129: 1. Farigiraf 2. Whimsicott 3. Incineroar 4. Torkoal 5. Sneasler | S129: 6. Garchomp 7. Kingambit 8. Talonflame 9. Raichu 10. Sinistcha
A130: 129 | B130: Spiritomb | C130: 1. Trick Room (91.2%) 2. Will-O-Wisp (69.8%) 3. Foul Play (66.5%) 4. Snarl (41.7%) 5. Destiny Bond (26.7%) 6. Pain Split (22%) 7. Helping Hand (20.9%) 8. Ally Switch (10.6%) 9. Dark Pulse (9.5%) 10. Toxic (4.8%) | D130: 1. Roseli Berry (55.1%) 2. Sitrus Berry (12.5%) 3. Focus Sash (9.8%) 4. Leftovers (8.1%) 5. Mental Herb (6.3%) 6. Life Orb (2.9%) 7. Heat Rock (1.6%) 8. Iron Ball (1.4%) 9. Lum Berry (0.9%) 10. Wide Lens (0.7%) | E130: 1. Infiltrator (78%) 2. Pressure (22%) | F130: 1. Relaxed +B -S (40.3%) 2. Sassy +D -S (29%) 3. Quiet +C -S (10.4%) 4. Careful +D -C (9.3%) 5. Calm +D -A (4.3%) 6. Brave +A -S (3.6%) 7. Adamant +A -C (2.9%) 8. Bold +B -A (0.2%) 9. Impish +B -C (0.2%) | G130: 1. Incineroar 2. Whimsicott 3. Garchomp 4. Kingambit 5. Drampa 6. Gengar 7. Charizard 8. Milotic 9. Mawile 10. Dragalge | H130: 1. H32/A0/B22/C0/D12/S0 (16.6%) 2. H32/A0/B17/C0/D17/S0 (15%) 3. H32/A0/B2/C0/D32/S0 (14.8%) 4. H32/A0/B12/C0/D22/S0 (8.2%) 5. H0/A0/B0/C32/D0/S0 (7.9%) 6. H32/A8/B0/C0/D26/S0 (6.4%) 7. H29/A0/B23/C0/D14/S0 (4.7%) 8. H32/A0/B16/C0/D18/S0 (4.3%) 9. H32/A0/B32/C0/D2/S0 (3.4%) 10. H32/A32/B0/C0/D2/S0 (2.9%) | I130: No significant change this update | J130: 1. Trick Room (91.2%) 2. Will-O-Wisp (69.8%) 3. Foul Play (66.5%) 4. Snarl (41.7%) 5. Destiny Bond (26.7%) | K130: 6. Pain Split (22%) 7. Helping Hand (20.9%) 8. Ally Switch (10.6%) 9. Dark Pulse (9.5%) 10. Toxic (4.8%) | L130: 1. Roseli Berry (55.1%) 2. Sitrus Berry (12.5%) 3. Focus Sash (9.8%) 4. Leftovers (8.1%) 5. Mental Herb (6.3%) | M130: 6. Life Orb (2.9%) 7. Heat Rock (1.6%) 8. Iron Ball (1.4%) 9. Lum Berry (0.9%) 10. Wide Lens (0.7%) | N130: 1. Relaxed +B -S (40.3%) 2. Sassy +D -S (29%) 3. Quiet +C -S (10.4%) 4. Careful +D -C (9.3%) 5. Calm +D -A (4.3%) | O130: 6. Brave +A -S (3.6%) 7. Adamant +A -C (2.9%) 8. Bold +B -A (0.2%) 9. Impish +B -C (0.2%) | P130: 1. H32/A0/B22/C0/D12/S0 (16.6%) 2. H32/A0/B17/C0/D17/S0 (15%) 3. H32/A0/B2/C0/D32/S0 (14.8%) 4. H32/A0/B12/C0/D22/S0 (8.2%) 5. H0/A0/B0/C32/D0/S0 (7.9%) | Q130: 6. H32/A8/B0/C0/D26/S0 (6.4%) 7. H29/A0/B23/C0/D14/S0 (4.7%) 8. H32/A0/B16/C0/D18/S0 (4.3%) 9. H32/A0/B32/C0/D2/S0 (3.4%) 10. H32/A32/B0/C0/D2/S0 (2.9%) | R130: 1. Incineroar 2. Whimsicott 3. Garchomp 4. Kingambit 5. Drampa | S130: 6. Gengar 7. Charizard 8. Milotic 9. Mawile 10. Dragalge
A131: 130 | B131: Liepard | C131: 1. Fake Out (95%) 2. Encore (77.2%) 3. Yawn (44%) 4. Knock Off (41.6%) 5. Charm (23.7%) 6. Foul Play (20.1%) 7. Snarl (19.6%) 8. Fake Tears (18.3%) 9. Sunny Day (16.4%) 10. Rain Dance (11.2%) | D131: 1. Focus Sash (80.4%) 2. Roseli Berry (7.3%) 3. Chople Berry (5%) 4. Black Glasses (2.8%) 5. Iron Ball (2.4%) 6. Wide Lens (1.1%) 7. Bright Powder (0.6%) 8. Lum Berry (0.4%) | E131: 1. Prankster (100%) | F131: 1. Jolly +S -C (58.2%) 2. Hasty +S -B (14.2%) 3. Timid +S -A (7.3%) 4. Bold +B -A (6.9%) 5. Careful +D -C (6.5%) 6. Adamant +A -C (5.2%) 7. Impish +B -C (1.5%) 8. Hardy (0.2%) | G131: 1. Charizard 2. Basculegion 3. Decidueye-Hisui 4. Aerodactyl 5. Garchomp 6. Farigiraf 7. Metagross 8. Staraptor 9. Chandelure 10. Greninja | H131: 1. H2/A32/B0/C0/D0/S32 (44%) 2. H0/A2/B0/C32/D0/S32 (14.2%) 3. H32/A0/B32/C0/D2/S0 (7.8%) 4. H0/A0/B16/C0/D18/S32 (7.1%) 5. H32/A0/B2/C0/D32/S0 (5%) 6. H32/A0/B1/C0/D0/S32 (3.5%) 7. H2/A0/B0/C32/D0/S32 (2.6%) 8. H32/A0/B17/C0/D17/S0 (2.4%) 9. H32/A0/B2/C32/D0/S0 (2.1%) 10. H32/A2/B0/C0/D0/S32 (2.1%) | I131: Rank 100→130 (↓30, C) | J131: 1. Fake Out (95%) 2. Encore (77.2%) 3. Yawn (44%) 4. Knock Off (41.6%) 5. Charm (23.7%) | K131: 6. Foul Play (20.1%) 7. Snarl (19.6%) 8. Fake Tears (18.3%) 9. Sunny Day (16.4%) 10. Rain Dance (11.2%) | L131: 1. Focus Sash (80.4%) 2. Roseli Berry (7.3%) 3. Chople Berry (5%) 4. Black Glasses (2.8%) | M131: 5. Iron Ball (2.4%) 6. Wide Lens (1.1%) 7. Bright Powder (0.6%) 8. Lum Berry (0.4%) | N131: 1. Jolly +S -C (58.2%) 2. Hasty +S -B (14.2%) 3. Timid +S -A (7.3%) 4. Bold +B -A (6.9%) | O131: 5. Careful +D -C (6.5%) 6. Adamant +A -C (5.2%) 7. Impish +B -C (1.5%) 8. Hardy (0.2%) | P131: 1. H2/A32/B0/C0/D0/S32 (44%) 2. H0/A2/B0/C32/D0/S32 (14.2%) 3. H32/A0/B32/C0/D2/S0 (7.8%) 4. H0/A0/B16/C0/D18/S32 (7.1%) 5. H32/A0/B2/C0/D32/S0 (5%) | Q131: 6. H32/A0/B1/C0/D0/S32 (3.5%) 7. H2/A0/B0/C32/D0/S32 (2.6%) 8. H32/A0/B17/C0/D17/S0 (2.4%) 9. H32/A0/B2/C32/D0/S0 (2.1%) 10. H32/A2/B0/C0/D0/S32 (2.1%) | R131: 1. Charizard 2. Basculegion 3. Decidueye-Hisui 4. Aerodactyl 5. Garchomp | S131: 6. Farigiraf 7. Metagross 8. Staraptor 9. Chandelure 10. Greninja
A132: 131 | B132: Rhyperior | C132: 1. Rock Slide (96.4%) 2. Protect (89.6%) 3. High Horsepower (85.2%) 4. Ice Punch (51.1%) 5. Earthquake (36.7%) 6. Hammer Arm (5.6%) 7. Rock Wrecker (5.2%) 8. Brick Break (5%) 9. Stone Edge (4.8%) 10. Swords Dance (4.2%) | D132: 1. Life Orb (55.9%) 2. White Herb (9.8%) 3. Leftovers (7.9%) 4. Rindo Berry (7.7%) 5. Iron Ball (4%) 6. Sitrus Berry (3.5%) 7. Expert Belt (2.7%) 8. Focus Sash (2.5%) 9. Soft Sand (1.7%) 10. Hard Stone (1.3%) | E132: 1. Solid Rock (75.6%) 2. Lightning Rod (23%) 3. Reckless (1.3%) | F132: 1. Brave +A -S (91.2%) 2. Adamant +A -C (4.6%) 3. Sassy +D -S (3.3%) | G132: 1. Farigiraf 2. Torkoal 3. Sylveon 4. Staraptor 5. Oranguru 6. Sinistcha 7. Mawile 8. Blastoise 9. Kingambit 10. Incineroar | H132: 1. H32/A32/B2/C0/D0/S0 (34%) 2. H32/A32/B0/C0/D2/S0 (21.9%) 3. H2/A32/B0/C0/D32/S0 (8.3%) 4. H0/A32/B2/C0/D32/S0 (4.2%) 5. H32/A32/B0/C0/D0/S0 (4.2%) 6. H20/A32/B0/C0/D14/S0 (4%) 7. H26/A30/B0/C0/D10/S0 (4%) 8. H2/A32/B32/C0/D0/S0 (3.1%) 9. H9/A31/B0/C0/D26/S0 (2.1%) 10. H15/A20/B0/C0/D31/S0 (1.9%) | I132: No significant change this update | J132: 1. Rock Slide (96.4%) 2. Protect (89.6%) 3. High Horsepower (85.2%) 4. Ice Punch (51.1%) 5. Earthquake (36.7%) | K132: 6. Hammer Arm (5.6%) 7. Rock Wrecker (5.2%) 8. Brick Break (5%) 9. Stone Edge (4.8%) 10. Swords Dance (4.2%) | L132: 1. Life Orb (55.9%) 2. White Herb (9.8%) 3. Leftovers (7.9%) 4. Rindo Berry (7.7%) 5. Iron Ball (4%) | M132: 6. Sitrus Berry (3.5%) 7. Expert Belt (2.7%) 8. Focus Sash (2.5%) 9. Soft Sand (1.7%) 10. Hard Stone (1.3%) | N132: 1. Brave +A -S (91.2%) 2. Adamant +A -C (4.6%) | O132: 3. Sassy +D -S (3.3%) | P132: 1. H32/A32/B2/C0/D0/S0 (34%) 2. H32/A32/B0/C0/D2/S0 (21.9%) 3. H2/A32/B0/C0/D32/S0 (8.3%) 4. H0/A32/B2/C0/D32/S0 (4.2%) 5. H32/A32/B0/C0/D0/S0 (4.2%) | Q132: 6. H20/A32/B0/C0/D14/S0 (4%) 7. H26/A30/B0/C0/D10/S0 (4%) 8. H2/A32/B32/C0/D0/S0 (3.1%) 9. H9/A31/B0/C0/D26/S0 (2.1%) 10. H15/A20/B0/C0/D31/S0 (1.9%) | R132: 1. Farigiraf 2. Torkoal 3. Sylveon 4. Staraptor 5. Oranguru | S132: 6. Sinistcha 7. Mawile 8. Blastoise 9. Kingambit 10. Incineroar
A133: 132 | B133: Tauros-Paldea-Aqua | C133: 1. Aqua Jet (94.4%) 2. Protect (88.4%) 3. Close Combat (48.4%) 4. Rock Slide (46.3%) 5. Raging Bull (45.9%) 6. Earthquake (40.5%) 7. Wave Crash (16.1%) 8. Lash Out (6.2%) 9. Liquidation (2.9%) 10. Wild Charge (2.7%) | D133: 1. White Herb (24.4%) 2. Life Orb (24%) 3. Mystic Water (15.1%) 4. Hard Stone (12.6%) 5. Soft Sand (7.8%) 6. Sitrus Berry (6.8%) 7. Shell Bell (6%) 8. Muscle Band (1.9%) 9. Choice Scarf (1.2%) 10. Quick Claw (0.2%) | E133: 1. Anger Point (53.3%) 2. Intimidate (46.5%) 3. Cud Chew (0.2%) | F133: 1. Adamant +A -C (82.9%) 2. Jolly +S -C (14.5%) 3. Careful +D -C (2.3%) 4. Naughty +A -D (0.2%) | G133: 1. Farigiraf 2. Pinsir 3. Whimsicott 4. Talonflame 5. Sinistcha 6. Metagross 7. Kingambit 8. Froslass 9. Sylveon 10. Raichu | H133: 1. H1/A32/B9/C0/D0/S24 (22.1%) 2. H2/A32/B0/C0/D0/S32 (19.2%) 3. H1/A32/B4/C0/D0/S29 (11.8%) 4. H0/A32/B0/C0/D0/S32 (6.6%) 5. H5/A32/B0/C0/D0/S29 (6.6%) 6. H0/A0/B0/C0/D0/S0 (3.1%) 7. H32/A32/B0/C0/D0/S2 (3.1%) 8. H12/A32/B0/C0/D0/S22 (2.9%) 9. H13/A32/B0/C0/D0/S21 (2.9%) 10. H0/A32/B2/C0/D0/S32 (2.7%) | I133: No significant change this update | J133: 1. Aqua Jet (94.4%) 2. Protect (88.4%) 3. Close Combat (48.4%) 4. Rock Slide (46.3%) 5. Raging Bull (45.9%) | K133: 6. Earthquake (40.5%) 7. Wave Crash (16.1%) 8. Lash Out (6.2%) 9. Liquidation (2.9%) 10. Wild Charge (2.7%) | L133: 1. White Herb (24.4%) 2. Life Orb (24%) 3. Mystic Water (15.1%) 4. Hard Stone (12.6%) 5. Soft Sand (7.8%) | M133: 6. Sitrus Berry (6.8%) 7. Shell Bell (6%) 8. Muscle Band (1.9%) 9. Choice Scarf (1.2%) 10. Quick Claw (0.2%) | N133: 1. Adamant +A -C (82.9%) 2. Jolly +S -C (14.5%) | O133: 3. Careful +D -C (2.3%) 4. Naughty +A -D (0.2%) | P133: 1. H1/A32/B9/C0/D0/S24 (22.1%) 2. H2/A32/B0/C0/D0/S32 (19.2%) 3. H1/A32/B4/C0/D0/S29 (11.8%) 4. H0/A32/B0/C0/D0/S32 (6.6%) 5. H5/A32/B0/C0/D0/S29 (6.6%) | Q133: 6. H0/A0/B0/C0/D0/S0 (3.1%) 7. H32/A32/B0/C0/D0/S2 (3.1%) 8. H12/A32/B0/C0/D0/S22 (2.9%) 9. H13/A32/B0/C0/D0/S21 (2.9%) 10. H0/A32/B2/C0/D0/S32 (2.7%) | R133: 1. Farigiraf 2. Pinsir 3. Whimsicott 4. Talonflame 5. Sinistcha | S133: 6. Metagross 7. Kingambit 8. Froslass 9. Sylveon 10. Raichu
A134: 133 | B134: Serperior | C134: 1. Leaf Storm (100%) 2. Protect (72.2%) 3. Dragon Pulse (57.7%) 4. Glare (46.3%) 5. Giga Drain (24.8%) 6. Light Screen (23.1%) 7. Reflect (22.7%) 8. Taunt (13.4%) 9. Substitute (7.4%) 10. Gastro Acid (6.2%) | D134: 1. Sitrus Berry (25%) 2. Wide Lens (14.2%) 3. Leftovers (12.9%) 4. Focus Sash (9.5%) 5. Life Orb (7.8%) 6. Miracle Seed (7%) 7. Light Clay (4.9%) 8. Occa Berry (4.2%) 9. Choice Scarf (3.6%) 10. Bright Powder (3.4%) | E134: 1. Contrary (99.4%) 2. Overgrow (0.6%) | F134: 1. Timid +S -A (89.4%) 2. Modest +C -A (6%) 3. Hasty +S -B (1.7%) | G134: 1. Milotic 2. Garchomp 3. Ceruledge 4. Staraptor 5. Wyrdeer 6. Metagross 7. Kommo-o 8. Tyranitar 9. Gardevoir 10. Excadrill | H134: 1. H2/A0/B0/C32/D0/S32 (23.6%) 2. H32/A0/B5/C0/D3/S26 (12.3%) 3. H20/A0/B12/C5/D2/S27 (11.7%) 4. H32/A0/B0/C2/D0/S32 (7.6%) 5. H32/A0/B5/C1/D2/S26 (7.6%) 6. H0/A0/B0/C32/D2/S32 (7%) 7. H1/A0/B0/C32/D0/S32 (5.3%) 8. H1/A0/B1/C32/D0/S32 (2.8%) 9. H2/A0/B16/C0/D16/S32 (2.1%) 10. H0/A0/B2/C32/D0/S32 (1.9%) | I134: No significant change this update | J134: 1. Leaf Storm (100%) 2. Protect (72.2%) 3. Dragon Pulse (57.7%) 4. Glare (46.3%) 5. Giga Drain (24.8%) | K134: 6. Light Screen (23.1%) 7. Reflect (22.7%) 8. Taunt (13.4%) 9. Substitute (7.4%) 10. Gastro Acid (6.2%) | L134: 1. Sitrus Berry (25%) 2. Wide Lens (14.2%) 3. Leftovers (12.9%) 4. Focus Sash (9.5%) 5. Life Orb (7.8%) | M134: 6. Miracle Seed (7%) 7. Light Clay (4.9%) 8. Occa Berry (4.2%) 9. Choice Scarf (3.6%) 10. Bright Powder (3.4%) | N134: 1. Timid +S -A (89.4%) 2. Modest +C -A (6%) | O134: 3. Hasty +S -B (1.7%) | P134: 1. H2/A0/B0/C32/D0/S32 (23.6%) 2. H32/A0/B5/C0/D3/S26 (12.3%) 3. H20/A0/B12/C5/D2/S27 (11.7%) 4. H32/A0/B0/C2/D0/S32 (7.6%) 5. H32/A0/B5/C1/D2/S26 (7.6%) | Q134: 6. H0/A0/B0/C32/D2/S32 (7%) 7. H1/A0/B0/C32/D0/S32 (5.3%) 8. H1/A0/B1/C32/D0/S32 (2.8%) 9. H2/A0/B16/C0/D16/S32 (2.1%) 10. H0/A0/B2/C32/D0/S32 (1.9%) | R134: 1. Milotic 2. Garchomp 3. Ceruledge 4. Staraptor 5. Wyrdeer | S134: 6. Metagross 7. Kommo-o 8. Tyranitar 9. Gardevoir 10. Excadrill
A135: 134 | B135: Chesnaught | C135: 1. Spiky Shield (89%) 2. Body Press (62%) 3. Wood Hammer (53.6%) 4. Iron Defense (29.5%) 5. Drain Punch (29.3%) 6. Wide Guard (27.7%) 7. Belly Drum (24.9%) 8. Grassy Glide (17.1%) 9. Seed Bomb (13.5%) 10. Leech Seed (10.8%) | D135: 1. Chesnaughtite (80.5%) 2. Payapa Berry (5.8%) 3. Magnet (5%) 4. Leftovers (4.8%) 5. Occa Berry (3%) 6. Lum Berry (0.6%) 7. Sitrus Berry (0.4%) | E135: 1. Bulletproof (99.8%) 2. Overgrow (0.2%) | F135: 1. Relaxed +B -S (40.4%) 2. Sassy +D -S (19.3%) 3. Impish +B -C (18.7%) 4. Adamant +A -C (17.7%) 5. Brave +A -S (3.6%) 6. Careful +D -C (0.2%) | G135: 1. Farigiraf 2. Kingambit 3. Incineroar 4. Whimsicott 5. Tyranitar 6. Basculegion 7. Torkoal 8. Sinistcha 9. Pelipper 10. Kangaskhan | H135: 1. H32/A2/B32/C0/D0/S0 (13.7%) 2. H30/A0/B4/C0/D32/S0 (11%) 3. H0/A9/B32/C0/D25/S0 (9.8%) 4. H32/A0/B32/C0/D2/S0 (7.2%) 5. H32/A0/B32/C0/D1/S1 (5.8%) 6. H32/A7/B19/C0/D3/S5 (5.6%) 7. H32/A0/B8/C0/D26/S0 (5.2%) 8. H32/A0/B18/C0/D16/S0 (4.8%) 9. H32/A3/B31/C0/D0/S0 (4.4%) 10. H0/A13/B21/C0/D32/S0 (4%) | I135: No significant change this update | J135: 1. Spiky Shield (89%) 2. Body Press (62%) 3. Wood Hammer (53.6%) 4. Iron Defense (29.5%) 5. Drain Punch (29.3%) | K135: 6. Wide Guard (27.7%) 7. Belly Drum (24.9%) 8. Grassy Glide (17.1%) 9. Seed Bomb (13.5%) 10. Leech Seed (10.8%) | L135: 1. Chesnaughtite (80.5%) 2. Payapa Berry (5.8%) 3. Magnet (5%) 4. Leftovers (4.8%) | M135: 5. Occa Berry (3%) 6. Lum Berry (0.6%) 7. Sitrus Berry (0.4%) | N135: 1. Relaxed +B -S (40.4%) 2. Sassy +D -S (19.3%) 3. Impish +B -C (18.7%) | O135: 4. Adamant +A -C (17.7%) 5. Brave +A -S (3.6%) 6. Careful +D -C (0.2%) | P135: 1. H32/A2/B32/C0/D0/S0 (13.7%) 2. H30/A0/B4/C0/D32/S0 (11%) 3. H0/A9/B32/C0/D25/S0 (9.8%) 4. H32/A0/B32/C0/D2/S0 (7.2%) 5. H32/A0/B32/C0/D1/S1 (5.8%) | Q135: 6. H32/A7/B19/C0/D3/S5 (5.6%) 7. H32/A0/B8/C0/D26/S0 (5.2%) 8. H32/A0/B18/C0/D16/S0 (4.8%) 9. H32/A3/B31/C0/D0/S0 (4.4%) 10. H0/A13/B21/C0/D32/S0 (4%) | R135: 1. Farigiraf 2. Kingambit 3. Incineroar 4. Whimsicott 5. Tyranitar | S135: 6. Basculegion 7. Torkoal 8. Sinistcha 9. Pelipper 10. Kangaskhan
A136: 135 | B136: Glaceon | C136: 1. Freeze-Dry (100%) 2. Blizzard (90.8%) 3. Protect (60%) 4. Ice Shard (51.2%) 5. Detect (29.5%) 6. Shadow Ball (12.9%) 7. Frost Breath (11.1%) 8. Calm Mind (10.2%) 9. Weather Ball (9.8%) 10. Snowscape (6.4%) | D136: 1. Never-Melt Ice (66.2%) 2. Leftovers (11.7%) 3. Life Orb (8%) 4. Sitrus Berry (4.5%) 5. Bright Powder (4.3%) 6. Quick Claw (2%) 7. Choice Scarf (1.6%) 8. Chople Berry (1.4%) 9. Shell Bell (0.2%) 10. Focus Sash (0.2%) | E136: 1. Snow Cloak (86.5%) 2. Ice Body (13.5%) | F136: 1. Modest +C -A (67.6%) 2. Quiet +C -S (21.5%) 3. Calm +D -A (4.3%) | G136: 1. Froslass 2. Garchomp 3. Sneasler 4. Kingambit 5. Talonflame 6. Incineroar 7. Basculegion 8. Mawile 9. Primarina 10. Slowking-Galar | H136: 1. H25/A0/B2/C30/D0/S9 (32.4%) 2. H32/A0/B2/C32/D0/S0 (12.1%) 3. H32/A0/B0/C32/D2/S0 (11.9%) 4. H2/A0/B0/C32/D32/S0 (6.1%) 5. H32/A0/B0/C32/D0/S2 (5.3%) 6. H17/A0/B0/C19/D19/S11 (4.7%) 7. H25/A0/B0/C32/D0/S9 (2.9%) 8. H32/A0/B20/C0/D14/S0 (2.7%) 9. H19/A0/B0/C32/D15/S0 (2.5%) 10. H29/A0/B5/C32/D0/S0 (2.5%) | I136: No significant change this update | J136: 1. Freeze-Dry (100%) 2. Blizzard (90.8%) 3. Protect (60%) 4. Ice Shard (51.2%) 5. Detect (29.5%) | K136: 6. Shadow Ball (12.9%) 7. Frost Breath (11.1%) 8. Calm Mind (10.2%) 9. Weather Ball (9.8%) 10. Snowscape (6.4%) | L136: 1. Never-Melt Ice (66.2%) 2. Leftovers (11.7%) 3. Life Orb (8%) 4. Sitrus Berry (4.5%) 5. Bright Powder (4.3%) | M136: 6. Quick Claw (2%) 7. Choice Scarf (1.6%) 8. Chople Berry (1.4%) 9. Shell Bell (0.2%) 10. Focus Sash (0.2%) | N136: 1. Modest +C -A (67.6%) 2. Quiet +C -S (21.5%) | O136: 3. Calm +D -A (4.3%) | P136: 1. H25/A0/B2/C30/D0/S9 (32.4%) 2. H32/A0/B2/C32/D0/S0 (12.1%) 3. H32/A0/B0/C32/D2/S0 (11.9%) 4. H2/A0/B0/C32/D32/S0 (6.1%) 5. H32/A0/B0/C32/D0/S2 (5.3%) | Q136: 6. H17/A0/B0/C19/D19/S11 (4.7%) 7. H25/A0/B0/C32/D0/S9 (2.9%) 8. H32/A0/B20/C0/D14/S0 (2.7%) 9. H19/A0/B0/C32/D15/S0 (2.5%) 10. H29/A0/B5/C32/D0/S0 (2.5%) | R136: 1. Froslass 2. Garchomp 3. Sneasler 4. Kingambit 5. Talonflame | S136: 6. Incineroar 7. Basculegion 8. Mawile 9. Primarina 10. Slowking-Galar
A137: 136 | B137: Mr. Rime | C137: 1. Freeze-Dry (90.9%) 2. Fake Out (81.7%) 3. Frost Breath (48.8%) 4. Charm (40.6%) 5. Protect (24.2%) 6. Trick Room (17.6%) 7. Sheer Cold (13.8%) 8. Psychic (11.2%) 9. Role Play (10.2%) 10. Skill Swap (7.9%) | D137: 1. Never-Melt Ice (53.9%) 2. Focus Sash (14.2%) 3. Colbur Berry (7.9%) 4. Leftovers (7.4%) 5. Iron Ball (4.7%) 6. Sitrus Berry (4.2%) 7. Occa Berry (3%) 8. Babiri Berry (1.5%) 9. Wise Glasses (0.8%) 10. Quick Claw (0.6%) | E137: 1. Screen Cleaner (84.3%) 2. Ice Body (15.5%) 3. Tangled Feet (0.2%) | F137: 1. Quiet +C -S (61.2%) 2. Timid +S -A (11.9%) 3. Relaxed +B -S (10.6%) 4. Modest +C -A (7%) 5. Bold +B -A (5.7%) 6. Hasty +S -B (2.6%) 7. Mild +C -B (0.8%) 8. Calm +D -A (0.2%) | G137: 1. Mawile 2. Malamar 3. Basculegion 4. Maushold 5. Kommo-o 6. Farigiraf 7. Torkoal 8. Incineroar 9. Sinistcha 10. Raichu | H137: 1. H32/A0/B2/C32/D0/S0 (49.3%) 2. H32/A0/B2/C0/D0/S32 (7.6%) 3. H32/A0/B32/C0/D0/S0 (4%) 4. H32/A0/B0/C32/D0/S2 (3.6%) 5. H32/A0/B25/C0/D9/S0 (3.4%) 6. H32/A0/B32/C2/D0/S0 (3.2%) 7. H0/A0/B0/C32/D2/S32 (2.8%) 8. H15/A0/B25/C26/D0/S0 (2.8%) 9. H32/A0/B14/C20/D0/S0 (2.8%) 10. H0/A0/B2/C32/D32/S0 (2.6%) | I137: No significant change this update | J137: 1. Freeze-Dry (90.9%) 2. Fake Out (81.7%) 3. Frost Breath (48.8%) 4. Charm (40.6%) 5. Protect (24.2%) | K137: 6. Trick Room (17.6%) 7. Sheer Cold (13.8%) 8. Psychic (11.2%) 9. Role Play (10.2%) 10. Skill Swap (7.9%) | L137: 1. Never-Melt Ice (53.9%) 2. Focus Sash (14.2%) 3. Colbur Berry (7.9%) 4. Leftovers (7.4%) 5. Iron Ball (4.7%) | M137: 6. Sitrus Berry (4.2%) 7. Occa Berry (3%) 8. Babiri Berry (1.5%) 9. Wise Glasses (0.8%) 10. Quick Claw (0.6%) | N137: 1. Quiet +C -S (61.2%) 2. Timid +S -A (11.9%) 3. Relaxed +B -S (10.6%) 4. Modest +C -A (7%) | O137: 5. Bold +B -A (5.7%) 6. Hasty +S -B (2.6%) 7. Mild +C -B (0.8%) 8. Calm +D -A (0.2%) | P137: 1. H32/A0/B2/C32/D0/S0 (49.3%) 2. H32/A0/B2/C0/D0/S32 (7.6%) 3. H32/A0/B32/C0/D0/S0 (4%) 4. H32/A0/B0/C32/D0/S2 (3.6%) 5. H32/A0/B25/C0/D9/S0 (3.4%) | Q137: 6. H32/A0/B32/C2/D0/S0 (3.2%) 7. H0/A0/B0/C32/D2/S32 (2.8%) 8. H15/A0/B25/C26/D0/S0 (2.8%) 9. H32/A0/B14/C20/D0/S0 (2.8%) 10. H0/A0/B2/C32/D32/S0 (2.6%) | R137: 1. Mawile 2. Malamar 3. Basculegion 4. Maushold 5. Kommo-o | S137: 6. Farigiraf 7. Torkoal 8. Incineroar 9. Sinistcha 10. Raichu
... A180: 179 | B180: Noivern | C180: 1. Tailwind (91.8%) 2. Draco Meteor (72.5%) 3. Protect (64.9%) 4. Air Slash (63.7%) 5. Super Fang (22.2%) 6. Taunt (21.6%) 7. Dragon Cheer (15.8%) 8. Boomburst (12.9%) 9. Dragon Pulse (6.4%) 10. Hyper Voice (5.8%) | D180: 1. Focus Sash (81.9%) 2. Choice Scarf (5.8%) 3. Expert Belt (2.9%) 4. Life Orb (2.9%) 5. Yache Berry (1.2%) 6. White Herb (1.2%) 7. Leftovers (1.2%) 8. Wide Lens (1.2%) 9. Lum Berry (0.6%) 10. King's Rock (0.6%) | E180: 1. Frisk (45.6%) 2. Infiltrator (33.3%) 3. Telepathy (21.1%) | F180: 1. Timid +S -A (81.9%) 2. Modest +C -A (17%) 3. Hasty +S -B (0.6%) 4. Calm +D -A (0.6%) | G180: 1. Kingambit 2. Incineroar 3. Charizard 4. Basculegion 5. Raichu 6. Sinistcha 7. Garchomp 8. Milotic 9. Tinkaton 10. Heracross | H180: 1. H2/A0/B0/C32/D0/S32 (79.5%) 2. H29/A0/B0/C32/D0/S5 (5.8%) 3. H0/A0/B2/C32/D0/S32 (2.9%) 4. H4/A0/B0/C29/D3/S30 (2.3%) 5. H32/A0/B2/C0/D0/S32 (2.3%) 6. H1/A0/B1/C32/D0/S32 (1.8%) 7. H0/A0/B0/C32/D2/S32 (1.2%) 8. H12/A0/B0/C23/D4/S27 (1.2%) 9. H22/A0/B0/C14/D0/S30 (1.2%) 10. H0/A0/B14/C22/D0/S30 (0.6%) | I180: No significant change this update | J180: 1. Tailwind (91.8%) 2. Draco Meteor (72.5%) 3. Protect (64.9%) 4. Air Slash (63.7%) 5. Super Fang (22.2%) | K180: 6. Taunt (21.6%) 7. Dragon Cheer (15.8%) 8. Boomburst (12.9%) 9. Dragon Pulse (6.4%) 10. Hyper Voice (5.8%) | L180: 1. Focus Sash (81.9%) 2. Choice Scarf (5.8%) 3. Expert Belt (2.9%) 4. Life Orb (2.9%) 5. Yache Berry (1.2%) | M180: 6. White Herb (1.2%) 7. Leftovers (1.2%) 8. Wide Lens (1.2%) 9. Lum Berry (0.6%) 10. King's Rock (0.6%) | N180: 1. Timid +S -A (81.9%) 2. Modest +C -A (17%) | O180: 3. Hasty +S -B (0.6%) 4. Calm +D -A (0.6%) | P180: 1. H2/A0/B0/C32/D0/S32 (79.5%) 2. H29/A0/B0/C32/D0/S5 (5.8%) 3. H0/A0/B2/C32/D0/S32 (2.9%) 4. H4/A0/B0/C29/D3/S30 (2.3%) 5. H32/A0/B2/C0/D0/S32 (2.3%) | Q180: 6. H1/A0/B1/C32/D0/S32 (1.8%) 7. H0/A0/B0/C32/D2/S32 (1.2%) 8. H12/A0/B0/C23/D4/S27 (1.2%) 9. H22/A0/B0/C14/D0/S30 (1.2%) 10. H0/A0/B14/C22/D0/S30 (0.6%) | R180: 1. Kingambit 2. Incineroar 3. Charizard 4. Basculegion 5. Raichu | S180: 6. Sinistcha 7. Garchomp 8. Milotic 9. Tinkaton 10. Heracross
A181: 180 | B181: Beedrill | C181: 1. Protect (80.7%) 2. Poison Jab (76.6%) 3. U-turn (69.6%) 4. Lunge (46.2%) 5. Drill Run (40.9%) 6. Brick Break (33.9%) 7. Knock Off (24%) 8. Cross Poison (23.4%) 9. Fell Stinger (4.1%) 10. Toxic Spikes (0.6%) | D181: 1. Beedrillite (100%) | E181: 1. Swarm (52.6%) 2. Sniper (47.4%) | F181: 1. Adamant +A -C (77.2%) 2. Jolly +S -C (22.8%) | G181: 1. Farigiraf 2. Whimsicott 3. Kingambit 4. Swampert 5. Pelipper 6. Archaludon 7. Garchomp 8. Incineroar 9. Sneasler 10. Volcarona | H181: 1. H2/A32/B0/C0/D0/S32 (34.5%) 2. H0/A30/B5/C0/D0/S31 (27.5%) 3. H32/A24/B0/C0/D0/S10 (12.9%) 4. H32/A25/B0/C0/D8/S1 (9.9%) 5. H0/A32/B0/C0/D2/S32 (8.2%) 6. H0/A32/B2/C0/D0/S32 (5.3%) 7. H11/A32/B5/C0/D0/S18 (1.2%) 8. H1/A32/B0/C0/D1/S32 (0.6%) | I181: No significant change this update | J181: 1. Protect (80.7%) 2. Poison Jab (76.6%) 3. U-turn (69.6%) 4. Lunge (46.2%) 5. Drill Run (40.9%) | K181: 6. Brick Break (33.9%) 7. Knock Off (24%) 8. Cross Poison (23.4%) 9. Fell Stinger (4.1%) 10. Toxic Spikes (0.6%) | L181: 1. Beedrillite (100%) | N181: 1. Adamant +A -C (77.2%) | O181: 2. Jolly +S -C (22.8%) | P181: 1. H2/A32/B0/C0/D0/S32 (34.5%) 2. H0/A30/B5/C0/D0/S31 (27.5%) 3. H32/A24/B0/C0/D0/S10 (12.9%) 4. H32/A25/B0/C0/D8/S1 (9.9%) | Q181: 5. H0/A32/B0/C0/D2/S32 (8.2%) 6. H0/A32/B2/C0/D0/S32 (5.3%) 7. H11/A32/B5/C0/D0/S18 (1.2%) 8. H1/A32/B0/C0/D1/S32 (0.6%) | R181: 1. Farigiraf 2. Whimsicott 3. Kingambit 4. Swampert 5. Pelipper | S181: 6. Archaludon 7. Garchomp 8. Incineroar 9. Sneasler 10. Volcarona
A182: 181 | B182: Passimian | C182: 1. Knock Off (79.1%) 2. Close Combat (63.3%) 3. Protect (58.2%) 4. Upper Hand (39.9%) 5. Taunt (38.6%) 6. Drain Punch (35.4%) 7. Rock Slide (21.5%) 8. Feint (16.5%) 9. Earthquake (15.8%) 10. Bulk Up (12.7%) | D182: 1. Life Orb (60.8%) 2. Expert Belt (17.1%) 3. Leftovers (7%) 4. Bright Powder (5.7%) 5. Focus Sash (3.8%) 6. Black Belt (2.5%) 7. Chople Berry (1.3%) 8. Quick Claw (0.6%) 9. Hard Stone (0.6%) 10. Iron Ball (0.6%) | E182: 1. Defiant (64.6%) 2. Receiver (35.4%) | F182: 1. Adamant +A -C (65.8%) 2. Brave +A -S (20.3%) 3. Jolly +S -C (12.7%) 4. Impish +B -C (1.3%) | G182: 1. Raichu 2. Talonflame 3. Sharpedo 4. Primarina 5. Tinkaton 6. Starmie 7. Farigiraf 8. Kingambit 9. Abomasnow 10. Araquanid | H182: 1. H2/A32/B0/C0/D0/S32 (39.9%) 2. H32/A32/B2/C0/D0/S0 (19.6%) 3. H16/A32/B0/C0/D0/S18 (15.8%) 4. H18/A20/B0/C0/D21/S7 (7%) 5. H32/A2/B0/C0/D0/S32 (5.7%) 6. H0/A32/B2/C0/D0/S32 (3.8%) 7. H1/A32/B0/C0/D2/S31 (3.2%) 8. H25/A30/B11/C0/D0/S0 (2.5%) 9. H0/A0/B32/C0/D32/S2 (1.3%) 10. H24/A32/B10/C0/D0/S0 (0.6%) | I182: No significant change this update | J182: 1. Knock Off (79.1%) 2. Close Combat (63.3%) 3. Protect (58.2%) 4. Upper Hand (39.9%) 5. Taunt (38.6%) | K182: 6. Drain Punch (35.4%) 7. Rock Slide (21.5%) 8. Feint (16.5%) 9. Earthquake (15.8%) 10. Bulk Up (12.7%) | L182: 1. Life Orb (60.8%) 2. Expert Belt (17.1%) 3. Leftovers (7%) 4. Bright Powder (5.7%) 5. Focus Sash (3.8%) | M182: 6. Black Belt (2.5%) 7. Chople Berry (1.3%) 8. Quick Claw (0.6%) 9. Hard Stone (0.6%) 10. Iron Ball (0.6%) | N182: 1. Adamant +A -C (65.8%) 2. Brave +A -S (20.3%) | O182: 3. Jolly +S -C (12.7%) 4. Impish +B -C (1.3%) | P182: 1. H2/A32/B0/C0/D0/S32 (39.9%) 2. H32/A32/B2/C0/D0/S0 (19.6%) 3. H16/A32/B0/C0/D0/S18 (15.8%) 4. H18/A20/B0/C0/D21/S7 (7%) 5. H32/A2/B0/C0/D0/S32 (5.7%) | Q182: 6. H0/A32/B2/C0/D0/S32 (3.8%) 7. H1/A32/B0/C0/D2/S31 (3.2%) 8. H25/A30/B11/C0/D0/S0 (2.5%) 9. H0/A0/B32/C0/D32/S2 (1.3%) 10. H24/A32/B10/C0/D0/S0 (0.6%) | R182: 1. Raichu 2. Talonflame 3. Sharpedo 4. Primarina 5. Tinkaton | S182: 6. Starmie 7. Farigiraf 8. Kingambit 9. Abomasnow 10. Araquanid
A183: 182 | B183: Sandaconda | C183: 1. High Horsepower (69.7%) 2. Coil (65.1%) 3. Rock Slide (53.7%) 4. Minimize (49.7%) 5. Glare (49.7%) 6. Body Press (25.1%) 7. Iron Defense (22.3%) 8. Protect (17.1%) 9. Rock Tomb (12.6%) 10. Sandstorm (10.3%) | D183: 1. Bright Powder (53.1%) 2. Leftovers (26.3%) 3. Focus Sash (13.1%) | E183: 1. Sand Veil (75.4%) 2. Shed Skin (16%) 3. Sand Spit (8.6%) | F183: 1. Adamant +A -C (46.9%) 2. Careful +D -C (27.4%) 3. Impish +B -C (18.9%) 4. Jolly +S -C (6.9%) | G183: 1. Tyranitar 2. Staraptor 3. Corviknight 4. Torkoal 5. Typhlosion-Hisui 6. Sneasler 7. Sinistcha 8. Abomasnow 9. Mimikyu 10. Rotom-Wash | H183: 1. H32/A32/B2/C0/D0/S0 (42.3%) 2. H32/A0/B2/C0/D32/S0 (16.6%) 3. H2/A0/B32/C0/D32/S0 (7.4%) 4. H32/A0/B2/C0/D0/S32 (7.4%) 5. H32/A0/B0/C0/D32/S0 (6.9%) 6. H32/A2/B0/C0/D32/S0 (6.9%) 7. H0/A32/B2/C0/D32/S0 (4.6%) 8. H0/A32/B2/C0/D0/S32 (2.9%) 9. H32/A14/B0/C0/D20/S0 (1.7%) 10. H0/A2/B32/C0/D32/S0 (1.1%) | I183: No significant change this update | J183: 1. High Horsepower (69.7%) 2. Coil (65.1%) 3. Rock Slide (53.7%) 4. Minimize (49.7%) 5. Glare (49.7%) | K183: 6. Body Press (25.1%) 7. Iron Defense (22.3%) 8. Protect (17.1%) 9. Rock Tomb (12.6%) 10. Sandstorm (10.3%) | L183: 1. Bright Powder (53.1%) 2. Leftovers (26.3%) | M183: 3. Focus Sash (13.1%) | N183: 1. Adamant +A -C (46.9%) 2. Careful +D -C (27.4%) | O183: 3. Impish +B -C (18.9%) 4. Jolly +S -C (6.9%) | P183: 1. H32/A32/B2/C0/D0/S0 (42.3%) 2. H32/A0/B2/C0/D32/S0 (16.6%) 3. H2/A0/B32/C0/D32/S0 (7.4%) 4. H32/A0/B2/C0/D0/S32 (7.4%) 5. H32/A0/B0/C0/D32/S0 (6.9%) | Q183: 6. H32/A2/B0/C0/D32/S0 (6.9%) 7. H0/A32/B2/C0/D32/S0 (4.6%) 8. H0/A32/B2/C0/D0/S32 (2.9%) 9. H32/A14/B0/C0/D20/S0 (1.7%) 10. H0/A2/B32/C0/D32/S0 (1.1%) | R183: 1. Tyranitar 2. Staraptor 3. Corviknight 4. Torkoal 5. Typhlosion-Hisui | S183: 6. Sneasler 7. Sinistcha 8. Abomasnow 9. Mimikyu 10. Rotom-Wash
A184: 183 | B184: Manectric | C184: 1. Protect (79.1%) 2. Snarl (68.9%) 3. Volt Switch (53.4%) 4. Overheat (39.9%) 5. Thunder (31.8%) 6. Thunderbolt (25.7%) 7. Rain Dance (19.6%) 8. Flamethrower (19.6%) 9. Eerie Impulse (12.8%) 10. Rising Voltage (11.5%) | D184: 1. Manectite (57.4%) 2. Focus Sash (22.3%) 3. King's Rock (12.8%) 4. White Herb (2%) 5. Life Orb (2%) 6. Choice Scarf (2%) 7. Sitrus Berry (1.4%) | E184: 1. Lightning Rod (88.5%) 2. Minus (11.5%) | F184: 1. Timid +S -A (91.2%) 2. Modest +C -A (8.8%) | G184: 1. Primarina 2. Talonflame 3. Politoed 4. Tsareena 5. Archaludon 6. Sableye 7. Raichu 8. Whimsicott 9. Sneasler 10. Swampert | H184: 1. H2/A0/B0/C32/D0/S32 (42.6%) 2. H10/A0/B0/C26/D0/S30 (13.5%) 3. H0/A0/B1/C32/D1/S32 (11.5%) 4. H28/A0/B3/C3/D0/S32 (9.5%) 5. H32/A0/B0/C2/D0/S32 (8.1%) 6. H0/A0/B2/C32/D0/S32 (4.7%) 7. H25/A0/B0/C9/D0/S32 (2.7%) 8. H1/A1/B0/C31/D0/S32 (2%) 9. H32/A0/B1/C0/D1/S32 (2%) 10. H11/A0/B2/C10/D13/S30 (0.7%) | I184: No significant change this update | J184: 1. Protect (79.1%) 2. Snarl (68.9%) 3. Volt Switch (53.4%) 4. Overheat (39.9%) 5. Thunder (31.8%) | K184: 6. Thunderbolt (25.7%) 7. Rain Dance (19.6%) 8. Flamethrower (19.6%) 9. Eerie Impulse (12.8%) 10. Rising Voltage (11.5%) | L184: 1. Manectite (57.4%) 2. Focus Sash (22.3%) 3. King's Rock (12.8%) 4. White Herb (2%) | M184: 5. Life Orb (2%) 6. Choice Scarf (2%) 7. Sitrus Berry (1.4%) | N184: 1. Timid +S -A (91.2%) | O184: 2. Modest +C -A (8.8%) | P184: 1. H2/A0/B0/C32/D0/S32 (42.6%) 2. H10/A0/B0/C26/D0/S30 (13.5%) 3. H0/A0/B1/C32/D1/S32 (11.5%) 4. H28/A0/B3/C3/D0/S32 (9.5%) 5. H32/A0/B0/C2/D0/S32 (8.1%) | Q184: 6. H0/A0/B2/C32/D0/S32 (4.7%) 7. H25/A0/B0/C9/D0/S32 (2.7%) 8. H1/A1/B0/C31/D0/S32 (2%) 9. H32/A0/B1/C0/D1/S32 (2%) 10. H11/A0/B2/C10/D13/S30 (0.7%) | R184: 1. Primarina 2. Talonflame 3. Politoed 4. Tsareena 5. Archaludon | S184: 6. Sableye 7. Raichu 8. Whimsicott 9. Sneasler 10. Swampert
A185: 184 | B185: Simipour | C185: 1. Fake Out (66.3%) 2. Scald (53.1%) 3. Waterfall (33.8%) 4. Rock Slide (33.8%) 5. Superpower (33.8%) 6. Grass Knot (33.8%) 7. Ice Beam (33.8%) 8. Ice Punch (33.8%) 9. Flip Turn (21.9%) 10. Icy Wind (21.3%) | D185: 1. Sitrus Berry (34.4%) 2. Choice Scarf (23.1%) 3. White Herb (10%) 4. Quick Claw (6.9%) 5. Focus Sash (3.8%) 6. King's Rock (0.6%) | E185: 1. Torrent (55.6%) 2. Gluttony (44.4%) | F185: 1. Timid +S -A (34.4%) 2. Jolly +S -C (34.4%) 3. Hasty +S -B (21.3%) 4. Naive +S -D (10%) | G185: 1. Blastoise 2. Eelektross 3. Swampert 4. Pelipper 5. Vivillon 6. Typhlosion-Hisui 7. Torkoal 8. Talonflame 9. Tsareena 10. Sableye | H185: 1. H1/A0/B0/C32/D1/S32 (33.8%) 2. H2/A32/B0/C0/D0/S32 (33.8%) 3. H0/A2/B0/C32/D0/S32 (21.3%) 4. H0/A32/B0/C0/D0/S32 (10%) 5. H1/A32/B0/C0/D1/S32 (0.6%) 6. H32/A0/B0/C2/D0/S32 (0.6%) | I185: No significant change this update | J185: 1. Fake Out (66.3%) 2. Scald (53.1%) 3. Waterfall (33.8%) 4. Rock Slide (33.8%) 5. Superpower (33.8%) | K185: 6. Grass Knot (33.8%) 7. Ice Beam (33.8%) 8. Ice Punch (33.8%) 9. Flip Turn (21.9%) 10. Icy Wind (21.3%) | L185: 1. Sitrus Berry (34.4%) 2. Choice Scarf (23.1%) 3. White Herb (10%) | M185: 4. Quick Claw (6.9%) 5. Focus Sash (3.8%) 6. King's Rock (0.6%) | N185: 1. Timid +S -A (34.4%) 2. Jolly +S -C (34.4%) | O185: 3. Hasty +S -B (21.3%) 4. Naive +S -D (10%) | P185: 1. H1/A0/B0/C32/D1/S32 (33.8%) 2. H2/A32/B0/C0/D0/S32 (33.8%) 3. H0/A2/B0/C32/D0/S32 (21.3%) | Q185: 4. H0/A32/B0/C0/D0/S32 (10%) 5. H1/A32/B0/C0/D1/S32 (0.6%) 6. H32/A0/B0/C2/D0/S32 (0.6%) | R185: 1. Blastoise 2. Eelektross 3. Swampert 4. Pelipper 5. Vivillon | S185: 6. Typhlosion-Hisui 7. Torkoal 8. Talonflame 9. Tsareena 10. Sableye
A186: 185 | B186: Torterra | C186: 1. Protect (52.6%) 2. Wide Guard (51.8%) 3. Wood Hammer (48.2%) 4. Headlong Rush (38.7%) 5. Leech Seed (29.9%) 6. Shell Smash (26.3%) 7. Body Press (26.3%) 8. Rock Slide (24.1%) 9. Iron Defense (21.2%) 10. Giga Drain (10.2%) | D186: 1. Leftovers (26.3%) 2. Life Orb (24.8%) 3. Focus Sash (15.3%) 4. White Herb (10.9%) 5. Sitrus Berry (10.2%) 6. Zoom Lens (8.8%) 7. Iron Ball (2.2%) 8. Bright Powder (1.5%) | E186: 1. Shell Armor (64.2%) 2. Overgrow (35.8%) | F186: 1. Brave +A -S (26.3%) 2. Impish +B -C (24.8%) 3. Adamant +A -C (20.4%) 4. Sassy +D -S (10.9%) 5. Timid +S -A (10.2%) 6. Relaxed +B -S (4.4%) 7. Jolly +S -C (2.9%) | G186: 1. Incineroar 2. Sylveon 3. Farigiraf 4. Torkoal 5. Scrafty 6. Kingambit 7. Basculegion 8. Sableye 9. Tyranitar 10. Raichu | H186: 1. H32/A32/B0/C0/D2/S0 (21.9%) 2. H31/A0/B6/C0/D29/S0 (21.2%) 3. H1/A0/B0/C32/D0/S32 (10.2%) 4. H32/A0/B17/C0/D17/S0 (8.8%) 5. H29/A8/B4/C0/D21/S4 (5.8%) 6. H2/A32/B32/C0/D0/S0 (4.4%) 7. H10/A31/B0/C0/D0/S25 (3.6%) 8. H0/A32/B15/C0/D19/S0 (2.9%) 9. H24/A0/B32/C0/D10/S0 (2.9%) 10. H2/A32/B0/C0/D32/S0 (2.2%) | I186: No significant change this update | J186: 1. Protect (52.6%) 2. Wide Guard (51.8%) 3. Wood Hammer (48.2%) 4. Headlong Rush (38.7%) 5. Leech Seed (29.9%) | K186: 6. Shell Smash (26.3%) 7. Body Press (26.3%) 8. Rock Slide (24.1%) 9. Iron Defense (21.2%) 10. Giga Drain (10.2%) | L186: 1. Leftovers (26.3%) 2. Life Orb (24.8%) 3. Focus Sash (15.3%) 4. White Herb (10.9%) | M186: 5. Sitrus Berry (10.2%) 6. Zoom Lens (8.8%) 7. Iron Ball (2.2%) 8. Bright Powder (1.5%) | N186: 1. Brave +A -S (26.3%) 2. Impish +B -C (24.8%) 3. Adamant +A -C (20.4%) 4. Sassy +D -S (10.9%) | O186: 5. Timid +S -A (10.2%) 6. Relaxed +B -S (4.4%) 7. Jolly +S -C (2.9%) | P186: 1. H32/A32/B0/C0/D2/S0 (21.9%) 2. H31/A0/B6/C0/D29/S0 (21.2%) 3. H1/A0/B0/C32/D0/S32 (10.2%) 4. H32/A0/B17/C0/D17/S0 (8.8%) 5. H29/A8/B4/C0/D21/S4 (5.8%) | Q186: 6. H2/A32/B32/C0/D0/S0 (4.4%) 7. H10/A31/B0/C0/D0/S25 (3.6%) 8. H0/A32/B15/C0/D19/S0 (2.9%) 9. H24/A0/B32/C0/D10/S0 (2.9%) 10. H2/A32/B0/C0/D32/S0 (2.2%) | R186: 1. Incineroar 2. Sylveon 3. Farigiraf 4. Torkoal 5. Scrafty | S186: 6. Kingambit 7. Basculegion 8. Sableye 9. Tyranitar 10. Raichu
A187: 186 | B187: Rampardos | C187: 1. Rock Slide (99.3%) 2. Protect (76.9%) 3. Iron Head (54.5%) 4. Fire Punch (42.5%) 5. Head Smash (19.4%) 6. Ice Beam (19.4%) 7. Hammer Arm (18.7%) 8. Superpower (16.4%) 9. Earthquake (14.2%) 10. Double-Edge (11.9%) | D187: 1. Life Orb (65.7%) 2. Muscle Band (14.2%) 3. Focus Sash (12.7%) | E187: 1. Sheer Force (99.3%) 2. Mold Breaker (0.7%) | F187: 1. Brave +A -S (69.4%) 2. Lonely +A -B (18.7%) 3. Adamant +A -C (8.2%) 4. Jolly +S -C (3.7%) | G187: 1. Farigiraf 2. Incineroar 3. Sylveon 4. Torkoal 5. Oranguru 6. Sinistcha 7. Lopunny 8. Tsareena 9. Abomasnow 10. Blastoise | H187: 1. H27/A32/B0/C0/D0/S7 (18.7%) 2. H32/A32/B0/C0/D2/S0 (16.4%) 3. H32/A32/B2/C0/D0/S0 (14.2%) 4. H2/A32/B0/C0/D32/S0 (11.9%) 5. H32/A32/B0/C0/D0/S0 (9%) 6. H29/A32/B5/C0/D0/S0 (6.7%) 7. H26/A32/B0/C0/D8/S0 (6%) 8. H0/A32/B0/C0/D32/S0 (4.5%) 9. H1/A25/B15/C0/D25/S0 (4.5%) 10. H8/A16/B0/C0/D10/S32 (3.7%) | I187: No significant change this update | J187: 1. Rock Slide (99.3%) 2. Protect (76.9%) 3. Iron Head (54.5%) 4. Fire Punch (42.5%) 5. Head Smash (19.4%) | K187: 6. Ice Beam (19.4%) 7. Hammer Arm (18.7%) 8. Superpower (16.4%) 9. Earthquake (14.2%) 10. Double-Edge (11.9%) | L187: 1. Life Orb (65.7%) 2. Muscle Band (14.2%) | M187: 3. Focus Sash (12.7%) | N187: 1. Brave +A -S (69.4%) 2. Lonely +A -B (18.7%) | O187: 3. Adamant +A -C (8.2%) 4. Jolly +S -C (3.7%) | P187: 1. H27/A32/B0/C0/D0/S7 (18.7%) 2. H32/A32/B0/C0/D2/S0 (16.4%) 3. H32/A32/B2/C0/D0/S0 (14.2%) 4. H2/A32/B0/C0/D32/S0 (11.9%) 5. H32/A32/B0/C0/D0/S0 (9%) | Q187: 6. H29/A32/B5/C0/D0/S0 (6.7%) 7. H26/A32/B0/C0/D8/S0 (6%) 8. H0/A32/B0/C0/D32/S0 (4.5%) 9. H1/A25/B15/C0/D25/S0 (4.5%) 10. H8/A16/B0/C0/D10/S32 (3.7%) | R187: 1. Farigiraf 2. Incineroar 3. Sylveon 4. Torkoal 5. Oranguru | S187: 6. Sinistcha 7. Lopunny 8. Tsareena 9. Abomasnow 10. Blastoise
A188: 187 | B188: Musharna | C188: 1. Trick Room (96.2%) 2. Moonblast (55%) 3. Hypnosis (54.2%) 4. Helping Hand (45.8%) 5. Expanding Force (37.4%) 6. Protect (36.6%) 7. Psychic (27.5%) 8. Psychic Terrain (12.2%) 9. Moonlight (7.6%) 10. Imprison (7.6%) | D188: 1. Sitrus Berry (29%) 2. Kasib Berry (22.1%) 3. Twisted Spoon (7.6%) 4. Leftovers (6.9%) 5. Mental Herb (4.6%) 6. Colbur Berry (3.8%) | E188: 1. Telepathy (94.7%) 2. Forewarn (4.6%) 3. Synchronize (0.8%) | F188: 1. Calm +D -A (30.5%) 2. Quiet +C -S (29%) 3. Relaxed +B -S (20.6%) 4. Bold +B -A (16.8%) 5. Modest +C -A (1.5%) 6. Sassy +D -S (1.5%) | G188: 1. Sableye 2. Aerodactyl 3. Torkoal 4. Blastoise 5. Flareon 6. Meganium 7. Simipour 8. Sylveon 9. Mudsdale 10. Eelektross | H188: 1. H16/A0/B12/C32/D5/S0 (26%) 2. H32/A0/B14/C2/D18/S0 (19.8%) 3. H32/A0/B15/C0/D19/S0 (14.5%) 4. H29/A0/B25/C0/D12/S0 (12.2%) 5. H0/A0/B32/C32/D2/S0 (7.6%) 6. H13/A0/B25/C0/D28/S0 (3.8%) 7. H26/A0/B25/C0/D15/S0 (3.1%) 8. H32/A0/B2/C32/D0/S0 (2.3%) 9. H32/A0/B16/C0/D18/S0 (2.3%) 10. H32/A0/B19/C4/D11/S0 (2.3%) | I188: No significant change this update | J188: 1. Trick Room (96.2%) 2. Moonblast (55%) 3. Hypnosis (54.2%) 4. Helping Hand (45.8%) 5. Expanding Force (37.4%) | K188: 6. Protect (36.6%) 7. Psychic (27.5%) 8. Psychic Terrain (12.2%) 9. Moonlight (7.6%) 10. Imprison (7.6%) | L188: 1. Sitrus Berry (29%) 2. Kasib Berry (22.1%) 3. Twisted Spoon (7.6%) | M188: 4. Leftovers (6.9%) 5. Mental Herb (4.6%) 6. Colbur Berry (3.8%) | N188: 1. Calm +D -A (30.5%) 2. Quiet +C -S (29%) 3. Relaxed +B -S (20.6%) | O188: 4. Bold +B -A (16.8%) 5. Modest +C -A (1.5%) 6. Sassy +D -S (1.5%) | P188: 1. H16/A0/B12/C32/D5/S0 (26%) 2. H32/A0/B14/C2/D18/S0 (19.8%) 3. H32/A0/B15/C0/D19/S0 (14.5%) 4. H29/A0/B25/C0/D12/S0 (12.2%) 5. H0/A0/B32/C32/D2/S0 (7.6%) | Q188: 6. H13/A0/B25/C0/D28/S0 (3.8%) 7. H26/A0/B25/C0/D15/S0 (3.1%) 8. H32/A0/B2/C32/D0/S0 (2.3%) 9. H32/A0/B16/C0/D18/S0 (2.3%) 10. H32/A0/B19/C4/D11/S0 (2.3%) | R188: 1. Sableye 2. Aerodactyl 3. Torkoal 4. Blastoise 5. Flareon | S188: 6. Meganium 7. Simipour 8. Sylveon 9. Mudsdale 10. Eelektross
A189: 188 | B189: Leafeon | C189: 1. Detect (89.3%) 2. Leaf Blade (83.5%) 3. Aerial Ace (42.1%) 4. Dig (42.1%) 5. Knock Off (36.4%) 6. X-Scissor (25.6%) 7. Solar Blade (23.1%) 8. Swords Dance (11.6%) 9. Rain Dance (6.6%) 10. Helping Hand (6.6%) | D189: 1. Miracle Seed (45.5%) 2. Expert Belt (42.1%) 3. Scope Lens (6.6%) 4. Black Glasses (3.3%) 5. Sitrus Berry (0.8%) 6. Yache Berry (0.8%) 7. Life Orb (0.8%) | E189: 1. Chlorophyll (100%) | F189: 1. Adamant +A -C (47.9%) 2. Jolly +S -C (47.1%) 3. Impish +B -C (4.1%) 4. Careful +D -C (0.8%) | G189: 1. Whimsicott 2. Metagross 3. Lycanroc-Dusk 4. Tyranitar 5. Torkoal 6. Clawitzer 7. Sneasler 8. Charizard 9. Houndoom 10. Jolteon | H189: 1. H2/A32/B0/C0/D0/S32 (56.2%) 2. H0/A32/B2/C0/D0/S32 (20.7%) 3. H32/A32/B2/C0/D0/S0 (6.6%) 4. H0/A32/B22/C0/D0/S12 (4.1%) 5. H22/A32/B2/C0/D10/S0 (4.1%) 6. H19/A32/B0/C0/D0/S15 (3.3%) 7. H32/A32/B0/C0/D0/S2 (1.7%) 8. H3/A32/B11/C0/D7/S13 (0.8%) 9. H16/A16/B0/C0/D25/S9 (0.8%) 10. H23/A32/B0/C0/D11/S0 (0.8%) | I189: No significant change this update | J189: 1. Detect (89.3%) 2. Leaf Blade (83.5%) 3. Aerial Ace (42.1%) 4. Dig (42.1%) 5. Knock Off (36.4%) | K189: 6. X-Scissor (25.6%) 7. Solar Blade (23.1%) 8. Swords Dance (11.6%) 9. Rain Dance (6.6%) 10. Helping Hand (6.6%) | L189: 1. Miracle Seed (45.5%) 2. Expert Belt (42.1%) 3. Scope Lens (6.6%) 4. Black Glasses (3.3%) | M189: 5. Sitrus Berry (0.8%) 6. Yache Berry (0.8%) 7. Life Orb (0.8%) | N189: 1. Adamant +A -C (47.9%) 2. Jolly +S -C (47.1%) | O189: 3. Impish +B -C (4.1%) 4. Careful +D -C (0.8%) | P189: 1. H2/A32/B0/C0/D0/S32 (56.2%) 2. H0/A32/B2/C0/D0/S32 (20.7%) 3. H32/A32/B2/C0/D0/S0 (6.6%) 4. H0/A32/B22/C0/D0/S12 (4.1%) 5. H22/A32/B2/C0/D10/S0 (4.1%) | Q189: 6. H19/A32/B0/C0/D0/S15 (3.3%) 7. H32/A32/B0/C0/D0/S2 (1.7%) 8. H3/A32/B11/C0/D7/S13 (0.8%) 9. H16/A16/B0/C0/D25/S9 (0.8%) 10. H23/A32/B0/C0/D11/S0 (0.8%) | R189: 1. Whimsicott 2. Metagross 3. Lycanroc-Dusk 4. Tyranitar 5. Torkoal | S189: 6. Clawitzer 7. Sneasler 8. Charizard 9. Houndoom 10. Jolteon
A190: 189 | B190: Trevenant | C190: 1. Trick Room (76.4%) 2. Wood Hammer (61.8%) 3. Poltergeist (46.3%) 4. Will-O-Wisp (40.7%) 5. Protect (36.6%) 6. Forest's Curse (35.8%) 7. Ally Switch (31.7%) 8. Horn Leech (27.6%) 9. Sunny Day (11.4%) 10. Curse (6.5%) | D190: 1. Sitrus Berry (69.1%) 2. Iron Ball (13.8%) 3. Colbur Berry (8.1%) 4. Focus Sash (3.3%) 5. Spell Tag (2.4%) 6. Mental Herb (1.6%) 7. Lum Berry (0.8%) 8. Occa Berry (0.8%) | E190: 1. Harvest (73.2%) 2. Frisk (26.8%) | F190: 1. Brave +A -S (33.3%) 2. Impish +B -C (22%) 3. Sassy +D -S (13.8%) 4. Relaxed +B -S (13.8%) 5. Careful +D -C (13%) 6. Adamant +A -C (4.1%) | G190: 1. Torkoal 2. Incineroar 3. Mawile 4. Tyranitar 5. Houndstone 6. Charizard 7. Sneasler 8. Pelipper 9. Farigiraf 10. Grimmsnarl | H190: 1. H32/A32/B2/C0/D0/S0 (14.6%) 2. H24/A0/B24/C0/D18/S0 (13.8%) 3. H32/A0/B15/C0/D19/S0 (13%) 4. H32/A0/B24/C0/D10/S0 (11.4%) 5. H32/A10/B15/C0/D9/S0 (9.8%) 6. H31/A3/B14/C0/D18/S0 (8.1%) 7. H32/A0/B5/C0/D29/S0 (8.1%) 8. H32/A0/B16/C0/D18/S0 (5.7%) 9. H32/A32/B0/C0/D2/S0 (4.9%) 10. H2/A32/B32/C0/D0/S0 (4.1%) | I190: No significant change this update | J190: 1. Trick Room (76.4%) 2. Wood Hammer (61.8%) 3. Poltergeist (46.3%) 4. Will-O-Wisp (40.7%) 5. Protect (36.6%) | K190: 6. Forest's Curse (35.8%) 7. Ally Switch (31.7%) 8. Horn Leech (27.6%) 9. Sunny Day (11.4%) 10. Curse (6.5%) | L190: 1. Sitrus Berry (69.1%) 2. Iron Ball (13.8%) 3. Colbur Berry (8.1%) 4. Focus Sash (3.3%) | M190: 5. Spell Tag (2.4%) 6. Mental Herb (1.6%) 7. Lum Berry (0.8%) 8. Occa Berry (0.8%) | N190: 1. Brave +A -S (33.3%) 2. Impish +B -C (22%) 3. Sassy +D -S (13.8%) | O190: 4. Relaxed +B -S (13.8%) 5. Careful +D -C (13%) 6. Adamant +A -C (4.1%) | P190: 1. H32/A32/B2/C0/D0/S0 (14.6%) 2. H24/A0/B24/C0/D18/S0 (13.8%) 3. H32/A0/B15/C0/D19/S0 (13%) 4. H32/A0/B24/C0/D10/S0 (11.4%) 5. H32/A10/B15/C0/D9/S0 (9.8%) | Q190: 6. H31/A3/B14/C0/D18/S0 (8.1%) 7. H32/A0/B5/C0/D29/S0 (8.1%) 8. H32/A0/B16/C0/D18/S0 (5.7%) 9. H32/A32/B0/C0/D2/S0 (4.9%) 10. H2/A32/B32/C0/D0/S0 (4.1%) | R190: 1. Torkoal 2. Incineroar 3. Mawile 4. Tyranitar 5. Houndstone | S190: 6. Charizard 7. Sneasler 8. Pelipper 9. Farigiraf 10. Grimmsnarl
A191: 190 | B191: Goodra | C191: 1. Ice Beam (70%) 2. Protect (50.8%) 3. Draco Meteor (48.3%) 4. Flamethrower (44.2%) 5. Thunderbolt (36.7%) 6. Giga Drain (31.7%) 7. Weather Ball (25%) 8. Feint (18.3%) 9. Thunder (13.3%) 10. Life Dew (10%) | D191: 1. Haban Berry (43.3%) 2. Choice Scarf (26.7%) 3. Leftovers (14.2%) 4. White Herb (10.8%) 5. Sitrus Berry (2.5%) 6. Shell Bell (1.7%) 7. Zoom Lens (0.8%) | E191: 1. Sap Sipper (71.7%) 2. Hydration (19.2%) 3. Gooey (9.2%) | F191: 1. Modest +C -A (57.5%) 2. Quiet +C -S (21.7%) 3. Bold +B -A (9.2%) 4. Sassy +D -S (5.8%) 5. Lonely +A -B (1.7%) 6. Relaxed +B -S (1.7%) 7. Impish +B -C (1.7%) 8. Adamant +A -C (0.8%) | G191: 1. Sylveon 2. Oranguru 3. Scizor 4. Lucario 5. Sharpedo 6. Tyranitar 7. Grimmsnarl 8. Corviknight 9. Glimmora 10. Houndstone | H191: 1. H6/A0/B8/C32/D0/S20 (25%) 2. H32/A0/B2/C32/D0/S0 (24.2%) 3. H32/A0/B0/C32/D2/S0 (19.2%) 4. H0/A0/B0/C32/D32/S0 (9.2%) 5. H32/A0/B22/C0/D12/S0 (5.8%) 6. H32/A0/B23/C11/D0/S0 (4.2%) 7. H32/A0/B32/C2/D0/S0 (2.5%) 8. H0/A32/B2/C0/D0/S32 (1.7%) 9. H25/A0/B11/C30/D0/S0 (1.7%) 10. H32/A11/B23/C0/D0/S0 (1.7%) | I191: No significant change this update | J191: 1. Ice Beam (70%) 2. Protect (50.8%) 3. Draco Meteor (48.3%) 4. Flamethrower (44.2%) 5. Thunderbolt (36.7%) | K191: 6. Giga Drain (31.7%) 7. Weather Ball (25%) 8. Feint (18.3%) 9. Thunder (13.3%) 10. Life Dew (10%) | L191: 1. Haban Berry (43.3%) 2. Choice Scarf (26.7%) 3. Leftovers (14.2%) 4. White Herb (10.8%) | M191: 5. Sitrus Berry (2.5%) 6. Shell Bell (1.7%) 7. Zoom Lens (0.8%) | N191: 1. Modest +C -A (57.5%) 2. Quiet +C -S (21.7%) 3. Bold +B -A (9.2%) 4. Sassy +D -S (5.8%) | O191: 5. Lonely +A -B (1.7%) 6. Relaxed +B -S (1.7%) 7. Impish +B -C (1.7%) 8. Adamant +A -C (0.8%) | P191: 1. H6/A0/B8/C32/D0/S20 (25%) 2. H32/A0/B2/C32/D0/S0 (24.2%) 3. H32/A0/B0/C32/D2/S0 (19.2%) 4. H0/A0/B0/C32/D32/S0 (9.2%) 5. H32/A0/B22/C0/D12/S0 (5.8%) | Q191: 6. H32/A0/B23/C11/D0/S0 (4.2%) 7. H32/A0/B32/C2/D0/S0 (2.5%) 8. H0/A32/B2/C0/D0/S32 (1.7%) 9. H25/A0/B11/C30/D0/S0 (1.7%) 10. H32/A11/B23/C0/D0/S0 (1.7%) | R191: 1. Sylveon 2. Oranguru 3. Scizor 4. Lucario 5. Sharpedo | S191: 6. Tyranitar 7. Grimmsnarl 8. Corviknight 9. Glimmora 10. Houndstone
