Workbook

Sheet 检索
A1: 宝可梦检索（单 / 双 对照） | AB1: 烈咬陆鲨
A2: 输入中文名 → | B2: 烈咬陆鲨 | AB2: 谜拟丘
AB3: 巨金怪
A4: 项目 | B4: 单打 | I4: 双打 | AB4: 铝钢桥龙
A5: 排名 | B5: =IFERROR(INDEX('单打'!A:A,MATCH($B$2,'单打'!$B:$B,0)),"—") | I5: =IFERROR(INDEX('双打'!A:A,MATCH($B$2,'双打'!$B:$B,0)),"—") | AB5: 河马兽
A6: 英文名 | B6: =IFERROR(INDEX('单打'!C:C,MATCH($B$2,'单打'!$B:$B,0)),"—") | I6: =IFERROR(INDEX('双打'!C:C,MATCH($B$2,'双打'!$B:$B,0)),"—") | AB6: 西狮海壬
A7: 招式 | B7: =IFERROR(INDEX('单打'!K:K,MATCH($B$2,'单打'!$B:$B,0)),"—") | E7: =IFERROR(INDEX('单打'!L:L,MATCH($B$2,'单打'!$B:$B,0)),"—") | I7: =IFERROR(INDEX('双打'!K:K,MATCH($B$2,'双打'!$B:$B,0)),"—") | L7: =IFERROR(INDEX('双打'!L:L,MATCH($B$2,'双打'!$B:$B,0)),"—") | AB7: 魔幻假面喵
A8: 道具 | B8: =IFERROR(INDEX('单打'!M:M,MATCH($B$2,'单打'!$B:$B,0)),"—") | E8: =IFERROR(INDEX('单打'!N:N,MATCH($B$2,'单打'!$B:$B,0)),"—") | I8: =IFERROR(INDEX('双打'!M:M,MATCH($B$2,'双打'!$B:$B,0)),"—") | L8: =IFERROR(INDEX('双打'!N:N,MATCH($B$2,'双打'!$B:$B,0)),"—") | AB8: 暴鲤龙
A9: 特性 | B9: =IFERROR(INDEX('单打'!F:F,MATCH($B$2,'单打'!$B:$B,0)),"—") | I9: =IFERROR(INDEX('双打'!F:F,MATCH($B$2,'双打'!$B:$B,0)),"—") | AB9: 妖火红狐
A10: 性格 | B10: =IFERROR(INDEX('单打'!O:O,MATCH($B$2,'单打'!$B:$B,0)),"—") | E10: =IFERROR(INDEX('单打'!P:P,MATCH($B$2,'单打'!$B:$B,0)),"—") | I10: =IFERROR(INDEX('双打'!O:O,MATCH($B$2,'双打'!$B:$B,0)),"—") | L10: =IFERROR(INDEX('双打'!P:P,MATCH($B$2,'双打'!$B:$B,0)),"—") | AB10: 火焰鸡
A11: 努力值 | B11: =IFERROR(INDEX('单打'!Q:Q,MATCH($B$2,'单打'!$B:$B,0)),"—") | E11: =IFERROR(INDEX('单打'!R:R,MATCH($B$2,'单打'!$B:$B,0)),"—") | I11: =IFERROR(INDEX('双打'!Q:Q,MATCH($B$2,'双打'!$B:$B,0)),"—") | L11: =IFERROR(INDEX('双打'!R:R,MATCH($B$2,'双打'!$B:$B,0)),"—") | AB11: 喷火龙
A12: 队友 | B12: =IFERROR(INDEX('单打'!S:S,MATCH($B$2,'单打'!$B:$B,0)),"—") | E12: =IFERROR(INDEX('单打'!T:T,MATCH($B$2,'单打'!$B:$B,0)),"—") | I12: =IFERROR(INDEX('双打'!S:S,MATCH($B$2,'双打'!$B:$B,0)),"—") | L12: =IFERROR(INDEX('双打'!T:T,MATCH($B$2,'双打'!$B:$B,0)),"—") | AB12: 三首恶龙
A13: 本期变化 | B13: =IFERROR(INDEX('单打'!J:J,MATCH($B$2,'单打'!$B:$B,0)),"—") | I13: =IFERROR(INDEX('双打'!J:J,MATCH($B$2,'双打'!$B:$B,0)),"—") | AB13: 甲贺忍蛙
AB14: 钢铠鸦
AB15: 快龙
AB16: 九尾（阿罗拉）
AB17: 耿鬼
AB18: 晶光花
AB19: 幽尾玄鱼
AB20: 清洗洛托姆
AB21: 大剑鬼（洗翠）
AB22: 雷丘
AB23: 巨钳螳螂
AB24: 宝石海星
AB25: 骨纹巨声鳄
... AB235: 步哨鼠

Sheet 单打
A1: 排名 | B1: 中文名 | C1: 英文名 | D1: 招式 | E1: 道具 | F1: 特性 | G1: 性格 | H1: 队友 | I1: 努力值 | J1: 本期变化 | K1: 招式·1 | L1: 招式·2 | M1: 道具·1 | N1: 道具·2 | O1: 性格·1 | P1: 性格·2 | Q1: 努力值·1 | R1: 努力值·2 | S1: 队友·1 | T1: 队友·2
A2: 1 | B2: 烈咬陆鲨 | C2: Garchomp | D2: 1. 地震 (99.5%) 2. 隐形岩 (48.3%) 3. 鳞射 (40%) 4. 逆鳞 (35.2%) 5. 岩石封锁 (30.3%) 6. 剑舞 (28.6%) 7. 龙尾 (28.1%) 8. 撒菱 (18.3%) 9. 岩崩 (17%) 10. 毒击 (13.8%) | E2: 1. 气势披带 (38.1%) 2. 文柚果 (23.2%) 3. 讲究围巾 (21.6%) 4. 木子果 (9.2%) 5. 生命宝珠 (3.3%) 6. 烈咬陆鲨进化石 (0.9%) 7. 吃剩的东西 (0.9%) 8. 番荔果 (0.6%) 9. 莓榴果 (0.5%) 10. 光粉 (0.3%) | F2: 1. 粗糙皮肤 (99.4%) 2. 沙隐 (0.6%) | G2: 1. 爽朗 +S -C (49.2%) 2. 固执 +A -C (28.9%) 3. 淘气 +B -C (18.7%) 4. 慎重 +D -C (1.7%) 5. 天真 +S -D (0.4%) 6. 大胆 +B -A (0.2%) 7. 顽皮 +A -D (0.2%) 8. 急躁 +S -B (0.2%) 9. 内敛 +C -A (0.1%) 10. 勇敢 +A -S (0.1%) | H2: 1. 谜拟丘 2. 西狮海壬 3. 巨金怪 4. 铝钢桥龙 5. 魔幻假面喵 6. 暴鲤龙 7. 喷火龙 8. 妖火红狐 9. 火焰鸡 10. 甲贺忍蛙 | I2: 1. H2/A32/B0/C0/D0/S32 (49.3%) 2. H0/A32/B2/C0/D0/S32 (9.5%) 3. H0/A32/B1/C0/D1/S32 (4.4%) 4. H32/A0/B32/C0/D0/S2 (3.6%) 5. H32/A0/B32/C0/D2/S0 (3.2%) 6. H0/A32/B0/C0/D2/S32 (2.7%) 7. H32/A0/B30/C0/D0/S4 (1.9%) 8. H0/A30/B4/C0/D0/S32 (1.1%) 9. H0/A32/B0/C0/D0/S32 (1.1%) 10. H32/A0/B25/C0/D0/S9 (1.1%) | J2: 本期无显著变化 | K2: 1. 地震 (99.5%) 2. 隐形岩 (48.3%) 3. 鳞射 (40%) 4. 逆鳞 (35.2%) 5. 岩石封锁 (30.3%) | L2: 6. 剑舞 (28.6%) 7. 龙尾 (28.1%) 8. 撒菱 (18.3%) 9. 岩崩 (17%) 10. 毒击 (13.8%) | M2: 1. 气势披带 (38.1%) 2. 文柚果 (23.2%) 3. 讲究围巾 (21.6%) 4. 木子果 (9.2%) 5. 生命宝珠 (3.3%) | N2: 6. 烈咬陆鲨进化石 (0.9%) 7. 吃剩的东西 (0.9%) 8. 番荔果 (0.6%) 9. 莓榴果 (0.5%) 10. 光粉 (0.3%) | O2: 1. 爽朗 +S -C (49.2%) 2. 固执 +A -C (28.9%) 3. 淘气 +B -C (18.7%) 4. 慎重 +D -C (1.7%) 5. 天真 +S -D (0.4%) | P2: 6. 大胆 +B -A (0.2%) 7. 顽皮 +A -D (0.2%) 8. 急躁 +S -B (0.2%) 9. 内敛 +C -A (0.1%) 10. 勇敢 +A -S (0.1%) | Q2: 1. H2/A32/B0/C0/D0/S32 (49.3%) 2. H0/A32/B2/C0/D0/S32 (9.5%) 3. H0/A32/B1/C0/D1/S32 (4.4%) 4. H32/A0/B32/C0/D0/S2 (3.6%) 5. H32/A0/B32/C0/D2/S0 (3.2%) | R2: 6. H0/A32/B0/C0/D2/S32 (2.7%) 7. H32/A0/B30/C0/D0/S4 (1.9%) 8. H0/A30/B4/C0/D0/S32 (1.1%) 9. H0/A32/B0/C0/D0/S32 (1.1%) 10. H32/A0/B25/C0/D0/S9 (1.1%) | S2: 1. 谜拟丘 2. 西狮海壬 3. 巨金怪 4. 铝钢桥龙 5. 魔幻假面喵 | T2: 6. 暴鲤龙 7. 喷火龙 8. 妖火红狐 9. 火焰鸡 10. 甲贺忍蛙
A3: 2 | B3: 谜拟丘 | C3: Mimikyu | D3: 1. 嬉闹 (98.3%) 2. 影子偷袭 (97.7%) 3. 剑舞 (85.3%) 4. 暗影爪 (68.8%) 5. 咒术 (13.2%) 6. 木槌 (12.4%) 7. 吸取拳 (8.3%) 8. 戏法空间 (7.3%) 9. 磷火 (1.7%) 10. 同命 (1.7%) | E3: 1. 生命宝珠 (86.3%) 2. 焦点镜 (4.5%) 3. 木子果 (2.9%) 4. 咒术之符 (2%) 5. 妖精之羽 (0.6%) 6. 广角镜 (0.5%) 7. 吃剩的东西 (0.5%) 8. 光粉 (0.5%) 9. 心灵香草 (0.4%) 10. 文柚果 (0.3%) | F3: 1. 画皮 (100%) | G3: 1. 固执 +A -C (81.9%) 2. 爽朗 +S -C (13.5%) 3. 勇敢 +A -S (2.5%) 4. 淘气 +B -C (0.4%) 5. 怕寂寞 +A -B (0.3%) 6. 悠闲 +B -S (0.3%) 7. 顽皮 +A -D (0.2%) 8. 慎重 +D -C (0.2%) 9. 自大 +D -S (0.2%) 10. 天真 +S -D (0.1%) | H3: 1. 烈咬陆鲨 2. 巨金怪 3. 铝钢桥龙 4. 河马兽 5. 西狮海壬 6. 甲贺忍蛙 7. 喷火龙 8. 暴鲤龙 9. 妖火红狐 10. 魔幻假面喵 | I3: 1. H1/A32/B1/C0/D0/S32 (24.8%) 2. H2/A32/B0/C0/D0/S32 (22.1%) 3. H29/A32/B5/C0/D0/S0 (5.2%) 4. H29/A26/B11/C0/D0/S0 (3.7%) 5. H0/A32/B2/C0/D0/S32 (3.6%) 6. H32/A32/B2/C0/D0/S0 (3.2%) 7. H1/A32/B0/C0/D1/S32 (2.3%) 8. H0/A32/B0/C0/D2/S32 (1.7%) 9. H29/A30/B7/C0/D0/S0 (1.5%) 10. H28/A30/B7/C0/D0/S1 (1.3%) | J3: 本期无显著变化 | K3: 1. 嬉闹 (98.3%) 2. 影子偷袭 (97.7%) 3. 剑舞 (85.3%) 4. 暗影爪 (68.8%) 5. 咒术 (13.2%) | L3: 6. 木槌 (12.4%) 7. 吸取拳 (8.3%) 8. 戏法空间 (7.3%) 9. 磷火 (1.7%) 10. 同命 (1.7%) | M3: 1. 生命宝珠 (86.3%) 2. 焦点镜 (4.5%) 3. 木子果 (2.9%) 4. 咒术之符 (2%) 5. 妖精之羽 (0.6%) | N3: 6. 广角镜 (0.5%) 7. 吃剩的东西 (0.5%) 8. 光粉 (0.5%) 9. 心灵香草 (0.4%) 10. 文柚果 (0.3%) | O3: 1. 固执 +A -C (81.9%) 2. 爽朗 +S -C (13.5%) 3. 勇敢 +A -S (2.5%) 4. 淘气 +B -C (0.4%) 5. 怕寂寞 +A -B (0.3%) | P3: 6. 悠闲 +B -S (0.3%) 7. 顽皮 +A -D (0.2%) 8. 慎重 +D -C (0.2%) 9. 自大 +D -S (0.2%) 10. 天真 +S -D (0.1%) | Q3: 1. H1/A32/B1/C0/D0/S32 (24.8%) 2. H2/A32/B0/C0/D0/S32 (22.1%) 3. H29/A32/B5/C0/D0/S0 (5.2%) 4. H29/A26/B11/C0/D0/S0 (3.7%) 5. H0/A32/B2/C0/D0/S32 (3.6%) | R3: 6. H32/A32/B2/C0/D0/S0 (3.2%) 7. H1/A32/B0/C0/D1/S32 (2.3%) 8. H0/A32/B0/C0/D2/S32 (1.7%) 9. H29/A30/B7/C0/D0/S0 (1.5%) 10. H28/A30/B7/C0/D0/S1 (1.3%) | S3: 1. 烈咬陆鲨 2. 巨金怪 3. 铝钢桥龙 4. 河马兽 5. 西狮海壬 | T3: 6. 甲贺忍蛙 7. 喷火龙 8. 暴鲤龙 9. 妖火红狐 10. 魔幻假面喵
A4: 3 | B4: 巨金怪 | C4: Metagross | D4: 1. 精神之牙 (95%) 2. 子弹拳 (91.4%) 3. 地震 (47.8%) 4. 冰冻拳 (42.7%) 5. 雷电拳 (28.9%) 6. 扑击 (24.7%) 7. 铁壁 (24.1%) 8. 臂锤 (13.5%) 9. 铁头 (7.2%) 10. 打草结 (7%) | E4: 1. 巨金怪进化石 (98.7%) 2. 生命宝珠 (0.2%) 3. 文柚果 (0.2%) 4. 腰木果 (0.1%) 5. 吃剩的东西 (0.1%) 6. 光之黏土 (0.1%) 7. 讲究围巾 (0.1%) 8. 木子果 (0.1%) 9. 达人带 (0.1%) 10. 气势披带 (0%) | F4: 1. 恒净之躯 (99.4%) 2. 轻金属 (0.6%) | G4: 1. 固执 +A -C (44.2%) 2. 爽朗 +S -C (35.8%) 3. 淘气 +B -C (18.3%) 4. 慎重 +D -C (0.5%) 5. 勇敢 +A -S (0.2%) 6. 天真 +S -D (0.2%) 7. 顽皮 +A -D (0.2%) 8. 大胆 +B -A (0.1%) 9. 怕寂寞 +A -B (0.1%) 10. 悠闲 +B -S (0.1%) | H4: 1. 西狮海壬 2. 谜拟丘 3. 烈咬陆鲨 4. 三首恶龙 5. 河马兽 6. 铝钢桥龙 7. 魔幻假面喵 8. 喷火龙 9. 快龙 10. 甲贺忍蛙 | I4: 1. H2/A32/B0/C0/D0/S32 (24.5%) 2. H10/A25/B0/C8/D0/S23 (5.1%) 3. H32/A0/B32/C0/D0/S2 (4.9%) 4. H20/A25/B1/C0/D1/S19 (3.7%) 5. H26/A32/B0/C0/D0/S8 (2.9%) 6. H32/A0/B30/C0/D0/S4 (2.6%) 7. H12/A22/B0/C0/D0/S32 (2.4%) 8. H16/A25/B0/C0/D0/S25 (2.4%) 9. H32/A32/B0/C0/D0/S2 (2%) 10. H22/A32/B3/C0/D0/S9 (1.7%) | J4: 本期无显著变化 | K4: 1. 精神之牙 (95%) 2. 子弹拳 (91.4%) 3. 地震 (47.8%) 4. 冰冻拳 (42.7%) 5. 雷电拳 (28.9%) | L4: 6. 扑击 (24.7%) 7. 铁壁 (24.1%) 8. 臂锤 (13.5%) 9. 铁头 (7.2%) 10. 打草结 (7%) | M4: 1. 巨金怪进化石 (98.7%) 2. 生命宝珠 (0.2%) 3. 文柚果 (0.2%) 4. 腰木果 (0.1%) 5. 吃剩的东西 (0.1%) | N4: 6. 光之黏土 (0.1%) 7. 讲究围巾 (0.1%) 8. 木子果 (0.1%) 9. 达人带 (0.1%) 10. 气势披带 (0%) | O4: 1. 固执 +A -C (44.2%) 2. 爽朗 +S -C (35.8%) 3. 淘气 +B -C (18.3%) 4. 慎重 +D -C (0.5%) 5. 勇敢 +A -S (0.2%) | P4: 6. 天真 +S -D (0.2%) 7. 顽皮 +A -D (0.2%) 8. 大胆 +B -A (0.1%) 9. 怕寂寞 +A -B (0.1%) 10. 悠闲 +B -S (0.1%) | Q4: 1. H2/A32/B0/C0/D0/S32 (24.5%) 2. H10/A25/B0/C8/D0/S23 (5.1%) 3. H32/A0/B32/C0/D0/S2 (4.9%) 4. H20/A25/B1/C0/D1/S19 (3.7%) 5. H26/A32/B0/C0/D0/S8 (2.9%) | R4: 6. H32/A0/B30/C0/D0/S4 (2.6%) 7. H12/A22/B0/C0/D0/S32 (2.4%) 8. H16/A25/B0/C0/D0/S25 (2.4%) 9. H32/A32/B0/C0/D0/S2 (2%) 10. H22/A32/B3/C0/D0/S9 (1.7%) | S4: 1. 西狮海壬 2. 谜拟丘 3. 烈咬陆鲨 4. 三首恶龙 5. 河马兽 | T4: 6. 铝钢桥龙 7. 魔幻假面喵 8. 喷火龙 9. 快龙 10. 甲贺忍蛙
A5: 4 | B5: 铝钢桥龙 | C5: Archaludon | D5: 1. 加农光炮 (75.4%) 2. 流星群 (72.3%) 3. 十万伏特 (62%) 4. 隐形岩 (38.1%) 5. 镜面反射 (20.2%) 6. 恶之波动 (18.1%) 7. 波导弹 (18%) 8. 吼叫 (16.1%) 9. 电光束 (16%) 10. 龙尾 (15.1%) | E5: 1. 文柚果 (30.9%) 2. 吃剩的东西 (20.7%) 3. 白色香草 (19.5%) 4. 讲究围巾 (14.5%) 5. 焦点镜 (5.8%) 6. 腰木果 (2%) 7. 零余果 (1%) 8. 龙之牙 (0.9%) 9. 达人带 (0.8%) 10. 莲蒲果 (0.6%) | F5: 1. 持久力 (67.6%) 2. 结实 (32.4%) 3. 坚毅 (0%) | G5: 1. 内敛 +C -A (42.8%) 2. 胆小 +S -A (17.6%) 3. 大胆 +B -A (16.7%) 4. 温和 +D -A (14.7%) 5. 淘气 +B -C (2.1%) 6. 悠闲 +B -S (1.7%) 7. 慎重 +D -C (1.4%) 8. 自大 +D -S (1.1%) 9. 冷静 +C -S (0.6%) 10. 马虎 +C -D (0.5%) | H5: 1. 谜拟丘 2. 烈咬陆鲨 3. 巨金怪 4. 河马兽 5. 西狮海壬 6. 暴鲤龙 7. 魔幻假面喵 8. 火焰鸡 9. 妖火红狐 10. 甲贺忍蛙 | I5: 1. H2/A0/B0/C32/D0/S32 (22.7%) 2. H32/A0/B2/C0/D32/S0 (9%) 3. H0/A0/B1/C32/D1/S32 (6.1%) 4. H32/A0/B0/C0/D32/S2 (4.9%) 5. H0/A0/B2/C32/D0/S32 (2.6%) 6. H32/A0/B0/C32/D0/S2 (2.3%) 7. H32/A0/B2/C32/D0/S0 (2.3%) 8. H32/A0/B0/C32/D2/S0 (2.2%) 9. H32/A0/B32/C0/D2/S0 (1.9%) 10. H0/A0/B0/C32/D2/S32 (1.6%) | J5: 本期无显著变化 | K5: 1. 加农光炮 (75.4%) 2. 流星群 (72.3%) 3. 十万伏特 (62%) 4. 隐形岩 (38.1%) 5. 镜面反射 (20.2%) | L5: 6. 恶之波动 (18.1%) 7. 波导弹 (18%) 8. 吼叫 (16.1%) 9. 电光束 (16%) 10. 龙尾 (15.1%) | M5: 1. 文柚果 (30.9%) 2. 吃剩的东西 (20.7%) 3. 白色香草 (19.5%) 4. 讲究围巾 (14.5%) 5. 焦点镜 (5.8%) | N5: 6. 腰木果 (2%) 7. 零余果 (1%) 8. 龙之牙 (0.9%) 9. 达人带 (0.8%) 10. 莲蒲果 (0.6%) | O5: 1. 内敛 +C -A (42.8%) 2. 胆小 +S -A (17.6%) 3. 大胆 +B -A (16.7%) 4. 温和 +D -A (14.7%) 5. 淘气 +B -C (2.1%) | P5: 6. 悠闲 +B -S (1.7%) 7. 慎重 +D -C (1.4%) 8. 自大 +D -S (1.1%) 9. 冷静 +C -S (0.6%) 10. 马虎 +C -D (0.5%) | Q5: 1. H2/A0/B0/C32/D0/S32 (22.7%) 2. H32/A0/B2/C0/D32/S0 (9%) 3. H0/A0/B1/C32/D1/S32 (6.1%) 4. H32/A0/B0/C0/D32/S2 (4.9%) 5. H0/A0/B2/C32/D0/S32 (2.6%) | R5: 6. H32/A0/B0/C32/D0/S2 (2.3%) 7. H32/A0/B2/C32/D0/S0 (2.3%) 8. H32/A0/B0/C32/D2/S0 (2.2%) 9. H32/A0/B32/C0/D2/S0 (1.9%) 10. H0/A0/B0/C32/D2/S32 (1.6%) | S5: 1. 谜拟丘 2. 烈咬陆鲨 3. 巨金怪 4. 河马兽 5. 西狮海壬 | T5: 6. 暴鲤龙 7. 魔幻假面喵 8. 火焰鸡 9. 妖火红狐 10. 甲贺忍蛙
A6: 5 | B6: 河马兽 | C6: Hippowdon | D6: 1. 地震 (98.6%) 2. 哈欠 (94.5%) 3. 隐形岩 (75.1%) 4. 偷懒 (65.3%) 5. 吹飞 (43%) 6. 守住 (15.6%) 7. 吼叫 (3.5%) 8. 岩石封锁 (0.9%) 9. 冰冻牙 (0.7%) 10. 地裂 (0.6%) | E6: 1. 文柚果 (59.5%) 2. 吃剩的东西 (38.3%) 3. 沙沙岩石 (0.5%) 4. 木子果 (0.3%) 5. 心灵香草 (0.3%) 6. 罗子果 (0.1%) 7. 生命宝珠 (0.1%) 8. 先制之爪 (0.1%) 9. 光粉 (0.1%) 10. 气势披带 (0.1%) | F6: 1. 扬沙 (99.8%) 2. 沙之力 (0.2%) | G6: 1. 淘气 +B -C (73.6%) 2. 慎重 +D -C (14.7%) 3. 悠闲 +B -S (7.7%) 4. 自大 +D -S (1.6%) 5. 大胆 +B -A (0.9%) 6. 固执 +A -C (0.8%) 7. 勇敢 +A -S (0.2%) 8. 温和 +D -A (0.2%) 9. 顽皮 +A -D (0.1%) 10. 乐天 +B -D (0%) | H6: 1. 谜拟丘 2. 巨金怪 3. 西狮海壬 4. 魔幻假面喵 5. 铝钢桥龙 6. 暴鲤龙 7. 三首恶龙 8. 快龙 9. 烈咬陆鲨 10. 喷火龙 | I6: 1. H32/A0/B32/C0/D2/S0 (24%) 2. H32/A0/B2/C0/D32/S0 (18.2%) 3. H32/A0/B22/C0/D12/S0 (7.8%) 4. H32/A0/B22/C0/D10/S2 (6.8%) 5. H32/A0/B15/C0/D19/S0 (3.9%) 6. H32/A0/B12/C0/D22/S0 (3.6%) 7. H32/A0/B18/C0/D16/S0 (2.6%) 8. H32/A0/B32/C0/D0/S2 (2.1%) 9. H32/A0/B20/C0/D14/S0 (1.8%) 10. H32/A0/B6/C0/D28/S0 (1.7%) | J6: 本期无显著变化 | K6: 1. 地震 (98.6%) 2. 哈欠 (94.5%) 3. 隐形岩 (75.1%) 4. 偷懒 (65.3%) 5. 吹飞 (43%) | L6: 6. 守住 (15.6%) 7. 吼叫 (3.5%) 8. 岩石封锁 (0.9%) 9. 冰冻牙 (0.7%) 10. 地裂 (0.6%) | M6: 1. 文柚果 (59.5%) 2. 吃剩的东西 (38.3%) 3. 沙沙岩石 (0.5%) 4. 木子果 (0.3%) 5. 心灵香草 (0.3%) | N6: 6. 罗子果 (0.1%) 7. 生命宝珠 (0.1%) 8. 先制之爪 (0.1%) 9. 光粉 (0.1%) 10. 气势披带 (0.1%) | O6: 1. 淘气 +B -C (73.6%) 2. 慎重 +D -C (14.7%) 3. 悠闲 +B -S (7.7%) 4. 自大 +D -S (1.6%) 5. 大胆 +B -A (0.9%) | P6: 6. 固执 +A -C (0.8%) 7. 勇敢 +A -S (0.2%) 8. 温和 +D -A (0.2%) 9. 顽皮 +A -D (0.1%) 10. 乐天 +B -D (0%) | Q6: 1. H32/A0/B32/C0/D2/S0 (24%) 2. H32/A0/B2/C0/D32/S0 (18.2%) 3. H32/A0/B22/C0/D12/S0 (7.8%) 4. H32/A0/B22/C0/D10/S2 (6.8%) 5. H32/A0/B15/C0/D19/S0 (3.9%) | R6: 6. H32/A0/B12/C0/D22/S0 (3.6%) 7. H32/A0/B18/C0/D16/S0 (2.6%) 8. H32/A0/B32/C0/D0/S2 (2.1%) 9. H32/A0/B20/C0/D14/S0 (1.8%) 10. H32/A0/B6/C0/D28/S0 (1.7%) | S6: 1. 谜拟丘 2. 巨金怪 3. 西狮海壬 4. 魔幻假面喵 5. 铝钢桥龙 | T6: 6. 暴鲤龙 7. 三首恶龙 8. 快龙 9. 烈咬陆鲨 10. 喷火龙
A7: 6 | B7: 西狮海壬 | C7: Primarina | D7: 1. 月亮之力 (98.2%) 2. 泡影的咏叹调 (87.8%) 3. 水流喷射 (74.9%) 4. 再来一次 (44.7%) 5. 冥想 (22.7%) 6. 快速折返 (20.8%) 7. 冲浪 (9.7%) 8. 冰冻光束 (6.6%) 9. 能量球 (5.4%) 10. 薄雾场地 (5.3%) | E7: 1. 文柚果 (48.1%) 2. 吃剩的东西 (25.5%) 3. 神秘水滴 (9.6%) 4. 气势披带 (4%) 5. 零余果 (3.2%) 6. 木子果 (2.8%) 7. 妖精之羽 (1.6%) 8. 烛木果 (1.6%) 9. 生命宝珠 (1%) 10. 讲究围巾 (0.5%) | F7: 1. 激流 (96.3%) 2. 湿润之声 (3.7%) | G7: 1. 内敛 +C -A (61.9%) 2. 冷静 +C -S (18.1%) 3. 大胆 +B -A (11.9%) 4. 悠闲 +B -S (3.4%) 5. 温和 +D -A (2.7%) 6. 胆小 +S -A (1%) 7. 慢吞吞 +C -B (0.5%) 8. 自大 +D -S (0.4%) 9. 马虎 +C -D (0.1%) 10. 急躁 +S -B (0%) | H7: 1. 烈咬陆鲨 2. 巨金怪 3. 谜拟丘 4. 河马兽 5. 三首恶龙 6. 魔幻假面喵 7. 铝钢桥龙 8. 喷火龙 9. 妖火红狐 10. 快龙 | I7: 1. H32/A0/B0/C32/D0/S2 (8.1%) 2. H32/A0/B29/C4/D1/S0 (6.5%) 3. H32/A0/B20/C14/D0/S0 (5.6%) 4. H32/A0/B2/C32/D0/S0 (4.5%) 5. H32/A0/B32/C2/D0/S0 (3.6%) 6. H32/A0/B0/C32/D2/S0 (3.3%) 7. H2/A0/B0/C32/D0/S32 (3.1%) 8. H32/A0/B30/C4/D0/S0 (2.8%) 9. H32/A0/B32/C0/D2/S0 (2.1%) 10. H32/A0/B0/C24/D0/S10 (1.8%) | J7: 本期无显著变化 | K7: 1. 月亮之力 (98.2%) 2. 泡影的咏叹调 (87.8%) 3. 水流喷射 (74.9%) 4. 再来一次 (44.7%) 5. 冥想 (22.7%) | L7: 6. 快速折返 (20.8%) 7. 冲浪 (9.7%) 8. 冰冻光束 (6.6%) 9. 能量球 (5.4%) 10. 薄雾场地 (5.3%) | M7: 1. 文柚果 (48.1%) 2. 吃剩的东西 (25.5%) 3. 神秘水滴 (9.6%) 4. 气势披带 (4%) 5. 零余果 (3.2%) | N7: 6. 木子果 (2.8%) 7. 妖精之羽 (1.6%) 8. 烛木果 (1.6%) 9. 生命宝珠 (1%) 10. 讲究围巾 (0.5%) | O7: 1. 内敛 +C -A (61.9%) 2. 冷静 +C -S (18.1%) 3. 大胆 +B -A (11.9%) 4. 悠闲 +B -S (3.4%) 5. 温和 +D -A (2.7%) | P7: 6. 胆小 +S -A (1%) 7. 慢吞吞 +C -B (0.5%) 8. 自大 +D -S (0.4%) 9. 马虎 +C -D (0.1%) 10. 急躁 +S -B (0%) | Q7: 1. H32/A0/B0/C32/D0/S2 (8.1%) 2. H32/A0/B29/C4/D1/S0 (6.5%) 3. H32/A0/B20/C14/D0/S0 (5.6%) 4. H32/A0/B2/C32/D0/S0 (4.5%) 5. H32/A0/B32/C2/D0/S0 (3.6%) | R7: 6. H32/A0/B0/C32/D2/S0 (3.3%) 7. H2/A0/B0/C32/D0/S32 (3.1%) 8. H32/A0/B30/C4/D0/S0 (2.8%) 9. H32/A0/B32/C0/D2/S0 (2.1%) 10. H32/A0/B0/C24/D0/S10 (1.8%) | S7: 1. 烈咬陆鲨 2. 巨金怪 3. 谜拟丘 4. 河马兽 5. 三首恶龙 | T7: 6. 魔幻假面喵 7. 铝钢桥龙 8. 喷火龙 9. 妖火红狐 10. 快龙
A8: 7 | B8: 魔幻假面喵 | C8: Meowscarada | D8: 1. 千变万花 (97.2%) 2. 三旋击 (85.1%) 3. 急速折返 (71.7%) 4. 拍落 (64%) 5. 突袭 (17.9%) 6. 雷电拳 (15.6%) 7. 嬉闹 (7.1%) 8. 移花接木 (6.4%) 9. 力量宝石 (5.7%) 10. 毒菱 (5.4%) | E8: 1. 讲究围巾 (73.5%) 2. 气势披带 (18%) 3. 生命宝珠 (5.2%) 4. 达人带 (1.3%) 5. 先制之爪 (0.3%) 6. 力量头带 (0.2%) 7. 广角镜 (0.2%) 8. 电气球 (0.2%) 9. 木子果 (0.2%) 10. 文柚果 (0.1%) | F8: 1. 变幻自如 (93.3%) 2. 茂盛 (6.7%) | G8: 1. 爽朗 +S -C (57.4%) 2. 固执 +A -C (34.9%) 3. 天真 +S -D (3.9%) 4. 马虎 +C -D (1.1%) 5. 顽皮 +A -D (0.9%) 6. 急躁 +S -B (0.7%) 7. 胆小 +S -A (0.4%) 8. 内敛 +C -A (0.4%) 9. 怕寂寞 +A -B (0.3%) 10. 慢吞吞 +C -B (0.1%) | H8: 1. 烈咬陆鲨 2. 河马兽 3. 西狮海壬 4. 谜拟丘 5. 铝钢桥龙 6. 巨金怪 7. 妖火红狐 8. 喷火龙 9. 火焰鸡 10. 暴鲤龙 | I8: 1. H2/A32/B0/C0/D0/S32 (60.6%) 2. H0/A32/B2/C0/D0/S32 (9%) 3. H0/A32/B0/C0/D2/S32 (4%) 4. H0/A32/B1/C0/D1/S32 (3.8%) 5. H4/A30/B20/C0/D0/S12 (1.7%) 6. H0/A32/B0/C0/D0/S32 (1.7%) 7. H0/A30/B0/C11/D0/S25 (1.1%) 8. H4/A25/B23/C0/D0/S14 (1%) 9. H0/A2/B0/C32/D0/S32 (0.7%) 10. H7/A32/B0/C0/D0/S27 (0.7%) | J8: 本期无显著变化 | K8: 1. 千变万花 (97.2%) 2. 三旋击 (85.1%) 3. 急速折返 (71.7%) 4. 拍落 (64%) 5. 突袭 (17.9%) | L8: 6. 雷电拳 (15.6%) 7. 嬉闹 (7.1%) 8. 移花接木 (6.4%) 9. 力量宝石 (5.7%) 10. 毒菱 (5.4%) | M8: 1. 讲究围巾 (73.5%) 2. 气势披带 (18%) 3. 生命宝珠 (5.2%) 4. 达人带 (1.3%) 5. 先制之爪 (0.3%) | N8: 6. 力量头带 (0.2%) 7. 广角镜 (0.2%) 8. 电气球 (0.2%) 9. 木子果 (0.2%) 10. 文柚果 (0.1%) | O8: 1. 爽朗 +S -C (57.4%) 2. 固执 +A -C (34.9%) 3. 天真 +S -D (3.9%) 4. 马虎 +C -D (1.1%) 5. 顽皮 +A -D (0.9%) | P8: 6. 急躁 +S -B (0.7%) 7. 胆小 +S -A (0.4%) 8. 内敛 +C -A (0.4%) 9. 怕寂寞 +A -B (0.3%) 10. 慢吞吞 +C -B (0.1%) | Q8: 1. H2/A32/B0/C0/D0/S32 (60.6%) 2. H0/A32/B2/C0/D0/S32 (9%) 3. H0/A32/B0/C0/D2/S32 (4%) 4. H0/A32/B1/C0/D1/S32 (3.8%) 5. H4/A30/B20/C0/D0/S12 (1.7%) | R8: 6. H0/A32/B0/C0/D0/S32 (1.7%) 7. H0/A30/B0/C11/D0/S25 (1.1%) 8. H4/A25/B23/C0/D0/S14 (1%) 9. H0/A2/B0/C32/D0/S32 (0.7%) 10. H7/A32/B0/C0/D0/S27 (0.7%) | S8: 1. 烈咬陆鲨 2. 河马兽 3. 西狮海壬 4. 谜拟丘 5. 铝钢桥龙 | T8: 6. 巨金怪 7. 妖火红狐 8. 喷火龙 9. 火焰鸡 10. 暴鲤龙
A9: 8 | B9: 暴鲤龙 | C9: Gyarados | D9: 1. 龙之舞 (84.5%) 2. 攀瀑 (83.2%) 3. 地震 (79.6%) 4. 冰冻牙 (50.7%) 5. 强力鞭打 (40.4%) 6. 挑衅 (22.5%) 7. 咬碎 (17.2%) 8. 雪崩 (10.4%) 9. 豁出去 (2.3%) 10. 替身 (1.7%) | E9: 1. 暴鲤龙进化石 (80.5%) 2. 吃剩的东西 (10.1%) 3. 文柚果 (4%) 4. 木子果 (2.3%) 5. 达人带 (1.1%) 6. 生命宝珠 (0.5%) 7. 烛木果 (0.4%) 8. 气势披带 (0.2%) 9. 零余果 (0.2%) 10. 讲究围巾 (0.2%) | F9: 1. 威吓 (99.3%) 2. 自信过度 (0.7%) | G9: 1. 爽朗 +S -C (52.1%) 2. 固执 +A -C (41.1%) 3. 淘气 +B -C (5.7%) 4. 慎重 +D -C (0.6%) 5. 顽皮 +A -D (0.1%) 6. 怕寂寞 +A -B (0.1%) 7. 天真 +S -D (0%) 8. 大胆 +B -A (0%) 9. 悠闲 +B -S (0%) 10. 勇敢 +A -S (0%) | H9: 1. 烈咬陆鲨 2. 谜拟丘 3. 铝钢桥龙 4. 河马兽 5. 火焰鸡 6. 九尾（阿罗拉的样子） 7. 妖火红狐 8. 魔幻假面喵 9. 巨金怪 10. 晶光花 | I9: 1. H1/A32/B1/C0/D0/S32 (25%) 2. H2/A32/B0/C0/D0/S32 (20%) 3. H1/A32/B0/C0/D1/S32 (2.9%) 4. H0/A32/B2/C0/D0/S32 (2.2%) 5. H19/A32/B0/C0/D0/S15 (2.1%) 6. H7/A32/B1/C0/D0/S26 (1.4%) 7. H31/A11/B21/C0/D1/S2 (1.4%) 8. H13/A32/B0/C0/D0/S21 (1.4%) 9. H3/A32/B0/C0/D0/S31 (1.3%) 10. H5/A26/B5/C0/D0/S30 (1.3%) | J9: 本期无显著变化 | K9: 1. 龙之舞 (84.5%) 2. 攀瀑 (83.2%) 3. 地震 (79.6%) 4. 冰冻牙 (50.7%) 5. 强力鞭打 (40.4%) | L9: 6. 挑衅 (22.5%) 7. 咬碎 (17.2%) 8. 雪崩 (10.4%) 9. 豁出去 (2.3%) 10. 替身 (1.7%) | M9: 1. 暴鲤龙进化石 (80.5%) 2. 吃剩的东西 (10.1%) 3. 文柚果 (4%) 4. 木子果 (2.3%) 5. 达人带 (1.1%) | N9: 6. 生命宝珠 (0.5%) 7. 烛木果 (0.4%) 8. 气势披带 (0.2%) 9. 零余果 (0.2%) 10. 讲究围巾 (0.2%) | O9: 1. 爽朗 +S -C (52.1%) 2. 固执 +A -C (41.1%) 3. 淘气 +B -C (5.7%) 4. 慎重 +D -C (0.6%) 5. 顽皮 +A -D (0.1%) | P9: 6. 怕寂寞 +A -B (0.1%) 7. 天真 +S -D (0%) 8. 大胆 +B -A (0%) 9. 悠闲 +B -S (0%) 10. 勇敢 +A -S (0%) | Q9: 1. H1/A32/B1/C0/D0/S32 (25%) 2. H2/A32/B0/C0/D0/S32 (20%) 3. H1/A32/B0/C0/D1/S32 (2.9%) 4. H0/A32/B2/C0/D0/S32 (2.2%) 5. H19/A32/B0/C0/D0/S15 (2.1%) | R9: 6. H7/A32/B1/C0/D0/S26 (1.4%) 7. H31/A11/B21/C0/D1/S2 (1.4%) 8. H13/A32/B0/C0/D0/S21 (1.4%) 9. H3/A32/B0/C0/D0/S31 (1.3%) 10. H5/A26/B5/C0/D0/S30 (1.3%) | S9: 1. 烈咬陆鲨 2. 谜拟丘 3. 铝钢桥龙 4. 河马兽 5. 火焰鸡 | T9: 6. 九尾（阿罗拉的样子） 7. 妖火红狐 8. 魔幻假面喵 9. 巨金怪 10. 晶光花
A10: 9 | B10: 妖火红狐 | C10: Delphox | D10: 1. 喷射火焰 (84.2%) 2. 魔法闪耀 (63%) 3. 精神强念 (56.4%) 4. 替身 (43.2%) 5. 精神冲击 (40%) 6. 诡计 (37.8%) 7. 再来一次 (17.5%) 8. 魔法火焰 (10.5%) 9. 打草结 (10%) 10. 磷火 (9.3%) | E10: 1. 妖火红狐进化石 (99.2%) 2. 讲究围巾 (0.2%) 3. 气势披带 (0.1%) 4. 博识眼镜 (0%) 5. 生命宝珠 (0%) 6. 光之黏土 (0%) 7. 弯曲的汤匙 (0%) 8. 达人带 (0%) 9. 文柚果 (0%) 10. 火焰鸡进化石 (0%) | F10: 1. 猛火 (90.8%) 2. 魔术师 (9.2%) | G10: 1. 胆小 +S -A (80.6%) 2. 内敛 +C -A (18.4%) 3. 大胆 +B -A (0.3%) 4. 急躁 +S -B (0.2%) 5. 温和 +D -A (0.2%) 6. 慢吞吞 +C -B (0.2%) 7. 爽朗 +S -C (0%) 8. 冷静 +C -S (0%) 9. 温顺 +D -B (0%) 10. 悠闲 +B -S (0%) | H10: 1. 烈咬陆鲨 2. 谜拟丘 3. 魔幻假面喵 4. 铝钢桥龙 5. 西狮海壬 6. 暴鲤龙 7. 河马兽 8. 巨金怪 9. 九尾（阿罗拉的样子） 10. 巨钳螳螂 | I10: 1. H2/A0/B0/C32/D0/S32 (22.4%) 2. H1/A0/B1/C32/D0/S32 (9.8%) 3. H5/A0/B0/C32/D0/S29 (8.4%) 4. H1/A0/B4/C32/D0/S29 (6.6%) 5. H1/A0/B0/C32/D1/S32 (3.5%) 6. H0/A0/B2/C32/D0/S32 (3.4%) 7. H9/A0/B8/C19/D0/S30 (2.3%) 8. H0/A0/B0/C32/D2/S32 (2%) 9. H9/A0/B1/C27/D0/S29 (1.9%) 10. H25/A0/B0/C12/D0/S29 (1.7%) | J10: 本期无显著变化 | K10: 1. 喷射火焰 (84.2%) 2. 魔法闪耀 (63%) 3. 精神强念 (56.4%) 4. 替身 (43.2%) 5. 精神冲击 (40%) | L10: 6. 诡计 (37.8%) 7. 再来一次 (17.5%) 8. 魔法火焰 (10.5%) 9. 打草结 (10%) 10. 磷火 (9.3%) | M10: 1. 妖火红狐进化石 (99.2%) 2. 讲究围巾 (0.2%) 3. 气势披带 (0.1%) 4. 博识眼镜 (0%) 5. 生命宝珠 (0%) | N10: 6. 光之黏土 (0%) 7. 弯曲的汤匙 (0%) 8. 达人带 (0%) 9. 文柚果 (0%) 10. 火焰鸡进化石 (0%) | O10: 1. 胆小 +S -A (80.6%) 2. 内敛 +C -A (18.4%) 3. 大胆 +B -A (0.3%) 4. 急躁 +S -B (0.2%) 5. 温和 +D -A (0.2%) | P10: 6. 慢吞吞 +C -B (0.2%) 7. 爽朗 +S -C (0%) 8. 冷静 +C -S (0%) 9. 温顺 +D -B (0%) 10. 悠闲 +B -S (0%) | Q10: 1. H2/A0/B0/C32/D0/S32 (22.4%) 2. H1/A0/B1/C32/D0/S32 (9.8%) 3. H5/A0/B0/C32/D0/S29 (8.4%) 4. H1/A0/B4/C32/D0/S29 (6.6%) 5. H1/A0/B0/C32/D1/S32 (3.5%) | R10: 6. H0/A0/B2/C32/D0/S32 (3.4%) 7. H9/A0/B8/C19/D0/S30 (2.3%) 8. H0/A0/B0/C32/D2/S32 (2%) 9. H9/A0/B1/C27/D0/S29 (1.9%) 10. H25/A0/B0/C12/D0/S29 (1.7%) | S10: 1. 烈咬陆鲨 2. 谜拟丘 3. 魔幻假面喵 4. 铝钢桥龙 5. 西狮海壬 | T10: 6. 暴鲤龙 7. 河马兽 8. 巨金怪 9. 九尾（阿罗拉的样子） 10. 巨钳螳螂
A11: 10 | B11: 火焰鸡 | C11: Blaziken | D11: 1. 闪焰冲锋 (84.6%) 2. 近身战 (66.2%) 3. 剑舞 (48.3%) 4. 雷电拳 (46%) 5. 守住 (40.1%) 6. 看穿 (33.7%) 7. 飞膝踢 (22.9%) 8. 接棒 (10.8%) 9. 地震 (6.4%) 10. 过热 (5.6%) | E11: 1. 火焰鸡进化石 (73.4%) 2. 气势披带 (14.7%) 3. 生命宝珠 (7.7%) 4. 文柚果 (1.6%) 5. 吃剩的东西 (0.5%) 6. 腰木果 (0.3%) 7. 心灵香草 (0.2%) 8. 白色香草 (0.2%) 9. 焦点镜 (0.2%) 10. 达人带 (0.1%) | F11: 1. 加速 (98.5%) 2. 猛火 (1.5%) | G11: 1. 固执 +A -C (72.8%) 2. 爽朗 +S -C (15.9%) 3. 顽皮 +A -D (4.3%) 4. 淘气 +B -C (1.6%) 5. 天真 +S -D (1.3%) 6. 马虎 +C -D (1.2%) 7. 内敛 +C -A (0.7%) 8. 胆小 +S -A (0.6%) 9. 慎重 +D -C (0.5%) 10. 怕寂寞 +A -B (0.5%) | H11: 1. 烈咬陆鲨 2. 谜拟丘 3. 铝钢桥龙 4. 暴鲤龙 5. 魔幻假面喵 6. 河马兽 7. 西狮海壬 8. 九尾（阿罗拉的样子） 9. 巨金怪 10. 甲贺忍蛙 | I11: 1. H2/A32/B0/C0/D0/S32 (47.7%) 2. H16/A32/B0/C0/D0/S18 (5.8%) 3. H10/A32/B0/C0/D0/S24 (4.3%) 4. H0/A32/B2/C0/D0/S32 (3.7%) 5. H0/A32/B0/C5/D0/S29 (2.2%) 6. H0/A32/B0/C0/D0/S32 (2.1%) 7. H0/A32/B1/C0/D1/S32 (2%) 8. H0/A32/B0/C0/D2/S32 (1.8%) 9. H20/A25/B3/C0/D0/S18 (1.2%) 10. H20/A20/B0/C0/D1/S25 (1.1%) | J11: 本期无显著变化 | K11: 1. 闪焰冲锋 (84.6%) 2. 近身战 (66.2%) 3. 剑舞 (48.3%) 4. 雷电拳 (46%) 5. 守住 (40.1%) | L11: 6. 看穿 (33.7%) 7. 飞膝踢 (22.9%) 8. 接棒 (10.8%) 9. 地震 (6.4%) 10. 过热 (5.6%) | M11: 1. 火焰鸡进化石 (73.4%) 2. 气势披带 (14.7%) 3. 生命宝珠 (7.7%) 4. 文柚果 (1.6%) 5. 吃剩的东西 (0.5%) | N11: 6. 腰木果 (0.3%) 7. 心灵香草 (0.2%) 8. 白色香草 (0.2%) 9. 焦点镜 (0.2%) 10. 达人带 (0.1%) | O11: 1. 固执 +A -C (72.8%) 2. 爽朗 +S -C (15.9%) 3. 顽皮 +A -D (4.3%) 4. 淘气 +B -C (1.6%) 5. 天真 +S -D (1.3%) | P11: 6. 马虎 +C -D (1.2%) 7. 内敛 +C -A (0.7%) 8. 胆小 +S -A (0.6%) 9. 慎重 +D -C (0.5%) 10. 怕寂寞 +A -B (0.5%) | Q11: 1. H2/A32/B0/C0/D0/S32 (47.7%) 2. H16/A32/B0/C0/D0/S18 (5.8%) 3. H10/A32/B0/C0/D0/S24 (4.3%) 4. H0/A32/B2/C0/D0/S32 (3.7%) 5. H0/A32/B0/C5/D0/S29 (2.2%) | R11: 6. H0/A32/B0/C0/D0/S32 (2.1%) 7. H0/A32/B1/C0/D1/S32 (2%) 8. H0/A32/B0/C0/D2/S32 (1.8%) 9. H20/A25/B3/C0/D0/S18 (1.2%) 10. H20/A20/B0/C0/D1/S25 (1.1%) | S11: 1. 烈咬陆鲨 2. 谜拟丘 3. 铝钢桥龙 4. 暴鲤龙 5. 魔幻假面喵 | T11: 6. 河马兽 7. 西狮海壬 8. 九尾（阿罗拉的样子） 9. 巨金怪 10. 甲贺忍蛙
A12: 11 | B12: 喷火龙 | C12: Charizard | D12: 1. 日光束 (63.7%) 2. 喷射火焰 (42.1%) 3. 空气之刃 (41.7%) 4. 闪焰冲锋 (33.1%) 5. 蓄能焰袭 (28.6%) 6. 过热 (24.1%) 7. 龙之舞 (21.5%) 8. 羽栖 (19.8%) 9. 气象球 (19.7%) 10. 龙爪 (18.3%) | E12: 1. 喷火龙进化石Ｙ (65%) 2. 喷火龙进化石Ｘ (33.8%) 3. 讲究围巾 (0.1%) 4. 生命宝珠 (0.1%) 5. 木子果 (0.1%) 6. 白色香草 (0%) 7. 雷丘进化石Ｙ (0%) 8. 木炭 (0%) 9. 气势披带 (0%) 10. 达人带 (0%) | F12: 1. 猛火 (87.2%) 2. 太阳之力 (12.8%) | G12: 1. 内敛 +C -A (38.4%) 2. 胆小 +S -A (26.1%) 3. 固执 +A -C (20.4%) 4. 爽朗 +S -C (13.4%) 5. 大胆 +B -A (0.5%) 6. 淘气 +B -C (0.3%) 7. 天真 +S -D (0.2%) 8. 冷静 +C -S (0.1%) 9. 温和 +D -A (0.1%) 10. 慢吞吞 +C -B (0.1%) | H12: 1. 烈咬陆鲨 2. 谜拟丘 3. 西狮海壬 4. 巨金怪 5. 铝钢桥龙 6. 河马兽 7. 魔幻假面喵 8. 三首恶龙 9. 甲贺忍蛙 10. 钢铠鸦 | I12: 1. H2/A0/B0/C32/D0/S32 (30.2%) 2. H2/A32/B0/C0/D0/S32 (15.2%) 3. H4/A30/B0/C0/D0/S32 (5.3%) 4. H0/A0/B2/C32/D0/S32 (3.6%) 5. H12/A0/B20/C16/D0/S18 (2.9%) 6. H14/A0/B12/C21/D0/S19 (2%) 7. H6/A0/B9/C29/D0/S22 (2%) 8. H0/A32/B2/C0/D0/S32 (1.5%) 9. H0/A0/B0/C32/D2/S32 (1.5%) 10. H12/A0/B20/C14/D0/S20 (1.5%) | J12: 本期无显著变化 | K12: 1. 日光束 (63.7%) 2. 喷射火焰 (42.1%) 3. 空气之刃 (41.7%) 4. 闪焰冲锋 (33.1%) 5. 蓄能焰袭 (28.6%) | L12: 6. 过热 (24.1%) 7. 龙之舞 (21.5%) 8. 羽栖 (19.8%) 9. 气象球 (19.7%) 10. 龙爪 (18.3%) | M12: 1. 喷火龙进化石Ｙ (65%) 2. 喷火龙进化石Ｘ (33.8%) 3. 讲究围巾 (0.1%) 4. 生命宝珠 (0.1%) 5. 木子果 (0.1%) | N12: 6. 白色香草 (0%) 7. 雷丘进化石Ｙ (0%) 8. 木炭 (0%) 9. 气势披带 (0%) 10. 达人带 (0%) | O12: 1. 内敛 +C -A (38.4%) 2. 胆小 +S -A (26.1%) 3. 固执 +A -C (20.4%) 4. 爽朗 +S -C (13.4%) 5. 大胆 +B -A (0.5%) | P12: 6. 淘气 +B -C (0.3%) 7. 天真 +S -D (0.2%) 8. 冷静 +C -S (0.1%) 9. 温和 +D -A (0.1%) 10. 慢吞吞 +C -B (0.1%) | Q12: 1. H2/A0/B0/C32/D0/S32 (30.2%) 2. H2/A32/B0/C0/D0/S32 (15.2%) 3. H4/A30/B0/C0/D0/S32 (5.3%) 4. H0/A0/B2/C32/D0/S32 (3.6%) 5. H12/A0/B20/C16/D0/S18 (2.9%) | R12: 6. H14/A0/B12/C21/D0/S19 (2%) 7. H6/A0/B9/C29/D0/S22 (2%) 8. H0/A32/B2/C0/D0/S32 (1.5%) 9. H0/A0/B0/C32/D2/S32 (1.5%) 10. H12/A0/B20/C14/D0/S20 (1.5%) | S12: 1. 烈咬陆鲨 2. 谜拟丘 3. 西狮海壬 4. 巨金怪 5. 铝钢桥龙 | T12: 6. 河马兽 7. 魔幻假面喵 8. 三首恶龙 9. 甲贺忍蛙 10. 钢铠鸦
A13: 12 | B13: 三首恶龙 | C13: Hydreigon | D13: 1. 恶之波动 (99.5%) 2. 流星群 (93.4%) 3. 急速折返 (76.2%) 4. 喷射火焰 (53.5%) 5. 大字爆炎 (26.7%) 6. 加农光炮 (12.9%) 7. 大地之力 (7.8%) 8. 诡计 (6.4%) 9. 挑衅 (5.3%) 10. 隐形岩 (3.8%) | E13: 1. 讲究围巾 (84%) 2. 生命宝珠 (4.5%) 3. 气势披带 (2.8%) 4. 吃剩的东西 (2.6%) 5. 木子果 (1.3%) 6. 文柚果 (1.3%) 7. 白色香草 (0.8%) 8. 黑色眼镜 (0.5%) 9. 达人带 (0.5%) 10. 莓榴果 (0.4%) | F13: 1. 飘浮 (100%) | G13: 1. 内敛 +C -A (70.6%) 2. 胆小 +S -A (27.9%) 3. 慢吞吞 +C -B (0.4%) 4. 天真 +S -D (0.2%) 5. 马虎 +C -D (0.2%) 6. 急躁 +S -B (0.2%) 7. 大胆 +B -A (0.1%) 8. 爽朗 +S -C (0.1%) 9. 温和 +D -A (0.1%) 10. 冷静 +C -S (0.1%) | H13: 1. 巨金怪 2. 西狮海壬 3. 谜拟丘 4. 烈咬陆鲨 5. 河马兽 6. 喷火龙 7. 火焰鸡 8. 铝钢桥龙 9. 妖火红狐 10. 暴鲤龙 | I13: 1. H2/A0/B0/C32/D0/S32 (71.9%) 2. H0/A0/B2/C32/D0/S32 (5.5%) 3. H0/A0/B1/C32/D1/S32 (4.5%) 4. H0/A0/B0/C32/D2/S32 (2.9%) 5. H8/A0/B0/C32/D0/S26 (2%) 6. H10/A0/B0/C32/D0/S24 (1.5%) 7. H0/A0/B0/C32/D0/S32 (1.3%) 8. H0/A0/B8/C26/D0/S32 (1.1%) 9. H1/A0/B1/C32/D0/S32 (0.9%) 10. H1/A0/B0/C32/D0/S32 (0.5%) | J13: 本期无显著变化 | K13: 1. 恶之波动 (99.5%) 2. 流星群 (93.4%) 3. 急速折返 (76.2%) 4. 喷射火焰 (53.5%) 5. 大字爆炎 (26.7%) | L13: 6. 加农光炮 (12.9%) 7. 大地之力 (7.8%) 8. 诡计 (6.4%) 9. 挑衅 (5.3%) 10. 隐形岩 (3.8%) | M13: 1. 讲究围巾 (84%) 2. 生命宝珠 (4.5%) 3. 气势披带 (2.8%) 4. 吃剩的东西 (2.6%) 5. 木子果 (1.3%) | N13: 6. 文柚果 (1.3%) 7. 白色香草 (0.8%) 8. 黑色眼镜 (0.5%) 9. 达人带 (0.5%) 10. 莓榴果 (0.4%) | O13: 1. 内敛 +C -A (70.6%) 2. 胆小 +S -A (27.9%) 3. 慢吞吞 +C -B (0.4%) 4. 天真 +S -D (0.2%) 5. 马虎 +C -D (0.2%) | P13: 6. 急躁 +S -B (0.2%) 7. 大胆 +B -A (0.1%) 8. 爽朗 +S -C (0.1%) 9. 温和 +D -A (0.1%) 10. 冷静 +C -S (0.1%) | Q13: 1. H2/A0/B0/C32/D0/S32 (71.9%) 2. H0/A0/B2/C32/D0/S32 (5.5%) 3. H0/A0/B1/C32/D1/S32 (4.5%) 4. H0/A0/B0/C32/D2/S32 (2.9%) 5. H8/A0/B0/C32/D0/S26 (2%) | R13: 6. H10/A0/B0/C32/D0/S24 (1.5%) 7. H0/A0/B0/C32/D0/S32 (1.3%) 8. H0/A0/B8/C26/D0/S32 (1.1%) 9. H1/A0/B1/C32/D0/S32 (0.9%) 10. H1/A0/B0/C32/D0/S32 (0.5%) | S13: 1. 巨金怪 2. 西狮海壬 3. 谜拟丘 4. 烈咬陆鲨 5. 河马兽 | T13: 6. 喷火龙 7. 火焰鸡 8. 铝钢桥龙 9. 妖火红狐 10. 暴鲤龙
... A51: 50 | B51: 毒藻龙 | C51: Dragalge | D51: 1. 快速折返 (91%) 2. 流星群 (90.5%) 3. 剧毒 (65.6%) 4. 毒菱 (35.5%) 5. 十万伏特 (28.3%) 6. 污泥波 (28.2%) 7. 污泥炸弹 (19.3%) 8. 热水 (10%) 9. 暗影球 (6.4%) 10. 守住 (4.3%) | E51: 1. 毒藻龙进化石 (96.1%) 2. 生命宝珠 (0.7%) 3. 白色香草 (0.5%) 4. 龙之牙 (0.5%) 5. 文柚果 (0.4%) 6. 吃剩的东西 (0.2%) 7. 气势披带 (0.1%) 8. 喷火龙进化石Ｙ (0.1%) 9. 腰木果 (0.1%) 10. 大针蜂进化石 (0.1%) | F51: 1. 适应力 (64.6%) 2. 毒刺 (31%) 3. 毒手 (4.5%) | G51: 1. 自大 +D -S (46.2%) 2. 温和 +D -A (22.1%) 3. 内敛 +C -A (10%) 4. 冷静 +C -S (8.5%) 5. 大胆 +B -A (6.4%) 6. 悠闲 +B -S (5.7%) 7. 慎重 +D -C (0.3%) 8. 温顺 +D -B (0.1%) 9. 急躁 +S -B (0.1%) 10. 胆小 +S -A (0.1%) | H51: 1. 钢铠鸦 2. 长毛巨魔 3. 烈咬陆鲨 4. 月亮伊布 5. 骨纹巨声鳄 6. 魔幻假面喵 7. 谜拟丘 8. 河马兽 9. 火焰鸡 10. 大剑鬼（洗翠的样子） | I51: 1. H32/A0/B2/C0/D32/S0 (21.5%) 2. H32/A0/B17/C0/D17/S0 (7.6%) 3. H32/A0/B0/C2/D32/S0 (5.7%) 4. H32/A0/B32/C0/D2/S0 (4.4%) 5. H31/A0/B18/C0/D17/S0 (3.8%) 6. H31/A0/B3/C0/D32/S0 (3.8%) 7. H32/A0/B0/C32/D2/S0 (3.6%) 8. H32/A0/B2/C32/D0/S0 (2.9%) 9. H31/A0/B32/C0/D3/S0 (2.5%) 10. H31/A0/B0/C3/D32/S0 (2.1%) | J51: 本期无显著变化 | K51: 1. 快速折返 (91%) 2. 流星群 (90.5%) 3. 剧毒 (65.6%) 4. 毒菱 (35.5%) 5. 十万伏特 (28.3%) | L51: 6. 污泥波 (28.2%) 7. 污泥炸弹 (19.3%) 8. 热水 (10%) 9. 暗影球 (6.4%) 10. 守住 (4.3%) | M51: 1. 毒藻龙进化石 (96.1%) 2. 生命宝珠 (0.7%) 3. 白色香草 (0.5%) 4. 龙之牙 (0.5%) 5. 文柚果 (0.4%) | N51: 6. 吃剩的东西 (0.2%) 7. 气势披带 (0.1%) 8. 喷火龙进化石Ｙ (0.1%) 9. 腰木果 (0.1%) 10. 大针蜂进化石 (0.1%) | O51: 1. 自大 +D -S (46.2%) 2. 温和 +D -A (22.1%) 3. 内敛 +C -A (10%) 4. 冷静 +C -S (8.5%) 5. 大胆 +B -A (6.4%) | P51: 6. 悠闲 +B -S (5.7%) 7. 慎重 +D -C (0.3%) 8. 温顺 +D -B (0.1%) 9. 急躁 +S -B (0.1%) 10. 胆小 +S -A (0.1%) | Q51: 1. H32/A0/B2/C0/D32/S0 (21.5%) 2. H32/A0/B17/C0/D17/S0 (7.6%) 3. H32/A0/B0/C2/D32/S0 (5.7%) 4. H32/A0/B32/C0/D2/S0 (4.4%) 5. H31/A0/B18/C0/D17/S0 (3.8%) | R51: 6. H31/A0/B3/C0/D32/S0 (3.8%) 7. H32/A0/B0/C32/D2/S0 (3.6%) 8. H32/A0/B2/C32/D0/S0 (2.9%) 9. H31/A0/B32/C0/D3/S0 (2.5%) 10. H31/A0/B0/C3/D32/S0 (2.1%) | S51: 1. 钢铠鸦 2. 长毛巨魔 3. 烈咬陆鲨 4. 月亮伊布 5. 骨纹巨声鳄 | T51: 6. 魔幻假面喵 7. 谜拟丘 8. 河马兽 9. 火焰鸡 10. 大剑鬼（洗翠的样子）
A52: 51 | B52: 花叶蒂（永恒之花） | C52: Floette-Eternal | D52: 1. 月亮之力 (90.1%) 2. 冥想 (86.7%) 3. 吸取之吻 (76.9%) 4. 破灭之光 (68.2%) 5. 精神强念 (26.8%) 6. 光合作用 (16.6%) 7. 替身 (8.4%) 8. 戏法 (3.1%) 9. 终极吸取 (2.5%) 10. 撒娇 (2.2%) | E52: 1. 花叶蒂进化石 (95.1%) 2. 讲究围巾 (3.5%) 3. 生命宝珠 (0.8%) 4. 气势披带 (0.1%) 5. 文柚果 (0.1%) 6. 大根茎 (0%) 7. 妖精之羽 (0%) 8. 狠辣椒进化石 (0%) 9. 霹霹果 (0%) 10. 妖火红狐进化石 (0%) | F52: 1. 花幕 (96.5%) 2. 共生 (3.5%) | G52: 1. 胆小 +S -A (64.6%) 2. 内敛 +C -A (30.6%) 3. 大胆 +B -A (4.5%) 4. 温和 +D -A (0.2%) 5. 天真 +S -D (0.1%) 6. 爽朗 +S -C (0%) 7. 冷静 +C -S (0%) | I52: 1. H0/A0/B6/C28/D0/S32 (22.8%) 2. H2/A0/B0/C32/D0/S32 (18%) 3. H0/A0/B2/C32/D0/S32 (4.3%) 4. H6/A0/B7/C32/D0/S21 (4%) 5. H2/A0/B11/C21/D0/S32 (2.9%) 6. H9/A0/B10/C15/D0/S32 (2.4%) 7. H32/A0/B29/C5/D0/S0 (2.1%) 8. H0/A0/B10/C24/D0/S32 (1.8%) 9. H26/A0/B0/C8/D0/S32 (1.6%) 10. H32/A0/B32/C2/D0/S0 (1.3%) | J52: 本期无显著变化 | K52: 1. 月亮之力 (90.1%) 2. 冥想 (86.7%) 3. 吸取之吻 (76.9%) 4. 破灭之光 (68.2%) 5. 精神强念 (26.8%) | L52: 6. 光合作用 (16.6%) 7. 替身 (8.4%) 8. 戏法 (3.1%) 9. 终极吸取 (2.5%) 10. 撒娇 (2.2%) | M52: 1. 花叶蒂进化石 (95.1%) 2. 讲究围巾 (3.5%) 3. 生命宝珠 (0.8%) 4. 气势披带 (0.1%) 5. 文柚果 (0.1%) | N52: 6. 大根茎 (0%) 7. 妖精之羽 (0%) 8. 狠辣椒进化石 (0%) 9. 霹霹果 (0%) 10. 妖火红狐进化石 (0%) | O52: 1. 胆小 +S -A (64.6%) 2. 内敛 +C -A (30.6%) 3. 大胆 +B -A (4.5%) 4. 温和 +D -A (0.2%) | P52: 5. 天真 +S -D (0.1%) 6. 爽朗 +S -C (0%) 7. 冷静 +C -S (0%) | Q52: 1. H0/A0/B6/C28/D0/S32 (22.8%) 2. H2/A0/B0/C32/D0/S32 (18%) 3. H0/A0/B2/C32/D0/S32 (4.3%) 4. H6/A0/B7/C32/D0/S21 (4%) 5. H2/A0/B11/C21/D0/S32 (2.9%) | R52: 6. H9/A0/B10/C15/D0/S32 (2.4%) 7. H32/A0/B29/C5/D0/S0 (2.1%) 8. H0/A0/B10/C24/D0/S32 (1.8%) 9. H26/A0/B0/C8/D0/S32 (1.6%) 10. H32/A0/B32/C2/D0/S0 (1.3%)
A53: 52 | B53: 超能艳鸵 | C53: Espathra | D53: 1. 琉光冲激 (89.7%) 2. 守住 (86.7%) 3. 魔法闪耀 (64.8%) 4. 暗影球 (51.9%) 5. 接棒 (39.3%) 6. 冥想 (34.5%) 7. 替身 (8.6%) 8. 能量球 (5%) 9. 辅助力量 (3.5%) 10. 反射壁 (2.9%) | E53: 1. 气势披带 (64.2%) 2. 文柚果 (14.1%) 3. 吃剩的东西 (8.9%) 4. 心灵香草 (2.8%) 5. 刺耳果 (2.2%) 6. 光之黏土 (1.5%) 7. 佛柑果 (1.2%) 8. 木子果 (1.1%) 9. 弯曲的汤匙 (0.7%) 10. 光粉 (0.6%) | F53: 1. 加速 (99.7%) 2. 跟风 (0.2%) 3. 察觉 (0%) | G53: 1. 内敛 +C -A (59.3%) 2. 大胆 +B -A (19.3%) 3. 胆小 +S -A (18.8%) 4. 温和 +D -A (2.1%) 5. 淘气 +B -C (0.2%) 6. 慢吞吞 +C -B (0.1%) 7. 悠闲 +B -S (0.1%) 8. 急躁 +S -B (0.1%) 9. 自大 +D -S (0.1%) 10. 勇敢 +A -S (0%) | H53: 1. 谜拟丘 2. 甲贺忍蛙 3. 铝钢桥龙 4. 烈咬陆鲨 5. 路卡利欧 6. 火焰鸡 7. 彩粉蝶 8. 皮可西 9. 长耳兔 10. 快龙 | I53: 1. H2/A0/B0/C32/D0/S32 (26.9%) 2. H1/A0/B1/C32/D0/S32 (22.7%) 3. H32/A0/B32/C0/D2/S0 (3.2%) 4. H31/A0/B26/C0/D0/S9 (2.7%) 5. H1/A0/B0/C32/D1/S32 (2%) 6. H0/A0/B2/C32/D0/S32 (1.8%) 7. H32/A0/B32/C0/D0/S2 (1.3%) 8. H32/A0/B30/C0/D2/S2 (1.2%) 9. H25/A0/B32/C0/D0/S9 (0.9%) 10. H0/A0/B0/C32/D0/S32 (0.9%) | J53: 本期无显著变化 | K53: 1. 琉光冲激 (89.7%) 2. 守住 (86.7%) 3. 魔法闪耀 (64.8%) 4. 暗影球 (51.9%) 5. 接棒 (39.3%) | L53: 6. 冥想 (34.5%) 7. 替身 (8.6%) 8. 能量球 (5%) 9. 辅助力量 (3.5%) 10. 反射壁 (2.9%) | M53: 1. 气势披带 (64.2%) 2. 文柚果 (14.1%) 3. 吃剩的东西 (8.9%) 4. 心灵香草 (2.8%) 5. 刺耳果 (2.2%) | N53: 6. 光之黏土 (1.5%) 7. 佛柑果 (1.2%) 8. 木子果 (1.1%) 9. 弯曲的汤匙 (0.7%) 10. 光粉 (0.6%) | O53: 1. 内敛 +C -A (59.3%) 2. 大胆 +B -A (19.3%) 3. 胆小 +S -A (18.8%) 4. 温和 +D -A (2.1%) 5. 淘气 +B -C (0.2%) | P53: 6. 慢吞吞 +C -B (0.1%) 7. 悠闲 +B -S (0.1%) 8. 急躁 +S -B (0.1%) 9. 自大 +D -S (0.1%) 10. 勇敢 +A -S (0%) | Q53: 1. H2/A0/B0/C32/D0/S32 (26.9%) 2. H1/A0/B1/C32/D0/S32 (22.7%) 3. H32/A0/B32/C0/D2/S0 (3.2%) 4. H31/A0/B26/C0/D0/S9 (2.7%) 5. H1/A0/B0/C32/D1/S32 (2%) | R53: 6. H0/A0/B2/C32/D0/S32 (1.8%) 7. H32/A0/B32/C0/D0/S2 (1.3%) 8. H32/A0/B30/C0/D2/S2 (1.2%) 9. H25/A0/B32/C0/D0/S9 (0.9%) 10. H0/A0/B0/C32/D0/S32 (0.9%) | S53: 1. 谜拟丘 2. 甲贺忍蛙 3. 铝钢桥龙 4. 烈咬陆鲨 5. 路卡利欧 | T53: 6. 火焰鸡 7. 彩粉蝶 8. 皮可西 9. 长耳兔 10. 快龙
A54: 53 | B54: 卡比兽 | C54: Snorlax | D54: 1. 地震 (70.3%) 2. 地裂 (56.7%) 3. 睡觉 (51.2%) 4. 击落 (38.9%) 5. 哈欠 (28.7%) 6. 冰冻拳 (24.2%) 7. 玉石俱碎 (13.8%) 8. 泰山压顶 (13.1%) 9. 双倍奉还 (11.4%) 10. 守住 (8.3%) | E54: 1. 吃剩的东西 (53.2%) 2. 零余果 (15.3%) 3. 莲蒲果 (11.7%) 4. 文柚果 (10%) 5. 木子果 (3.9%) 6. 丝绸围巾 (1.8%) 7. 达人带 (1.5%) 8. 先制之爪 (0.8%) 9. 生命宝珠 (0.4%) 10. 力量头带 (0.4%) | F54: 1. 厚脂肪 (92.3%) 2. 免疫 (7.1%) 3. 贪吃鬼 (0.5%) | G54: 1. 慎重 +D -C (59.7%) 2. 固执 +A -C (19.4%) 3. 淘气 +B -C (12.8%) 4. 悠闲 +B -S (2.9%) 5. 自大 +D -S (2.7%) 6. 勇敢 +A -S (1.4%) 7. 温和 +D -A (0.8%) 8. 大胆 +B -A (0.1%) 9. 慢吞吞 +C -B (0.1%) 10. 爽朗 +S -C (0.1%) | H54: 1. 呆壳兽 2. 超坏星 3. 皮可西 4. 大竺葵 5. 大剑鬼（洗翠的样子） 6. 烈咬陆鲨 7. 骨纹巨声鳄 8. 谜拟丘 9. 魔幻假面喵 10. 铝钢桥龙 | I54: 1. H32/A0/B2/C0/D32/S0 (32.8%) 2. H32/A0/B32/C0/D2/S0 (7.4%) 3. H32/A2/B0/C0/D32/S0 (6.5%) 4. H2/A32/B32/C0/D0/S0 (6%) 5. H0/A32/B32/C0/D2/S0 (3.8%) 6. H2/A0/B32/C0/D32/S0 (2.4%) 7. H2/A32/B0/C0/D32/S0 (2.4%) 8. H32/A32/B2/C0/D0/S0 (2.3%) 9. H22/A0/B32/C0/D12/S0 (1.9%) 10. H32/A2/B32/C0/D0/S0 (1.8%) | J54: 本期无显著变化 | K54: 1. 地震 (70.3%) 2. 地裂 (56.7%) 3. 睡觉 (51.2%) 4. 击落 (38.9%) 5. 哈欠 (28.7%) | L54: 6. 冰冻拳 (24.2%) 7. 玉石俱碎 (13.8%) 8. 泰山压顶 (13.1%) 9. 双倍奉还 (11.4%) 10. 守住 (8.3%) | M54: 1. 吃剩的东西 (53.2%) 2. 零余果 (15.3%) 3. 莲蒲果 (11.7%) 4. 文柚果 (10%) 5. 木子果 (3.9%) | N54: 6. 丝绸围巾 (1.8%) 7. 达人带 (1.5%) 8. 先制之爪 (0.8%) 9. 生命宝珠 (0.4%) 10. 力量头带 (0.4%) | O54: 1. 慎重 +D -C (59.7%) 2. 固执 +A -C (19.4%) 3. 淘气 +B -C (12.8%) 4. 悠闲 +B -S (2.9%) 5. 自大 +D -S (2.7%) | P54: 6. 勇敢 +A -S (1.4%) 7. 温和 +D -A (0.8%) 8. 大胆 +B -A (0.1%) 9. 慢吞吞 +C -B (0.1%) 10. 爽朗 +S -C (0.1%) | Q54: 1. H32/A0/B2/C0/D32/S0 (32.8%) 2. H32/A0/B32/C0/D2/S0 (7.4%) 3. H32/A2/B0/C0/D32/S0 (6.5%) 4. H2/A32/B32/C0/D0/S0 (6%) 5. H0/A32/B32/C0/D2/S0 (3.8%) | R54: 6. H2/A0/B32/C0/D32/S0 (2.4%) 7. H2/A32/B0/C0/D32/S0 (2.4%) 8. H32/A32/B2/C0/D0/S0 (2.3%) 9. H22/A0/B32/C0/D12/S0 (1.9%) 10. H32/A2/B32/C0/D0/S0 (1.8%) | S54: 1. 呆壳兽 2. 超坏星 3. 皮可西 4. 大竺葵 5. 大剑鬼（洗翠的样子） | T54: 6. 烈咬陆鲨 7. 骨纹巨声鳄 8. 谜拟丘 9. 魔幻假面喵 10. 铝钢桥龙
A55: 54 | B55: 狠辣椒 | C55: Scovillain | D55: 1. 寄生种子 (94.3%) 2. 守住 (91.1%) 3. 终极吸取 (67.7%) 4. 喷射火焰 (60.9%) 5. 飞叶风暴 (19.6%) 6. 妒火 (17.8%) 7. 替身 (16.4%) 8. 闪焰冲锋 (9.9%) 9. 过热 (7.5%) 10. 愤怒门牙 (2.2%) | E55: 1. 狠辣椒进化石 (88.6%) 2. 吃剩的东西 (9.2%) 3. 大根茎 (0.5%) 4. 生命宝珠 (0.5%) 5. 文柚果 (0.2%) 6. 白色香草 (0.2%) 7. 光粉 (0.2%) 8. 木炭 (0.2%) 9. 气势披带 (0.2%) 10. 棱瓜果 (0.1%) | F55: 1. 心情不定 (54.3%) 2. 不眠 (42.1%) 3. 叶绿素 (3.6%) | G55: 1. 大胆 +B -A (49.1%) 2. 内敛 +C -A (16.1%) 3. 温和 +D -A (14.7%) 4. 慎重 +D -C (8.5%) 5. 胆小 +S -A (7.7%) 6. 固执 +A -C (0.7%) 7. 悠闲 +B -S (0.7%) 8. 淘气 +B -C (0.6%) 9. 冷静 +C -S (0.6%) 10. 自大 +D -S (0.5%) | H55: 1. 烈咬陆鲨 2. 班基拉斯 3. 谜拟丘 4. 河马兽 5. 龙头地鼠 6. 铝钢桥龙 7. 魔幻假面喵 8. 快龙 9. 超坏星 10. 幽尾玄鱼 | I55: 1. H32/A0/B32/C0/D2/S0 (18.3%) 2. H31/A0/B3/C0/D32/S0 (9.5%) 3. H32/A0/B32/C2/D0/S0 (7.3%) 4. H32/A0/B2/C0/D32/S0 (7.1%) 5. H32/A0/B32/C0/D0/S2 (6.2%) 6. H31/A0/B32/C0/D3/S0 (3.3%) 7. H31/A0/B32/C2/D1/S0 (2.4%) 8. H21/A0/B18/C0/D6/S21 (2%) 9. H31/A0/B32/C3/D0/S0 (1.5%) 10. H32/A0/B7/C4/D22/S1 (1.5%) | J55: 本期无显著变化 | K55: 1. 寄生种子 (94.3%) 2. 守住 (91.1%) 3. 终极吸取 (67.7%) 4. 喷射火焰 (60.9%) 5. 飞叶风暴 (19.6%) | L55: 6. 妒火 (17.8%) 7. 替身 (16.4%) 8. 闪焰冲锋 (9.9%) 9. 过热 (7.5%) 10. 愤怒门牙 (2.2%) | M55: 1. 狠辣椒进化石 (88.6%) 2. 吃剩的东西 (9.2%) 3. 大根茎 (0.5%) 4. 生命宝珠 (0.5%) 5. 文柚果 (0.2%) | N55: 6. 白色香草 (0.2%) 7. 光粉 (0.2%) 8. 木炭 (0.2%) 9. 气势披带 (0.2%) 10. 棱瓜果 (0.1%) | O55: 1. 大胆 +B -A (49.1%) 2. 内敛 +C -A (16.1%) 3. 温和 +D -A (14.7%) 4. 慎重 +D -C (8.5%) 5. 胆小 +S -A (7.7%) | P55: 6. 固执 +A -C (0.7%) 7. 悠闲 +B -S (0.7%) 8. 淘气 +B -C (0.6%) 9. 冷静 +C -S (0.6%) 10. 自大 +D -S (0.5%) | Q55: 1. H32/A0/B32/C0/D2/S0 (18.3%) 2. H31/A0/B3/C0/D32/S0 (9.5%) 3. H32/A0/B32/C2/D0/S0 (7.3%) 4. H32/A0/B2/C0/D32/S0 (7.1%) 5. H32/A0/B32/C0/D0/S2 (6.2%) | R55: 6. H31/A0/B32/C0/D3/S0 (3.3%) 7. H31/A0/B32/C2/D1/S0 (2.4%) 8. H21/A0/B18/C0/D6/S21 (2%) 9. H31/A0/B32/C3/D0/S0 (1.5%) 10. H32/A0/B7/C4/D22/S1 (1.5%) | S55: 1. 烈咬陆鲨 2. 班基拉斯 3. 谜拟丘 4. 河马兽 5. 龙头地鼠 | T55: 6. 铝钢桥龙 7. 魔幻假面喵 8. 快龙 9. 超坏星 10. 幽尾玄鱼
A56: 55 | B56: 仙子伊布 | C56: Sylveon | D56: 1. 巨声 (98.2%) 2. 哈欠 (74.1%) 3. 电光一闪 (47.6%) 4. 魔法火焰 (44.1%) 5. 祈愿 (41.9%) 6. 守住 (39.2%) 7. 冥想 (12.7%) 8. 破坏光线 (9.2%) 9. 暗影球 (9%) 10. 看穿 (2.7%) | E56: 1. 吃剩的东西 (46.5%) 2. 妖精之羽 (37.5%) 3. 文柚果 (9.3%) 4. 生命宝珠 (1.5%) 5. 霹霹果 (1.2%) 6. 先制之爪 (0.9%) 7. 零余果 (0.7%) 8. 木子果 (0.5%) 9. 气势披带 (0.3%) 10. 光之黏土 (0.3%) | F56: 1. 妖精皮肤 (99.1%) 2. 迷人之躯 (0.9%) | G56: 1. 内敛 +C -A (46.9%) 2. 大胆 +B -A (38.1%) 3. 温和 +D -A (5.8%) 4. 冷静 +C -S (5.2%) 5. 悠闲 +B -S (2.3%) 6. 胆小 +S -A (0.8%) 7. 慢吞吞 +C -B (0.4%) 8. 自大 +D -S (0.3%) 9. 马虎 +C -D (0.1%) 10. 认真 (0.1%) | H56: 1. 烈咬陆鲨 2. 铝钢桥龙 3. 暴鲤龙 4. 巨金怪 5. 喷火龙 6. 妖火红狐 7. 谜拟丘 8. 快龙 9. 甲贺忍蛙 10. 魔幻假面喵 | I56: 1. H32/A0/B32/C0/D2/S0 (16.3%) 2. H32/A0/B32/C0/D0/S2 (9.9%) 3. H32/A0/B0/C32/D0/S2 (9%) 4. H32/A0/B32/C2/D0/S0 (4.3%) 5. H19/A0/B8/C30/D0/S9 (3.9%) 6. H32/A0/B2/C32/D0/S0 (3.8%) 7. H21/A0/B10/C30/D2/S3 (3.2%) 8. H32/A0/B0/C32/D2/S0 (3.1%) 9. H31/A0/B32/C0/D3/S0 (2%) 10. H21/A0/B13/C32/D0/S0 (1.6%) | J56: 本期无显著变化 | K56: 1. 巨声 (98.2%) 2. 哈欠 (74.1%) 3. 电光一闪 (47.6%) 4. 魔法火焰 (44.1%) 5. 祈愿 (41.9%) | L56: 6. 守住 (39.2%) 7. 冥想 (12.7%) 8. 破坏光线 (9.2%) 9. 暗影球 (9%) 10. 看穿 (2.7%) | M56: 1. 吃剩的东西 (46.5%) 2. 妖精之羽 (37.5%) 3. 文柚果 (9.3%) 4. 生命宝珠 (1.5%) 5. 霹霹果 (1.2%) | N56: 6. 先制之爪 (0.9%) 7. 零余果 (0.7%) 8. 木子果 (0.5%) 9. 气势披带 (0.3%) 10. 光之黏土 (0.3%) | O56: 1. 内敛 +C -A (46.9%) 2. 大胆 +B -A (38.1%) 3. 温和 +D -A (5.8%) 4. 冷静 +C -S (5.2%) 5. 悠闲 +B -S (2.3%) | P56: 6. 胆小 +S -A (0.8%) 7. 慢吞吞 +C -B (0.4%) 8. 自大 +D -S (0.3%) 9. 马虎 +C -D (0.1%) 10. 认真 (0.1%) | Q56: 1. H32/A0/B32/C0/D2/S0 (16.3%) 2. H32/A0/B32/C0/D0/S2 (9.9%) 3. H32/A0/B0/C32/D0/S2 (9%) 4. H32/A0/B32/C2/D0/S0 (4.3%) 5. H19/A0/B8/C30/D0/S9 (3.9%) | R56: 6. H32/A0/B2/C32/D0/S0 (3.8%) 7. H21/A0/B10/C30/D2/S3 (3.2%) 8. H32/A0/B0/C32/D2/S0 (3.1%) 9. H31/A0/B32/C0/D3/S0 (2%) 10. H21/A0/B13/C32/D0/S0 (1.6%) | S56: 1. 烈咬陆鲨 2. 铝钢桥龙 3. 暴鲤龙 4. 巨金怪 5. 喷火龙 | T56: 6. 妖火红狐 7. 谜拟丘 8. 快龙 9. 甲贺忍蛙 10. 魔幻假面喵
A57: 56 | B57: 大狃拉 | C57: Sneasler | D57: 1. 近身战 (96.4%) 2. 克命爪 (94.4%) 3. 击掌奇袭 (47.6%) 4. 深渊突刺 (36.3%) 5. 急速折返 (25.1%) 6. 剑舞 (19.6%) 7. 杂技 (11.9%) 8. 暗影爪 (8.2%) 9. 岩崩 (8.1%) 10. 挑衅 (7.8%) | E57: 1. 白色香草 (39.2%) 2. 气势披带 (30.3%) 3. 文柚果 (10.2%) 4. 讲究围巾 (9.5%) 5. 生命宝珠 (4.4%) 6. 王者之证 (1%) 7. 电气球 (0.8%) 8. 先制之爪 (0.5%) 9. 毒针 (0.3%) 10. 贝壳之铃 (0.3%) | F57: 1. 轻装 (70.2%) 2. 毒手 (29.4%) 3. 压迫感 (0.4%) | G57: 1. 固执 +A -C (59.4%) 2. 爽朗 +S -C (34.8%) 3. 淘气 +B -C (2%) 4. 顽皮 +A -D (1.5%) 5. 怕寂寞 +A -B (0.7%) 6. 天真 +S -D (0.4%) 7. 慎重 +D -C (0.4%) 8. 急躁 +S -B (0.3%) 9. 坦率 (0.2%) 10. 温顺 +D -B (0.1%) | H57: 1. 烈咬陆鲨 2. 谜拟丘 3. 魔幻假面喵 4. 铝钢桥龙 5. 巨金怪 6. 暴鲤龙 7. 妖火红狐 8. 河马兽 9. 西狮海壬 10. 三首恶龙 | I57: 1. H2/A32/B0/C0/D0/S32 (51.3%) 2. H0/A32/B2/C0/D0/S32 (9.6%) 3. H0/A32/B0/C0/D2/S32 (5.8%) 4. H0/A32/B0/C0/D0/S32 (4.4%) 5. H4/A32/B0/C0/D0/S30 (1.5%) 6. H0/A32/B1/C0/D1/S32 (1.1%) 7. H29/A32/B0/C0/D0/S5 (1%) 8. H30/A10/B22/C0/D0/S4 (0.7%) 9. H1/A32/B0/C0/D0/S32 (0.7%) 10. H1/A32/B1/C0/D0/S32 (0.7%) | J57: 本期无显著变化 | K57: 1. 近身战 (96.4%) 2. 克命爪 (94.4%) 3. 击掌奇袭 (47.6%) 4. 深渊突刺 (36.3%) 5. 急速折返 (25.1%) | L57: 6. 剑舞 (19.6%) 7. 杂技 (11.9%) 8. 暗影爪 (8.2%) 9. 岩崩 (8.1%) 10. 挑衅 (7.8%) | M57: 1. 白色香草 (39.2%) 2. 气势披带 (30.3%) 3. 文柚果 (10.2%) 4. 讲究围巾 (9.5%) 5. 生命宝珠 (4.4%) | N57: 6. 王者之证 (1%) 7. 电气球 (0.8%) 8. 先制之爪 (0.5%) 9. 毒针 (0.3%) 10. 贝壳之铃 (0.3%) | O57: 1. 固执 +A -C (59.4%) 2. 爽朗 +S -C (34.8%) 3. 淘气 +B -C (2%) 4. 顽皮 +A -D (1.5%) 5. 怕寂寞 +A -B (0.7%) | P57: 6. 天真 +S -D (0.4%) 7. 慎重 +D -C (0.4%) 8. 急躁 +S -B (0.3%) 9. 坦率 (0.2%) 10. 温顺 +D -B (0.1%) | Q57: 1. H2/A32/B0/C0/D0/S32 (51.3%) 2. H0/A32/B2/C0/D0/S32 (9.6%) 3. H0/A32/B0/C0/D2/S32 (5.8%) 4. H0/A32/B0/C0/D0/S32 (4.4%) 5. H4/A32/B0/C0/D0/S30 (1.5%) | R57: 6. H0/A32/B1/C0/D1/S32 (1.1%) 7. H29/A32/B0/C0/D0/S5 (1%) 8. H30/A10/B22/C0/D0/S4 (0.7%) 9. H1/A32/B0/C0/D0/S32 (0.7%) 10. H1/A32/B1/C0/D0/S32 (0.7%) | S57: 1. 烈咬陆鲨 2. 谜拟丘 3. 魔幻假面喵 4. 铝钢桥龙 5. 巨金怪 | T57: 6. 暴鲤龙 7. 妖火红狐 8. 河马兽 9. 西狮海壬 10. 三首恶龙
A58: 57 | B58: 弃世猴 | C58: Annihilape | D58: 1. 愤怒之拳 (98.5%) 2. 吸取拳 (88.9%) 3. 健美 (80.9%) 4. 挑衅 (73.8%) 5. 隐形岩 (13.3%) 6. 冰冻拳 (6.9%) 7. 再来一次 (5.4%) 8. 投掷 (3.9%) 9. 岩石封锁 (3.9%) 10. 近身战 (3.4%) | E58: 1. 吃剩的东西 (49.5%) 2. 文柚果 (31.6%) 3. 电气球 (3.9%) 4. 木子果 (3.3%) 5. 气势披带 (2.8%) 6. 生命宝珠 (1.5%) 7. 零余果 (1.5%) 8. 讲究围巾 (1.1%) 9. 佛柑果 (0.6%) 10. 福禄果 (0.6%) | F58: 1. 不服输 (75%) 2. 干劲 (21.3%) 3. 精神力 (3.7%) | G58: 1. 固执 +A -C (45.6%) 2. 爽朗 +S -C (26.4%) 3. 慎重 +D -C (13.8%) 4. 淘气 +B -C (13.1%) 5. 勇敢 +A -S (0.3%) 6. 怕寂寞 +A -B (0.2%) 7. 胆小 +S -A (0.2%) 8. 顽皮 +A -D (0.1%) 9. 天真 +S -D (0.1%) 10. 乐天 +B -D (0.1%) | H58: 1. 烈咬陆鲨 2. 暴鲤龙 3. 巨金怪 4. 谜拟丘 5. 喷火龙 6. 九尾（阿罗拉的样子） 7. 妖火红狐 8. 铝钢桥龙 9. 魔幻假面喵 10. 甲贺忍蛙 | I58: 1. H32/A32/B2/C0/D0/S0 (7.8%) 2. H32/A2/B0/C0/D0/S32 (5.9%) 3. H24/A0/B12/C0/D0/S30 (4.8%) 4. H32/A32/B0/C0/D0/S2 (4.7%) 5. H32/A15/B1/C0/D18/S0 (3.8%) 6. H32/A5/B1/C0/D23/S5 (3.5%) 7. H2/A32/B0/C0/D0/S32 (2.8%) 8. H32/A0/B32/C0/D2/S0 (2.4%) 9. H32/A0/B2/C0/D32/S0 (2.2%) 10. H32/A2/B32/C0/D0/S0 (2.2%) | J58: 本期无显著变化 | K58: 1. 愤怒之拳 (98.5%) 2. 吸取拳 (88.9%) 3. 健美 (80.9%) 4. 挑衅 (73.8%) 5. 隐形岩 (13.3%) | L58: 6. 冰冻拳 (6.9%) 7. 再来一次 (5.4%) 8. 投掷 (3.9%) 9. 岩石封锁 (3.9%) 10. 近身战 (3.4%) | M58: 1. 吃剩的东西 (49.5%) 2. 文柚果 (31.6%) 3. 电气球 (3.9%) 4. 木子果 (3.3%) 5. 气势披带 (2.8%) | N58: 6. 生命宝珠 (1.5%) 7. 零余果 (1.5%) 8. 讲究围巾 (1.1%) 9. 佛柑果 (0.6%) 10. 福禄果 (0.6%) | O58: 1. 固执 +A -C (45.6%) 2. 爽朗 +S -C (26.4%) 3. 慎重 +D -C (13.8%) 4. 淘气 +B -C (13.1%) 5. 勇敢 +A -S (0.3%) | P58: 6. 怕寂寞 +A -B (0.2%) 7. 胆小 +S -A (0.2%) 8. 顽皮 +A -D (0.1%) 9. 天真 +S -D (0.1%) 10. 乐天 +B -D (0.1%) | Q58: 1. H32/A32/B2/C0/D0/S0 (7.8%) 2. H32/A2/B0/C0/D0/S32 (5.9%) 3. H24/A0/B12/C0/D0/S30 (4.8%) 4. H32/A32/B0/C0/D0/S2 (4.7%) 5. H32/A15/B1/C0/D18/S0 (3.8%) | R58: 6. H32/A5/B1/C0/D23/S5 (3.5%) 7. H2/A32/B0/C0/D0/S32 (2.8%) 8. H32/A0/B32/C0/D2/S0 (2.4%) 9. H32/A0/B2/C0/D32/S0 (2.2%) 10. H32/A2/B32/C0/D0/S0 (2.2%) | S58: 1. 烈咬陆鲨 2. 暴鲤龙 3. 巨金怪 4. 谜拟丘 5. 喷火龙 | T58: 6. 九尾（阿罗拉的样子） 7. 妖火红狐 8. 铝钢桥龙 9. 魔幻假面喵 10. 甲贺忍蛙
A59: 58 | B59: 象牙猪 | C59: Mamoswine | D59: 1. 地震 (99.6%) 2. 冰砾 (96.9%) 3. 冰锥 (50.3%) 4. 冰柱坠击 (33.5%) 5. 蛮干 (28.7%) 6. 隐形岩 (26.5%) 7. 岩石封锁 (24.7%) 8. 冷冻干燥 (7.6%) 9. 尖石攻击 (6.9%) 10. 岩崩 (4.8%) | E59: 1. 气势披带 (84%) 2. 生命宝珠 (4.4%) 3. 讲究围巾 (3.3%) 4. 文柚果 (2.6%) 5. 达人带 (1%) 6. 木子果 (1%) 7. 不融冰 (0.9%) 8. 先制之爪 (0.8%) 9. 莲蒲果 (0.7%) 10. 霹霹果 (0.3%) | F59: 1. 厚脂肪 (55.6%) 2. 迟钝 (42.8%) 3. 雪隐 (1.6%) | G59: 1. 固执 +A -C (73.9%) 2. 爽朗 +S -C (14.5%) 3. 顽皮 +A -D (5.8%) 4. 天真 +S -D (1.6%) 5. 淘气 +B -C (1.5%) 6. 怕寂寞 +A -B (1.3%) 7. 勇敢 +A -S (0.7%) 8. 慎重 +D -C (0.3%) 9. 马虎 +C -D (0.2%) 10. 急躁 +S -B (0.2%) | H59: 1. 谜拟丘 2. 西狮海壬 3. 巨金怪 4. 铝钢桥龙 5. 三首恶龙 6. 喷火龙 7. 魔幻假面喵 8. 暴鲤龙 9. 雷丘 10. 清洗洛托姆 | I59: 1. H2/A32/B0/C0/D0/S32 (49.1%) 2. H0/A32/B2/C0/D0/S32 (11.8%) 3. H0/A32/B0/C0/D2/S32 (8%) 4. H32/A32/B0/C0/D0/S2 (2.7%) 5. H0/A32/B0/C0/D0/S32 (2.5%) 6. H32/A32/B2/C0/D0/S0 (2.4%) 7. H0/A32/B0/C2/D0/S32 (2.1%) 8. H0/A32/B1/C0/D1/S32 (1.6%) 9. H32/A32/B0/C0/D2/S0 (1.5%) 10. H2/A32/B32/C0/D0/S0 (1.2%) | J59: 本期无显著变化 | K59: 1. 地震 (99.6%) 2. 冰砾 (96.9%) 3. 冰锥 (50.3%) 4. 冰柱坠击 (33.5%) 5. 蛮干 (28.7%) | L59: 6. 隐形岩 (26.5%) 7. 岩石封锁 (24.7%) 8. 冷冻干燥 (7.6%) 9. 尖石攻击 (6.9%) 10. 岩崩 (4.8%) | M59: 1. 气势披带 (84%) 2. 生命宝珠 (4.4%) 3. 讲究围巾 (3.3%) 4. 文柚果 (2.6%) 5. 达人带 (1%) | N59: 6. 木子果 (1%) 7. 不融冰 (0.9%) 8. 先制之爪 (0.8%) 9. 莲蒲果 (0.7%) 10. 霹霹果 (0.3%) | O59: 1. 固执 +A -C (73.9%) 2. 爽朗 +S -C (14.5%) 3. 顽皮 +A -D (5.8%) 4. 天真 +S -D (1.6%) 5. 淘气 +B -C (1.5%) | P59: 6. 怕寂寞 +A -B (1.3%) 7. 勇敢 +A -S (0.7%) 8. 慎重 +D -C (0.3%) 9. 马虎 +C -D (0.2%) 10. 急躁 +S -B (0.2%) | Q59: 1. H2/A32/B0/C0/D0/S32 (49.1%) 2. H0/A32/B2/C0/D0/S32 (11.8%) 3. H0/A32/B0/C0/D2/S32 (8%) 4. H32/A32/B0/C0/D0/S2 (2.7%) 5. H0/A32/B0/C0/D0/S32 (2.5%) | R59: 6. H32/A32/B2/C0/D0/S0 (2.4%) 7. H0/A32/B0/C2/D0/S32 (2.1%) 8. H0/A32/B1/C0/D1/S32 (1.6%) 9. H32/A32/B0/C0/D2/S0 (1.5%) 10. H2/A32/B32/C0/D0/S0 (1.2%) | S59: 1. 谜拟丘 2. 西狮海壬 3. 巨金怪 4. 铝钢桥龙 5. 三首恶龙 | T59: 6. 喷火龙 7. 魔幻假面喵 8. 暴鲤龙 9. 雷丘 10. 清洗洛托姆
A60: 59 | B60: 加热洛托姆 | C60: Rotom-Heat | D60: 1. 过热 (98.6%) 2. 伏特替换 (90.7%) 3. 磷火 (70.5%) 4. 十万伏特 (46.5%) 5. 戏法 (35%) 6. 分担痛楚 (14%) 7. 光墙 (10.1%) 8. 放电 (5.7%) 9. 诡计 (4.9%) 10. 移花接木 (4.7%) | E60: 1. 讲究围巾 (38%) 2. 文柚果 (26.5%) 3. 吃剩的东西 (23.6%) 4. 白色香草 (3.2%) 5. 生命宝珠 (1.3%) 6. 木炭 (1%) 7. 千香果 (0.9%) 8. 木子果 (0.9%) 9. 气势披带 (0.7%) 10. 零余果 (0.5%) | F60: 1. 飘浮 (100%) | G60: 1. 内敛 +C -A (47.9%) 2. 大胆 +B -A (21.2%) 3. 胆小 +S -A (20.4%) 4. 温和 +D -A (9.4%) 5. 悠闲 +B -S (0.5%) 6. 慢吞吞 +C -B (0.2%) 7. 自大 +D -S (0.2%) 8. 急躁 +S -B (0.1%) 9. 温顺 +D -B (0%) 10. 冷静 +C -S (0%) | H60: 1. 烈咬陆鲨 2. 巨金怪 3. 西狮海壬 4. 谜拟丘 5. 河马兽 6. 宝石海星 7. 三首恶龙 8. 暴鲤龙 9. 魔幻假面喵 10. 铝钢桥龙 | I60: 1. H2/A0/B0/C32/D0/S32 (25.1%) 2. H32/A0/B0/C5/D29/S0 (8.2%) 3. H32/A0/B32/C0/D2/S0 (5.7%) 4. H32/A0/B32/C2/D0/S0 (4.7%) 5. H32/A0/B0/C32/D0/S2 (4.6%) 6. H0/A0/B2/C32/D0/S32 (2.7%) 7. H0/A0/B0/C32/D2/S32 (2.1%) 8. H32/A0/B2/C32/D0/S0 (2.1%) 9. H32/A0/B32/C0/D0/S2 (1.8%) 10. H32/A0/B2/C0/D32/S0 (1.8%) | J60: 本期无显著变化 | K60: 1. 过热 (98.6%) 2. 伏特替换 (90.7%) 3. 磷火 (70.5%) 4. 十万伏特 (46.5%) 5. 戏法 (35%) | L60: 6. 分担痛楚 (14%) 7. 光墙 (10.1%) 8. 放电 (5.7%) 9. 诡计 (4.9%) 10. 移花接木 (4.7%) | M60: 1. 讲究围巾 (38%) 2. 文柚果 (26.5%) 3. 吃剩的东西 (23.6%) 4. 白色香草 (3.2%) 5. 生命宝珠 (1.3%) | N60: 6. 木炭 (1%) 7. 千香果 (0.9%) 8. 木子果 (0.9%) 9. 气势披带 (0.7%) 10. 零余果 (0.5%) | O60: 1. 内敛 +C -A (47.9%) 2. 大胆 +B -A (21.2%) 3. 胆小 +S -A (20.4%) 4. 温和 +D -A (9.4%) 5. 悠闲 +B -S (0.5%) | P60: 6. 慢吞吞 +C -B (0.2%) 7. 自大 +D -S (0.2%) 8. 急躁 +S -B (0.1%) 9. 温顺 +D -B (0%) 10. 冷静 +C -S (0%) | Q60: 1. H2/A0/B0/C32/D0/S32 (25.1%) 2. H32/A0/B0/C5/D29/S0 (8.2%) 3. H32/A0/B32/C0/D2/S0 (5.7%) 4. H32/A0/B32/C2/D0/S0 (4.7%) 5. H32/A0/B0/C32/D0/S2 (4.6%) | R60: 6. H0/A0/B2/C32/D0/S32 (2.7%) 7. H0/A0/B0/C32/D2/S32 (2.1%) 8. H32/A0/B2/C32/D0/S0 (2.1%) 9. H32/A0/B32/C0/D0/S2 (1.8%) 10. H32/A0/B2/C0/D32/S0 (1.8%) | S60: 1. 烈咬陆鲨 2. 巨金怪 3. 西狮海壬 4. 谜拟丘 5. 河马兽 | T60: 6. 宝石海星 7. 三首恶龙 8. 暴鲤龙 9. 魔幻假面喵 10. 铝钢桥龙
A61: 60 | B61: 呆壳兽 | C61: Slowbro | D61: 1. 偷懒 (88.4%) 2. 热水 (83.7%) 3. 铁壁 (66.3%) 4. 冰冻光束 (43.7%) 5. 扑击 (34.6%) 6. 冥想 (13.4%) 7. 喷射火焰 (11.9%) 8. 精神强念 (7.8%) 9. 戏法空间 (7.7%) 10. 瞬间失忆 (6.1%) | E61: 1. 呆壳兽进化石 (79.2%) 2. 文柚果 (7.8%) 3. 吃剩的东西 (4.6%) 4. 达人带 (3.5%) 5. 光粉 (1.3%) 6. 生命宝珠 (0.8%) 7. 先制之爪 (0.5%) 8. 木子果 (0.3%) 9. 博识眼镜 (0.2%) 10. 佛柑果 (0.2%) | F61: 1. 再生力 (94.4%) 2. 迟钝 (5.1%) 3. 我行我素 (0.5%) | G61: 1. 大胆 +B -A (71.6%) 2. 内敛 +C -A (11.7%) 3. 温和 +D -A (10.2%) 4. 悠闲 +B -S (3.2%) 5. 冷静 +C -S (1.5%) 6. 自大 +D -S (1.3%) 7. 淘气 +B -C (0.2%) 8. 胆小 +S -A (0.1%) 9. 固执 +A -C (0.1%) 10. 急躁 +S -B (0.1%) | H61: 1. 卡比兽 2. 超坏星 3. 皮可西 4. 大竺葵 5. 大剑鬼（洗翠的样子） 6. 烈咬陆鲨 7. 谜拟丘 8. 骨纹巨声鳄 9. 班基拉斯 10. 铝钢桥龙 | I61: 1. H32/A0/B32/C0/D2/S0 (40.3%) 2. H31/A0/B32/C0/D3/S0 (8%) 3. H32/A0/B32/C2/D0/S0 (6.5%) 4. H32/A0/B2/C0/D32/S0 (4.3%) 5. H32/A0/B0/C32/D2/S0 (2.8%) 6. H31/A0/B32/C3/D0/S0 (2%) 7. H32/A0/B0/C14/D20/S0 (1.9%) 8. H31/A0/B32/C1/D2/S0 (1.6%) 9. H32/A0/B32/C0/D0/S0 (1.6%) 10. H31/A0/B0/C16/D19/S0 (1.3%) | J61: 本期无显著变化 | K61: 1. 偷懒 (88.4%) 2. 热水 (83.7%) 3. 铁壁 (66.3%) 4. 冰冻光束 (43.7%) 5. 扑击 (34.6%) | L61: 6. 冥想 (13.4%) 7. 喷射火焰 (11.9%) 8. 精神强念 (7.8%) 9. 戏法空间 (7.7%) 10. 瞬间失忆 (6.1%) | M61: 1. 呆壳兽进化石 (79.2%) 2. 文柚果 (7.8%) 3. 吃剩的东西 (4.6%) 4. 达人带 (3.5%) 5. 光粉 (1.3%) | N61: 6. 生命宝珠 (0.8%) 7. 先制之爪 (0.5%) 8. 木子果 (0.3%) 9. 博识眼镜 (0.2%) 10. 佛柑果 (0.2%) | O61: 1. 大胆 +B -A (71.6%) 2. 内敛 +C -A (11.7%) 3. 温和 +D -A (10.2%) 4. 悠闲 +B -S (3.2%) 5. 冷静 +C -S (1.5%) | P61: 6. 自大 +D -S (1.3%) 7. 淘气 +B -C (0.2%) 8. 胆小 +S -A (0.1%) 9. 固执 +A -C (0.1%) 10. 急躁 +S -B (0.1%) | Q61: 1. H32/A0/B32/C0/D2/S0 (40.3%) 2. H31/A0/B32/C0/D3/S0 (8%) 3. H32/A0/B32/C2/D0/S0 (6.5%) 4. H32/A0/B2/C0/D32/S0 (4.3%) 5. H32/A0/B0/C32/D2/S0 (2.8%) | R61: 6. H31/A0/B32/C3/D0/S0 (2%) 7. H32/A0/B0/C14/D20/S0 (1.9%) 8. H31/A0/B32/C1/D2/S0 (1.6%) 9. H32/A0/B32/C0/D0/S0 (1.6%) 10. H31/A0/B0/C16/D19/S0 (1.3%) | S61: 1. 卡比兽 2. 超坏星 3. 皮可西 4. 大竺葵 5. 大剑鬼（洗翠的样子） | T61: 6. 烈咬陆鲨 7. 谜拟丘 8. 骨纹巨声鳄 9. 班基拉斯 10. 铝钢桥龙
A62: 61 | B62: 美纳斯 | C62: Milotic | D62: 1. 热水 (96.4%) 2. 自我再生 (96.1%) 3. 镜面反射 (67.2%) 4. 冰冻光束 (63.5%) 5. 黑雾 (33.5%) 6. 盘蜷 (4.7%) 7. 快速折返 (4.6%) 8. 魅诱之声 (4.6%) 9. 催眠术 (4%) 10. 冰冻之风 (3.7%) | E62: 1. 吃剩的东西 (66%) 2. 文柚果 (19.7%) 3. 木子果 (3.7%) 4. 烛木果 (1.8%) 5. 气势披带 (1.6%) 6. 光粉 (1.1%) 7. 神秘水滴 (1%) 8. 贝壳之铃 (0.9%) 9. 先制之爪 (0.7%) 10. 达人带 (0.6%) | F62: 1. 好胜 (68.3%) 2. 神奇鳞片 (19.9%) 3. 迷人之躯 (11.8%) | G62: 1. 大胆 +B -A (63.3%) 2. 温和 +D -A (24.6%) 3. 内敛 +C -A (7.7%) 4. 悠闲 +B -S (1.8%) 5. 自大 +D -S (1.1%) 6. 冷静 +C -S (0.4%) 7. 慎重 +D -C (0.3%) 8. 慢吞吞 +C -B (0.2%) 9. 温顺 +D -B (0.2%) 10. 胆小 +S -A (0.1%) | H62: 1. 烈咬陆鲨 2. 谜拟丘 3. 巨金怪 4. 三首恶龙 5. 魔幻假面喵 6. 耿鬼 7. 大嘴娃 8. 火焰鸡 9. 妖火红狐 10. 喷火龙 | I62: 1. H32/A0/B32/C0/D2/S0 (25.4%) 2. H32/A0/B32/C1/D1/S0 (6.1%) 3. H32/A0/B32/C2/D0/S0 (5%) 4. H31/A0/B32/C0/D3/S0 (4.9%) 5. H32/A0/B2/C0/D32/S0 (4.6%) 6. H32/A0/B0/C2/D32/S0 (3.4%) 7. H32/A0/B32/C0/D0/S2 (3.1%) 8. H32/A0/B27/C0/D0/S7 (2.3%) 9. H2/A0/B32/C0/D32/S0 (1.8%) 10. H32/A0/B32/C0/D0/S0 (1.6%) | J62: 本期无显著变化 | K62: 1. 热水 (96.4%) 2. 自我再生 (96.1%) 3. 镜面反射 (67.2%) 4. 冰冻光束 (63.5%) 5. 黑雾 (33.5%) | L62: 6. 盘蜷 (4.7%) 7. 快速折返 (4.6%) 8. 魅诱之声 (4.6%) 9. 催眠术 (4%) 10. 冰冻之风 (3.7%) | M62: 1. 吃剩的东西 (66%) 2. 文柚果 (19.7%) 3. 木子果 (3.7%) 4. 烛木果 (1.8%) 5. 气势披带 (1.6%) | N62: 6. 光粉 (1.1%) 7. 神秘水滴 (1%) 8. 贝壳之铃 (0.9%) 9. 先制之爪 (0.7%) 10. 达人带 (0.6%) | O62: 1. 大胆 +B -A (63.3%) 2. 温和 +D -A (24.6%) 3. 内敛 +C -A (7.7%) 4. 悠闲 +B -S (1.8%) 5. 自大 +D -S (1.1%) | P62: 6. 冷静 +C -S (0.4%) 7. 慎重 +D -C (0.3%) 8. 慢吞吞 +C -B (0.2%) 9. 温顺 +D -B (0.2%) 10. 胆小 +S -A (0.1%) | Q62: 1. H32/A0/B32/C0/D2/S0 (25.4%) 2. H32/A0/B32/C1/D1/S0 (6.1%) 3. H32/A0/B32/C2/D0/S0 (5%) 4. H31/A0/B32/C0/D3/S0 (4.9%) 5. H32/A0/B2/C0/D32/S0 (4.6%) | R62: 6. H32/A0/B0/C2/D32/S0 (3.4%) 7. H32/A0/B32/C0/D0/S2 (3.1%) 8. H32/A0/B27/C0/D0/S7 (2.3%) 9. H2/A0/B32/C0/D32/S0 (1.8%) 10. H32/A0/B32/C0/D0/S0 (1.6%) | S62: 1. 烈咬陆鲨 2. 谜拟丘 3. 巨金怪 4. 三首恶龙 5. 魔幻假面喵 | T62: 6. 耿鬼 7. 大嘴娃 8. 火焰鸡 9. 妖火红狐 10. 喷火龙
A63: 62 | B63: 蜥蜴王 | C63: Sceptile | D63: 1. 龙之波动 (88.3%) 2. 大地之力 (82.2%) 3. 飞叶风暴 (76.2%) 4. 断尾 (59.1%) 5. 能量球 (20.1%) 6. 替身 (17.4%) 7. 真空波 (15.2%) 8. 真气弹 (13.3%) 9. 蛮干 (4.9%) 10. 终极吸取 (3.9%) | E63: 1. 蜥蜴王进化石 (82.1%) 2. 气势披带 (5.3%) 3. 文柚果 (4.8%) 4. 白色香草 (2.5%) 5. 讲究围巾 (1.8%) 6. 橙橙果 (0.4%) 7. 吃剩的东西 (0.2%) 8. 生命宝珠 (0.2%) 9. 光粉 (0.1%) 10. 巧可果 (0.1%) | F63: 1. 茂盛 (81.9%) 2. 轻装 (18.1%) | G63: 1. 胆小 +S -A (85.1%) 2. 内敛 +C -A (8.9%) 3. 天真 +S -D (1.1%) 4. 大胆 +B -A (1%) 5. 爽朗 +S -C (0.8%) 6. 固执 +A -C (0.7%) 7. 急躁 +S -B (0.5%) 8. 马虎 +C -D (0.4%) 9. 慢吞吞 +C -B (0.3%) 10. 怕寂寞 +A -B (0.3%) | H63: 1. 烈咬陆鲨 2. 河马兽 3. 谜拟丘 4. 西狮海壬 5. 火焰鸡 6. 铝钢桥龙 7. 暴鲤龙 8. 苍炎刃鬼 9. 甲贺忍蛙 10. 骨纹巨声鳄 | I63: 1. H2/A0/B0/C32/D0/S32 (69%) 2. H0/A0/B2/C32/D0/S32 (8.4%) 3. H0/A0/B0/C32/D2/S32 (3.8%) 4. H1/A0/B1/C32/D0/S32 (3.1%) 5. H2/A0/B1/C32/D0/S31 (1.7%) 6. H4/A0/B0/C32/D0/S30 (1.2%) 7. H2/A32/B0/C0/D0/S32 (0.9%) 8. H0/A2/B0/C32/D0/S32 (0.9%) 9. H0/A0/B0/C32/D0/S32 (0.7%) 10. H3/A0/B0/C32/D0/S31 (0.6%) | J63: 本期无显著变化 | K63: 1. 龙之波动 (88.3%) 2. 大地之力 (82.2%) 3. 飞叶风暴 (76.2%) 4. 断尾 (59.1%) 5. 能量球 (20.1%) | L63: 6. 替身 (17.4%) 7. 真空波 (15.2%) 8. 真气弹 (13.3%) 9. 蛮干 (4.9%) 10. 终极吸取 (3.9%) | M63: 1. 蜥蜴王进化石 (82.1%) 2. 气势披带 (5.3%) 3. 文柚果 (4.8%) 4. 白色香草 (2.5%) 5. 讲究围巾 (1.8%) | N63: 6. 橙橙果 (0.4%) 7. 吃剩的东西 (0.2%) 8. 生命宝珠 (0.2%) 9. 光粉 (0.1%) 10. 巧可果 (0.1%) | O63: 1. 胆小 +S -A (85.1%) 2. 内敛 +C -A (8.9%) 3. 天真 +S -D (1.1%) 4. 大胆 +B -A (1%) 5. 爽朗 +S -C (0.8%) | P63: 6. 固执 +A -C (0.7%) 7. 急躁 +S -B (0.5%) 8. 马虎 +C -D (0.4%) 9. 慢吞吞 +C -B (0.3%) 10. 怕寂寞 +A -B (0.3%) | Q63: 1. H2/A0/B0/C32/D0/S32 (69%) 2. H0/A0/B2/C32/D0/S32 (8.4%) 3. H0/A0/B0/C32/D2/S32 (3.8%) 4. H1/A0/B1/C32/D0/S32 (3.1%) 5. H2/A0/B1/C32/D0/S31 (1.7%) | R63: 6. H4/A0/B0/C32/D0/S30 (1.2%) 7. H2/A32/B0/C0/D0/S32 (0.9%) 8. H0/A2/B0/C32/D0/S32 (0.9%) 9. H0/A0/B0/C32/D0/S32 (0.7%) 10. H3/A0/B0/C32/D0/S31 (0.6%) | S63: 1. 烈咬陆鲨 2. 河马兽 3. 谜拟丘 4. 西狮海壬 5. 火焰鸡 | T63: 6. 铝钢桥龙 7. 暴鲤龙 8. 苍炎刃鬼 9. 甲贺忍蛙 10. 骨纹巨声鳄
A64: 63 | B64: 索罗亚克（洗翠） | C64: Zoroark-Hisui | D64: 1. 冤冤相报 (64.7%) 2. 冰冻之风 (52.1%) 3. 喷射火焰 (37.4%) 4. 暗影球 (32.3%) 5. 真气弹 (30.6%) 6. 挑衅 (24.2%) 7. 影子偷袭 (22.7%) 8. 临别礼物 (14.8%) 9. 磷火 (14.5%) 10. 巨声 (14.1%) | E64: 1. 气势披带 (67.6%) 2. 讲究围巾 (12.5%) 3. 生命宝珠 (9.6%) 4. 光粉 (1.8%) 5. 达人带 (1.8%) 6. 博识眼镜 (1.3%) 7. 刺耳果 (0.9%) 8. 咒术之符 (0.7%) 9. 广角镜 (0.6%) 10. 文柚果 (0.6%) | F64: 1. 幻觉 (100%) | G64: 1. 胆小 +S -A (60.7%) 2. 内敛 +C -A (20%) 3. 天真 +S -D (11.1%) 4. 急躁 +S -B (3.8%) 5. 慢吞吞 +C -B (1.1%) 6. 马虎 +C -D (1.1%) 7. 爽朗 +S -C (0.6%) 8. 冷静 +C -S (0.4%) 9. 悠闲 +B -S (0.3%) 10. 大胆 +B -A (0.3%) | H64: 1. 烈咬陆鲨 2. 铝钢桥龙 3. 魔幻假面喵 4. 巨金怪 5. 谜拟丘 6. 火焰鸡 7. 暴鲤龙 8. 宝石海星 9. 姆克鹰 10. 雷丘 | I64: 1. H2/A0/B0/C32/D0/S32 (46.2%) 2. H1/A0/B1/C32/D0/S32 (13.1%) 3. H0/A2/B0/C32/D0/S32 (10.1%) 4. H0/A0/B2/C32/D0/S32 (6%) 5. H0/A0/B0/C32/D0/S32 (3.8%) 6. H0/A0/B0/C32/D2/S32 (3.6%) 7. H1/A0/B0/C32/D1/S32 (3.3%) 8. H1/A1/B0/C32/D0/S32 (1.3%) 9. H0/A0/B1/C32/D1/S32 (1.3%) 10. H1/A0/B0/C32/D0/S32 (1.2%) | J64: 本期无显著变化 | K64: 1. 冤冤相报 (64.7%) 2. 冰冻之风 (52.1%) 3. 喷射火焰 (37.4%) 4. 暗影球 (32.3%) 5. 真气弹 (30.6%) | L64: 6. 挑衅 (24.2%) 7. 影子偷袭 (22.7%) 8. 临别礼物 (14.8%) 9. 磷火 (14.5%) 10. 巨声 (14.1%) | M64: 1. 气势披带 (67.6%) 2. 讲究围巾 (12.5%) 3. 生命宝珠 (9.6%) 4. 光粉 (1.8%) 5. 达人带 (1.8%) | N64: 6. 博识眼镜 (1.3%) 7. 刺耳果 (0.9%) 8. 咒术之符 (0.7%) 9. 广角镜 (0.6%) 10. 文柚果 (0.6%) | O64: 1. 胆小 +S -A (60.7%) 2. 内敛 +C -A (20%) 3. 天真 +S -D (11.1%) 4. 急躁 +S -B (3.8%) 5. 慢吞吞 +C -B (1.1%) | P64: 6. 马虎 +C -D (1.1%) 7. 爽朗 +S -C (0.6%) 8. 冷静 +C -S (0.4%) 9. 悠闲 +B -S (0.3%) 10. 大胆 +B -A (0.3%) | Q64: 1. H2/A0/B0/C32/D0/S32 (46.2%) 2. H1/A0/B1/C32/D0/S32 (13.1%) 3. H0/A2/B0/C32/D0/S32 (10.1%) 4. H0/A0/B2/C32/D0/S32 (6%) 5. H0/A0/B0/C32/D0/S32 (3.8%) | R64: 6. H0/A0/B0/C32/D2/S32 (3.6%) 7. H1/A0/B0/C32/D1/S32 (3.3%) 8. H1/A1/B0/C32/D0/S32 (1.3%) 9. H0/A0/B1/C32/D1/S32 (1.3%) 10. H1/A0/B0/C32/D0/S32 (1.2%) | S64: 1. 烈咬陆鲨 2. 铝钢桥龙 3. 魔幻假面喵 4. 巨金怪 5. 谜拟丘 | T64: 6. 火焰鸡 7. 暴鲤龙 8. 宝石海星 9. 姆克鹰 10. 雷丘
... A66: 65 | B66: 黏美龙（洗翠） | C66: Goodra-Hisui | D66: 1. 流星群 (67.7%) 2. 喷射火焰 (56.1%) 3. 重磅冲撞 (47.4%) 4. 龙尾 (44.4%) 5. 加农光炮 (35%) 6. 十万伏特 (26.6%) 7. 闭关 (21.3%) 8. 扑击 (20.2%) 9. 冰冻光束 (13.5%) 10. 酸液炸弹 (11.3%) | E66: 1. 吃剩的东西 (66.6%) 2. 文柚果 (10.2%) 3. 零余果 (4.9%) 4. 腰木果 (3.5%) 5. 达人带 (3.1%) 6. 白色香草 (2.5%) 7. 生命宝珠 (1.6%) 8. 龙之牙 (1.6%) 9. 莲蒲果 (1%) 10. 木子果 (1%) | F66: 1. 黏滑 (56.6%) 2. 硬壳盔甲 (22%) 3. 食草 (21.4%) | G66: 1. 自大 +D -S (43.7%) 2. 内敛 +C -A (19.1%) 3. 温和 +D -A (14%) 4. 大胆 +B -A (12.8%) 5. 冷静 +C -S (3.8%) 6. 淘气 +B -C (1.7%) 7. 慎重 +D -C (1.5%) 8. 悠闲 +B -S (1.5%) 9. 固执 +A -C (0.6%) 10. 勇敢 +A -S (0.5%) | H66: 1. 河马兽 2. 大竺葵 3. 水箭龟 4. 超坏星 5. 赛富豪 6. 烈咬陆鲨 7. 暴鲤龙 8. 骨纹巨声鳄 9. 魔幻假面喵 10. 谜拟丘 | I66: 1. H22/A11/B0/C1/D32/S0 (31.4%) 2. H32/A0/B32/C0/D2/S0 (8.7%) 3. H32/A0/B2/C32/D0/S0 (5.4%) 4. H32/A0/B0/C32/D2/S0 (4.9%) 5. H32/A0/B0/C2/D32/S0 (2.5%) 6. H22/A0/B11/C1/D32/S0 (2.5%) 7. H32/A0/B2/C0/D32/S0 (2.3%) 8. H32/A0/B32/C0/D0/S2 (2.2%) 9. H2/A0/B0/C32/D32/S0 (2%) 10. H22/A12/B0/C0/D32/S0 (1.8%) | J66: 本期无显著变化 | K66: 1. 流星群 (67.7%) 2. 喷射火焰 (56.1%) 3. 重磅冲撞 (47.4%) 4. 龙尾 (44.4%) 5. 加农光炮 (35%) | L66: 6. 十万伏特 (26.6%) 7. 闭关 (21.3%) 8. 扑击 (20.2%) 9. 冰冻光束 (13.5%) 10. 酸液炸弹 (11.3%) | M66: 1. 吃剩的东西 (66.6%) 2. 文柚果 (10.2%) 3. 零余果 (4.9%) 4. 腰木果 (3.5%) 5. 达人带 (3.1%) | N66: 6. 白色香草 (2.5%) 7. 生命宝珠 (1.6%) 8. 龙之牙 (1.6%) 9. 莲蒲果 (1%) 10. 木子果 (1%) | O66: 1. 自大 +D -S (43.7%) 2. 内敛 +C -A (19.1%) 3. 温和 +D -A (14%) 4. 大胆 +B -A (12.8%) 5. 冷静 +C -S (3.8%) | P66: 6. 淘气 +B -C (1.7%) 7. 慎重 +D -C (1.5%) 8. 悠闲 +B -S (1.5%) 9. 固执 +A -C (0.6%) 10. 勇敢 +A -S (0.5%) | Q66: 1. H22/A11/B0/C1/D32/S0 (31.4%) 2. H32/A0/B32/C0/D2/S0 (8.7%) 3. H32/A0/B2/C32/D0/S0 (5.4%) 4. H32/A0/B0/C32/D2/S0 (4.9%) 5. H32/A0/B0/C2/D32/S0 (2.5%) | R66: 6. H22/A0/B11/C1/D32/S0 (2.5%) 7. H32/A0/B2/C0/D32/S0 (2.3%) 8. H32/A0/B32/C0/D0/S2 (2.2%) 9. H2/A0/B0/C32/D32/S0 (2%) 10. H22/A12/B0/C0/D32/S0 (1.8%) | S66: 1. 河马兽 2. 大竺葵 3. 水箭龟 4. 超坏星 5. 赛富豪 | T66: 6. 烈咬陆鲨 7. 暴鲤龙 8. 骨纹巨声鳄 9. 魔幻假面喵 10. 谜拟丘
A67: 66 | B67: 百变怪 | C67: Ditto | D67: 1. 变身 (100%) | E67: 1. 讲究围巾 (78.7%) 2. 先制之爪 (8.9%) 3. 气势披带 (8.1%) 4. 光粉 (1.5%) 5. 生命宝珠 (0.9%) 6. 文柚果 (0.7%) 7. 吃剩的东西 (0.4%) 8. 木子果 (0.2%) 9. 达人带 (0.2%) 10. 气势头带 (0.1%) | F67: 1. 变身者 (99.6%) 2. 柔软 (0.4%) | G67: 1. 悠闲 +B -S (26.5%) 2. 自大 +D -S (8.8%) 3. 胆小 +S -A (8.6%) 4. 天真 +S -D (7.2%) 5. 勇敢 +A -S (6.8%) 6. 认真 (5.8%) 7. 冷静 +C -S (4.3%) 8. 爽朗 +S -C (3.9%) 9. 急躁 +S -B (3.1%) 10. 温顺 +D -B (2.7%) | H67: 1. 烈咬陆鲨 2. 谜拟丘 3. 铝钢桥龙 4. 巨金怪 5. 西狮海壬 6. 喷火龙 7. 快龙 8. 雷丘 9. 月亮伊布 10. 暴鲤龙 | I67: 1. H32/A0/B0/C0/D0/S0 (16.7%) 2. H32/A0/B32/C0/D2/S0 (12%) 3. H32/A2/B32/C0/D0/S0 (9.7%) 4. H32/A0/B2/C0/D32/S0 (6.7%) 5. H32/A0/B2/C0/D0/S32 (5.6%) 6. H32/A0/B0/C0/D0/S32 (5.1%) 7. H32/A2/B0/C0/D0/S32 (3.8%) 8. H32/A0/B0/C2/D0/S32 (2.8%) 9. H32/A0/B0/C0/D2/S32 (2.6%) 10. H32/A32/B2/C0/D0/S0 (2.3%) | J67: 本期无显著变化 | K67: 1. 变身 (100%) | M67: 1. 讲究围巾 (78.7%) 2. 先制之爪 (8.9%) 3. 气势披带 (8.1%) 4. 光粉 (1.5%) 5. 生命宝珠 (0.9%) | N67: 6. 文柚果 (0.7%) 7. 吃剩的东西 (0.4%) 8. 木子果 (0.2%) 9. 达人带 (0.2%) 10. 气势头带 (0.1%) | O67: 1. 悠闲 +B -S (26.5%) 2. 自大 +D -S (8.8%) 3. 胆小 +S -A (8.6%) 4. 天真 +S -D (7.2%) 5. 勇敢 +A -S (6.8%) | P67: 6. 认真 (5.8%) 7. 冷静 +C -S (4.3%) 8. 爽朗 +S -C (3.9%) 9. 急躁 +S -B (3.1%) 10. 温顺 +D -B (2.7%) | Q67: 1. H32/A0/B0/C0/D0/S0 (16.7%) 2. H32/A0/B32/C0/D2/S0 (12%) 3. H32/A2/B32/C0/D0/S0 (9.7%) 4. H32/A0/B2/C0/D32/S0 (6.7%) 5. H32/A0/B2/C0/D0/S32 (5.6%) | R67: 6. H32/A0/B0/C0/D0/S32 (5.1%) 7. H32/A2/B0/C0/D0/S32 (3.8%) 8. H32/A0/B0/C2/D0/S32 (2.8%) 9. H32/A0/B0/C0/D2/S32 (2.6%) 10. H32/A32/B2/C0/D0/S0 (2.3%) | S67: 1. 烈咬陆鲨 2. 谜拟丘 3. 铝钢桥龙 4. 巨金怪 5. 西狮海壬 | T67: 6. 喷火龙 7. 快龙 8. 雷丘 9. 月亮伊布 10. 暴鲤龙
A68: 67 | B68: 滴蛛霸 | C68: Araquanid | D68: 1. 黏黏网 (89.6%) 2. 水流裂破 (80.3%) 3. 镜面反射 (73.9%) 4. 汲取 (30.5%) 5. 猛扑 (20.8%) 6. 冲浪 (16.6%) 7. 蛮干 (14.3%) 8. 冰冻之风 (12.5%) 9. 冰冻光束 (8.5%) 10. 紧束 (8.4%) | E68: 1. 文柚果 (45.5%) 2. 神秘水滴 (15.5%) 3. 气势披带 (11.5%) 4. 吃剩的东西 (8.8%) 5. 烛木果 (4.2%) 6. 生命宝珠 (3.8%) 7. 先制之爪 (2.5%) 8. 木子果 (2.3%) 9. 心灵香草 (1.4%) 10. 零余果 (0.8%) | F68: 1. 水泡 (98.9%) 2. 储水 (1.1%) | G68: 1. 固执 +A -C (38.5%) 2. 内敛 +C -A (13.9%) 3. 淘气 +B -C (13.7%) 4. 慎重 +D -C (10.5%) 5. 爽朗 +S -C (6.3%) 6. 勇敢 +A -S (5.2%) 7. 悠闲 +B -S (3.7%) 8. 大胆 +B -A (2.5%) 9. 冷静 +C -S (1.8%) 10. 自大 +D -S (1.3%) | H68: 1. 烈咬陆鲨 2. 谜拟丘 3. 雷丘 4. 巨金怪 5. 河马兽 6. 巨钳螳螂 7. 魔幻假面喵 8. 暴鲤龙 9. 喷火龙 10. 铝钢桥龙 | I68: 1. H32/A32/B2/C0/D0/S0 (24%) 2. H32/A0/B32/C0/D2/S0 (6.9%) 3. H32/A32/B0/C0/D2/S0 (5.1%) 4. H16/A18/B0/C0/D0/S32 (4.1%) 5. H32/A0/B2/C32/D0/S0 (3.4%) 6. H32/A2/B32/C0/D0/S0 (2.9%) 7. H28/A0/B0/C32/D0/S6 (2.5%) 8. H32/A0/B0/C32/D2/S0 (2.4%) 9. H32/A0/B28/C0/D6/S0 (2%) 10. H28/A32/B0/C0/D0/S6 (1.9%) | J68: 本期无显著变化 | K68: 1. 黏黏网 (89.6%) 2. 水流裂破 (80.3%) 3. 镜面反射 (73.9%) 4. 汲取 (30.5%) 5. 猛扑 (20.8%) | L68: 6. 冲浪 (16.6%) 7. 蛮干 (14.3%) 8. 冰冻之风 (12.5%) 9. 冰冻光束 (8.5%) 10. 紧束 (8.4%) | M68: 1. 文柚果 (45.5%) 2. 神秘水滴 (15.5%) 3. 气势披带 (11.5%) 4. 吃剩的东西 (8.8%) 5. 烛木果 (4.2%) | N68: 6. 生命宝珠 (3.8%) 7. 先制之爪 (2.5%) 8. 木子果 (2.3%) 9. 心灵香草 (1.4%) 10. 零余果 (0.8%) | O68: 1. 固执 +A -C (38.5%) 2. 内敛 +C -A (13.9%) 3. 淘气 +B -C (13.7%) 4. 慎重 +D -C (10.5%) 5. 爽朗 +S -C (6.3%) | P68: 6. 勇敢 +A -S (5.2%) 7. 悠闲 +B -S (3.7%) 8. 大胆 +B -A (2.5%) 9. 冷静 +C -S (1.8%) 10. 自大 +D -S (1.3%) | Q68: 1. H32/A32/B2/C0/D0/S0 (24%) 2. H32/A0/B32/C0/D2/S0 (6.9%) 3. H32/A32/B0/C0/D2/S0 (5.1%) 4. H16/A18/B0/C0/D0/S32 (4.1%) 5. H32/A0/B2/C32/D0/S0 (3.4%) | R68: 6. H32/A2/B32/C0/D0/S0 (2.9%) 7. H28/A0/B0/C32/D0/S6 (2.5%) 8. H32/A0/B0/C32/D2/S0 (2.4%) 9. H32/A0/B28/C0/D6/S0 (2%) 10. H28/A32/B0/C0/D0/S6 (1.9%) | S68: 1. 烈咬陆鲨 2. 谜拟丘 3. 雷丘 4. 巨金怪 5. 河马兽 | T68: 6. 巨钳螳螂 7. 魔幻假面喵 8. 暴鲤龙 9. 喷火龙 10. 铝钢桥龙
A69: 68 | B69: 一家鼠 | C69: Maushold | D69: 1. 鼠数儿 (96.7%) 2. 大扫除 (91.8%) 3. 再来一次 (78.4%) 4. 咬住 (56.8%) 5. 接棒 (20%) 6. 种子机关枪 (15%) 7. 泥巴射击 (5.5%) 8. 电磁波 (5.5%) 9. 挑衅 (4.7%) 10. 咬碎 (3.8%) | E69: 1. 广角镜 (82.1%) 2. 王者之证 (8.7%) 3. 文柚果 (5.2%) 4. 气势披带 (1.4%) 5. 生命宝珠 (0.7%) 6. 焦点镜 (0.4%) 7. 丝绸围巾 (0.4%) 8. 莲蒲果 (0.2%) 9. 吃剩的东西 (0.2%) 10. 讲究围巾 (0.1%) | F69: 1. 技术高手 (94.4%) 2. 颊囊 (5%) 3. 友情防守 (0.5%) | G69: 1. 爽朗 +S -C (80.1%) 2. 固执 +A -C (13.5%) 3. 淘气 +B -C (3.8%) 4. 天真 +S -D (0.6%) 5. 慎重 +D -C (0.6%) 6. 顽皮 +A -D (0.4%) 7. 急躁 +S -B (0.3%) 8. 温和 +D -A (0.2%) 9. 胆小 +S -A (0.2%) 10. 大胆 +B -A (0.2%) | H69: 1. 烈咬陆鲨 2. 谜拟丘 3. 喷火龙 4. 暴鲤龙 5. 巨金怪 6. 雷丘 7. 魔幻假面喵 8. 铝钢桥龙 9. 火焰鸡 10. 甲贺忍蛙 | I69: 1. H2/A32/B0/C0/D0/S32 (59.1%) 2. H0/A32/B2/C0/D0/S32 (9.1%) 3. H0/A32/B0/C0/D2/S32 (5.5%) 4. H10/A19/B0/C0/D10/S27 (4.1%) 5. H0/A32/B0/C0/D0/S32 (1.9%) 6. H32/A0/B32/C0/D2/S0 (1.1%) 7. H32/A0/B32/C0/D0/S2 (1%) 8. H32/A32/B2/C0/D0/S0 (1%) 9. H1/A32/B0/C0/D0/S32 (1%) 10. H32/A0/B2/C0/D0/S32 (0.8%) | J69: 本期无显著变化 | K69: 1. 鼠数儿 (96.7%) 2. 大扫除 (91.8%) 3. 再来一次 (78.4%) 4. 咬住 (56.8%) 5. 接棒 (20%) | L69: 6. 种子机关枪 (15%) 7. 泥巴射击 (5.5%) 8. 电磁波 (5.5%) 9. 挑衅 (4.7%) 10. 咬碎 (3.8%) | M69: 1. 广角镜 (82.1%) 2. 王者之证 (8.7%) 3. 文柚果 (5.2%) 4. 气势披带 (1.4%) 5. 生命宝珠 (0.7%) | N69: 6. 焦点镜 (0.4%) 7. 丝绸围巾 (0.4%) 8. 莲蒲果 (0.2%) 9. 吃剩的东西 (0.2%) 10. 讲究围巾 (0.1%) | O69: 1. 爽朗 +S -C (80.1%) 2. 固执 +A -C (13.5%) 3. 淘气 +B -C (3.8%) 4. 天真 +S -D (0.6%) 5. 慎重 +D -C (0.6%) | P69: 6. 顽皮 +A -D (0.4%) 7. 急躁 +S -B (0.3%) 8. 温和 +D -A (0.2%) 9. 胆小 +S -A (0.2%) 10. 大胆 +B -A (0.2%) | Q69: 1. H2/A32/B0/C0/D0/S32 (59.1%) 2. H0/A32/B2/C0/D0/S32 (9.1%) 3. H0/A32/B0/C0/D2/S32 (5.5%) 4. H10/A19/B0/C0/D10/S27 (4.1%) 5. H0/A32/B0/C0/D0/S32 (1.9%) | R69: 6. H32/A0/B32/C0/D2/S0 (1.1%) 7. H32/A0/B32/C0/D0/S2 (1%) 8. H32/A32/B2/C0/D0/S0 (1%) 9. H1/A32/B0/C0/D0/S32 (1%) 10. H32/A0/B2/C0/D0/S32 (0.8%) | S69: 1. 烈咬陆鲨 2. 谜拟丘 3. 喷火龙 4. 暴鲤龙 5. 巨金怪 | T69: 6. 雷丘 7. 魔幻假面喵 8. 铝钢桥龙 9. 火焰鸡 10. 甲贺忍蛙
A70: 69 | B70: 勾魂眼 | C70: Sableye | D70: 1. 磷火 (76.5%) 2. 再来一次 (59.5%) 3. 移花接木 (59%) 4. 自我再生 (48.6%) 5. 光墙 (39.5%) 6. 反射壁 (35.5%) 7. 冥想 (12.2%) 8. 挑衅 (9.5%) 9. 定身法 (9.4%) 10. 金属爆炸 (8.4%) | E70: 1. 光之黏土 (35.2%) 2. 勾魂眼进化石 (33.8%) 3. 吃剩的东西 (12.4%) 4. 气势披带 (5.8%) 5. 文柚果 (3.4%) 6. 洛玫果 (3%) 7. 广角镜 (1.8%) 8. 光粉 (1.2%) 9. 黑色铁球 (0.6%) 10. 心灵香草 (0.5%) | F70: 1. 恶作剧之心 (99.5%) 2. 锐利目光 (0.3%) 3. 慢出 (0.3%) | G70: 1. 大胆 +B -A (40.5%) 2. 淘气 +B -C (22.4%) 3. 温和 +D -A (13.7%) 4. 慎重 +D -C (9.7%) 5. 悠闲 +B -S (6.1%) 6. 自大 +D -S (2.7%) 7. 固执 +A -C (1.2%) 8. 勇敢 +A -S (1.1%) 9. 怕寂寞 +A -B (0.9%) 10. 爽朗 +S -C (0.5%) | H70: 1. 烈咬陆鲨 2. 火焰鸡 3. 暴鲤龙 4. 巨金怪 5. 铝钢桥龙 6. 谜拟丘 7. 西狮海壬 8. 甲贺忍蛙 9. 魔幻假面喵 10. 姆克鹰 | I70: 1. H32/A0/B32/C0/D2/S0 (37.1%) 2. H32/A0/B2/C0/D32/S0 (15.2%) 3. H32/A0/B25/C0/D9/S0 (6.7%) 4. H32/A0/B18/C0/D16/S0 (6.5%) 5. H32/A0/B32/C0/D0/S0 (3.6%) 6. H32/A0/B15/C0/D19/S0 (2.8%) 7. H32/A0/B7/C0/D27/S0 (2.4%) 8. H32/A0/B17/C0/D17/S0 (2.3%) 9. H2/A0/B32/C0/D32/S0 (1.7%) 10. H32/A0/B9/C0/D25/S0 (1.5%) | J70: 本期无显著变化 | K70: 1. 磷火 (76.5%) 2. 再来一次 (59.5%) 3. 移花接木 (59%) 4. 自我再生 (48.6%) 5. 光墙 (39.5%) | L70: 6. 反射壁 (35.5%) 7. 冥想 (12.2%) 8. 挑衅 (9.5%) 9. 定身法 (9.4%) 10. 金属爆炸 (8.4%) | M70: 1. 光之黏土 (35.2%) 2. 勾魂眼进化石 (33.8%) 3. 吃剩的东西 (12.4%) 4. 气势披带 (5.8%) 5. 文柚果 (3.4%) | N70: 6. 洛玫果 (3%) 7. 广角镜 (1.8%) 8. 光粉 (1.2%) 9. 黑色铁球 (0.6%) 10. 心灵香草 (0.5%) | O70: 1. 大胆 +B -A (40.5%) 2. 淘气 +B -C (22.4%) 3. 温和 +D -A (13.7%) 4. 慎重 +D -C (9.7%) 5. 悠闲 +B -S (6.1%) | P70: 6. 自大 +D -S (2.7%) 7. 固执 +A -C (1.2%) 8. 勇敢 +A -S (1.1%) 9. 怕寂寞 +A -B (0.9%) 10. 爽朗 +S -C (0.5%) | Q70: 1. H32/A0/B32/C0/D2/S0 (37.1%) 2. H32/A0/B2/C0/D32/S0 (15.2%) 3. H32/A0/B25/C0/D9/S0 (6.7%) 4. H32/A0/B18/C0/D16/S0 (6.5%) 5. H32/A0/B32/C0/D0/S0 (3.6%) | R70: 6. H32/A0/B15/C0/D19/S0 (2.8%) 7. H32/A0/B7/C0/D27/S0 (2.4%) 8. H32/A0/B17/C0/D17/S0 (2.3%) 9. H2/A0/B32/C0/D32/S0 (1.7%) 10. H32/A0/B9/C0/D25/S0 (1.5%) | S70: 1. 烈咬陆鲨 2. 火焰鸡 3. 暴鲤龙 4. 巨金怪 5. 铝钢桥龙 | T70: 6. 谜拟丘 7. 西狮海壬 8. 甲贺忍蛙 9. 魔幻假面喵 10. 姆克鹰
A71: 70 | B71: 艾路雷朵 | C71: Gallade | D71: 1. 圣剑 (94.6%) 2. 精神利刃 (83.2%) 3. 叶刃 (75%) 4. 影子偷袭 (50.1%) 5. 暗袭要害 (18.1%) 6. 三旋击 (14.6%) 7. 暗影爪 (10.2%) 8. 雷电拳 (5.1%) 9. 水波刀 (4.5%) 10. 同命 (4.1%) | E71: 1. 气势披带 (37.5%) 2. 讲究围巾 (23.1%) 3. 焦点镜 (11.3%) 4. 艾路雷朵进化石 (10.4%) 5. 木子果 (6.1%) 6. 生命宝珠 (4.3%) 7. 达人带 (2.1%) 8. 力量头带 (1.5%) 9. 文柚果 (1.1%) 10. 先制之爪 (0.7%) | F71: 1. 锋锐 (95.8%) 2. 正义之心 (2.7%) 3. 不屈之心 (1.5%) | G71: 1. 固执 +A -C (58.7%) 2. 爽朗 +S -C (38%) 3. 自大 +D -S (0.9%) 4. 慎重 +D -C (0.6%) 5. 勇敢 +A -S (0.6%) 6. 淘气 +B -C (0.5%) 7. 天真 +S -D (0.3%) 8. 怕寂寞 +A -B (0.2%) 9. 胆小 +S -A (0.2%) 10. 悠闲 +B -S (0%) | H71: 1. 烈咬陆鲨 2. 魔幻假面喵 3. 谜拟丘 4. 西狮海壬 5. 喷火龙 6. 铝钢桥龙 7. 甲贺忍蛙 8. 妖火红狐 9. 暴鲤龙 10. 火焰鸡 | I71: 1. H2/A32/B0/C0/D0/S32 (46.6%) 2. H0/A32/B2/C0/D0/S32 (10.9%) 3. H32/A32/B2/C0/D0/S0 (4.7%) 4. H0/A32/B0/C0/D2/S32 (4.1%) 5. H28/A32/B0/C0/D0/S6 (2.5%) 6. H0/A32/B0/C0/D0/S32 (1.8%) 7. H2/A32/B32/C0/D0/S0 (1.7%) 8. H1/A32/B1/C0/D0/S32 (1.2%) 9. H32/A32/B0/C0/D2/S0 (1%) 10. H9/A32/B0/C0/D0/S25 (0.8%) | J71: 本期无显著变化 | K71: 1. 圣剑 (94.6%) 2. 精神利刃 (83.2%) 3. 叶刃 (75%) 4. 影子偷袭 (50.1%) 5. 暗袭要害 (18.1%) | L71: 6. 三旋击 (14.6%) 7. 暗影爪 (10.2%) 8. 雷电拳 (5.1%) 9. 水波刀 (4.5%) 10. 同命 (4.1%) | M71: 1. 气势披带 (37.5%) 2. 讲究围巾 (23.1%) 3. 焦点镜 (11.3%) 4. 艾路雷朵进化石 (10.4%) 5. 木子果 (6.1%) | N71: 6. 生命宝珠 (4.3%) 7. 达人带 (2.1%) 8. 力量头带 (1.5%) 9. 文柚果 (1.1%) 10. 先制之爪 (0.7%) | O71: 1. 固执 +A -C (58.7%) 2. 爽朗 +S -C (38%) 3. 自大 +D -S (0.9%) 4. 慎重 +D -C (0.6%) 5. 勇敢 +A -S (0.6%) | P71: 6. 淘气 +B -C (0.5%) 7. 天真 +S -D (0.3%) 8. 怕寂寞 +A -B (0.2%) 9. 胆小 +S -A (0.2%) 10. 悠闲 +B -S (0%) | Q71: 1. H2/A32/B0/C0/D0/S32 (46.6%) 2. H0/A32/B2/C0/D0/S32 (10.9%) 3. H32/A32/B2/C0/D0/S0 (4.7%) 4. H0/A32/B0/C0/D2/S32 (4.1%) 5. H28/A32/B0/C0/D0/S6 (2.5%) | R71: 6. H0/A32/B0/C0/D0/S32 (1.8%) 7. H2/A32/B32/C0/D0/S0 (1.7%) 8. H1/A32/B1/C0/D0/S32 (1.2%) 9. H32/A32/B0/C0/D2/S0 (1%) 10. H9/A32/B0/C0/D0/S25 (0.8%) | S71: 1. 烈咬陆鲨 2. 魔幻假面喵 3. 谜拟丘 4. 西狮海壬 5. 喷火龙 | T71: 6. 铝钢桥龙 7. 甲贺忍蛙 8. 妖火红狐 9. 暴鲤龙 10. 火焰鸡
A72: 71 | B72: 彩粉蝶 | C72: Vivillon | D72: 1. 催眠粉 (98.2%) 2. 蝶舞 (96.4%) 3. 暴风 (96.2%) 4. 替身 (91.3%) 5. 虫鸣 (4.1%) 6. 顺风 (2.2%) 7. 愤怒粉 (1.8%) 8. 花粉团 (1.8%) 9. 守住 (1.8%) 10. 空气之刃 (1.4%) | E72: 1. 吃剩的东西 (86.7%) 2. 气势披带 (6.9%) 3. 广角镜 (1.1%) 4. 光粉 (1%) 5. 先制之爪 (0.6%) 6. 文柚果 (0.4%) 7. 讲究围巾 (0.3%) 8. 博识眼镜 (0.3%) 9. 巨沼怪进化石 (0.2%) 10. 木子果 (0.1%) | F72: 1. 复眼 (97.6%) 2. 友情防守 (2.1%) 3. 鳞粉 (0.2%) | G72: 1. 胆小 +S -A (97.7%) 2. 内敛 +C -A (1.4%) 3. 爽朗 +S -C (0.2%) 4. 大胆 +B -A (0.2%) 5. 温和 +D -A (0.2%) 6. 急躁 +S -B (0.1%) 7. 认真 (0.1%) 8. 冷静 +C -S (0.1%) | H72: 1. 谜拟丘 2. 铝钢桥龙 3. 甲贺忍蛙 4. 超能艳鸵 5. 长耳兔 6. 火焰鸡 7. 烈咬陆鲨 8. 巨金怪 9. 暴鲤龙 10. 幽尾玄鱼 | I72: 1. H6/A0/B28/C0/D0/S32 (33.9%) 2. H2/A0/B0/C32/D0/S32 (25%) 3. H6/A0/B0/C28/D0/S32 (14.3%) 4. H0/A0/B0/C32/D2/S32 (2.7%) 5. H32/A0/B0/C0/D2/S32 (2.1%) 6. H0/A0/B2/C32/D0/S32 (2.1%) 7. H32/A0/B0/C2/D0/S32 (2%) 8. H0/A0/B0/C32/D0/S32 (1.8%) 9. H32/A0/B2/C0/D0/S32 (1.6%) 10. H32/A0/B1/C0/D1/S32 (1.3%) | J72: 本期无显著变化 | K72: 1. 催眠粉 (98.2%) 2. 蝶舞 (96.4%) 3. 暴风 (96.2%) 4. 替身 (91.3%) 5. 虫鸣 (4.1%) | L72: 6. 顺风 (2.2%) 7. 愤怒粉 (1.8%) 8. 花粉团 (1.8%) 9. 守住 (1.8%) 10. 空气之刃 (1.4%) | M72: 1. 吃剩的东西 (86.7%) 2. 气势披带 (6.9%) 3. 广角镜 (1.1%) 4. 光粉 (1%) 5. 先制之爪 (0.6%) | N72: 6. 文柚果 (0.4%) 7. 讲究围巾 (0.3%) 8. 博识眼镜 (0.3%) 9. 巨沼怪进化石 (0.2%) 10. 木子果 (0.1%) | O72: 1. 胆小 +S -A (97.7%) 2. 内敛 +C -A (1.4%) 3. 爽朗 +S -C (0.2%) 4. 大胆 +B -A (0.2%) | P72: 5. 温和 +D -A (0.2%) 6. 急躁 +S -B (0.1%) 7. 认真 (0.1%) 8. 冷静 +C -S (0.1%) | Q72: 1. H6/A0/B28/C0/D0/S32 (33.9%) 2. H2/A0/B0/C32/D0/S32 (25%) 3. H6/A0/B0/C28/D0/S32 (14.3%) 4. H0/A0/B0/C32/D2/S32 (2.7%) 5. H32/A0/B0/C0/D2/S32 (2.1%) | R72: 6. H0/A0/B2/C32/D0/S32 (2.1%) 7. H32/A0/B0/C2/D0/S32 (2%) 8. H0/A0/B0/C32/D0/S32 (1.8%) 9. H32/A0/B2/C0/D0/S32 (1.6%) 10. H32/A0/B1/C0/D1/S32 (1.3%) | S72: 1. 谜拟丘 2. 铝钢桥龙 3. 甲贺忍蛙 4. 超能艳鸵 5. 长耳兔 | T72: 6. 火焰鸡 7. 烈咬陆鲨 8. 巨金怪 9. 暴鲤龙 10. 幽尾玄鱼
A73: 72 | B73: 盔甲鸟 | C73: Skarmory | D73: 1. 羽栖 (63.7%) 2. 隐形岩 (48.3%) 3. 扑击 (39.3%) 4. 吹飞 (35.7%) 5. 勇鸟猛攻 (33.7%) 6. 铁头 (31.8%) 7. 铁壁 (29.9%) 8. 剑舞 (27.9%) 9. 直冲钻 (26.5%) 10. 撒菱 (18.9%) | E73: 1. 盔甲鸟进化石 (33.9%) 2. 文柚果 (30.2%) 3. 吃剩的东西 (21.8%) 4. 心灵香草 (4.1%) 5. 木子果 (3.1%) 6. 光粉 (2.7%) 7. 巧可果 (0.6%) 8. 生命宝珠 (0.6%) 9. 烛木果 (0.5%) 10. 先制之爪 (0.5%) | F73: 1. 结实 (75.8%) 2. 碎裂铠甲 (23.3%) 3. 锐利目光 (0.9%) | G73: 1. 淘气 +B -C (50.3%) 2. 爽朗 +S -C (21.6%) 3. 固执 +A -C (12.2%) 4. 慎重 +D -C (7.2%) 5. 大胆 +B -A (6%) 6. 悠闲 +B -S (1.1%) 7. 胆小 +S -A (0.6%) 8. 温和 +D -A (0.6%) 9. 自大 +D -S (0.2%) 10. 乐天 +B -D (0.1%) | H73: 1. 烈咬陆鲨 2. 毒藻龙 3. 铝钢桥龙 4. 妖火红狐 5. 谜拟丘 6. 魔幻假面喵 7. 火焰鸡 8. 西狮海壬 9. 骨纹巨声鳄 10. 月亮伊布 | I73: 1. H32/A0/B32/C0/D2/S0 (24.2%) 2. H32/A0/B32/C0/D0/S2 (7.9%) 3. H2/A32/B0/C0/D0/S32 (5.1%) 4. H32/A0/B2/C0/D32/S0 (4.5%) 5. H31/A0/B32/C0/D3/S0 (4.2%) 6. H1/A32/B1/C0/D0/S32 (2.3%) 7. H19/A32/B0/C0/D0/S15 (2.2%) 8. H31/A10/B0/C0/D0/S25 (2%) 9. H32/A2/B32/C0/D0/S0 (1.9%) 10. H31/A0/B32/C0/D0/S3 (1.8%) | J73: 本期无显著变化 | K73: 1. 羽栖 (63.7%) 2. 隐形岩 (48.3%) 3. 扑击 (39.3%) 4. 吹飞 (35.7%) 5. 勇鸟猛攻 (33.7%) | L73: 6. 铁头 (31.8%) 7. 铁壁 (29.9%) 8. 剑舞 (27.9%) 9. 直冲钻 (26.5%) 10. 撒菱 (18.9%) | M73: 1. 盔甲鸟进化石 (33.9%) 2. 文柚果 (30.2%) 3. 吃剩的东西 (21.8%) 4. 心灵香草 (4.1%) 5. 木子果 (3.1%) | N73: 6. 光粉 (2.7%) 7. 巧可果 (0.6%) 8. 生命宝珠 (0.6%) 9. 烛木果 (0.5%) 10. 先制之爪 (0.5%) | O73: 1. 淘气 +B -C (50.3%) 2. 爽朗 +S -C (21.6%) 3. 固执 +A -C (12.2%) 4. 慎重 +D -C (7.2%) 5. 大胆 +B -A (6%) | P73: 6. 悠闲 +B -S (1.1%) 7. 胆小 +S -A (0.6%) 8. 温和 +D -A (0.6%) 9. 自大 +D -S (0.2%) 10. 乐天 +B -D (0.1%) | Q73: 1. H32/A0/B32/C0/D2/S0 (24.2%) 2. H32/A0/B32/C0/D0/S2 (7.9%) 3. H2/A32/B0/C0/D0/S32 (5.1%) 4. H32/A0/B2/C0/D32/S0 (4.5%) 5. H31/A0/B32/C0/D3/S0 (4.2%) | R73: 6. H1/A32/B1/C0/D0/S32 (2.3%) 7. H19/A32/B0/C0/D0/S15 (2.2%) 8. H31/A10/B0/C0/D0/S25 (2%) 9. H32/A2/B32/C0/D0/S0 (1.9%) 10. H31/A0/B32/C0/D0/S3 (1.8%) | S73: 1. 烈咬陆鲨 2. 毒藻龙 3. 铝钢桥龙 4. 妖火红狐 5. 谜拟丘 | T73: 6. 魔幻假面喵 7. 火焰鸡 8. 西狮海壬 9. 骨纹巨声鳄 10. 月亮伊布
A74: 73 | B74: 诅咒娃娃 | C74: Banette | D74: 1. 同命 (99.1%) 2. 灵骚 (97.1%) 3. 再来一次 (72.4%) 4. 影子偷袭 (68.5%) 5. 挑衅 (18.5%) 6. 磷火 (14.8%) 7. 垃圾射击 (9.8%) 8. 突袭 (4.3%) 9. 替身 (2.3%) 10. 剑舞 (2.2%) | E74: 1. 诅咒娃娃进化石 (99.3%) 2. 气势披带 (0.3%) 3. 黑色铁球 (0.2%) 4. 生命宝珠 (0.1%) 5. 咒术之符 (0%) 6. 讲究围巾 (0%) | F74: 1. 察觉 (88.1%) 2. 不眠 (8.1%) 3. 咒术之躯 (3.8%) | G74: 1. 固执 +A -C (73.5%) 2. 勇敢 +A -S (20.5%) 3. 爽朗 +S -C (1.5%) 4. 淘气 +B -C (1.2%) 5. 慎重 +D -C (1.2%) 6. 顽皮 +A -D (1.1%) 7. 大胆 +B -A (0.4%) 8. 悠闲 +B -S (0.2%) 9. 自大 +D -S (0.1%) 10. 内敛 +C -A (0.1%) | H74: 1. 谜拟丘 2. 铝钢桥龙 3. 幽尾玄鱼 4. 西狮海壬 5. 烈咬陆鲨 6. 魔幻假面喵 7. 甲贺忍蛙 8. 仆刀将军 9. 钢铠鸦 10. 姆克鹰 | I74: 1. H32/A32/B2/C0/D0/S0 (34.1%) 2. H32/A32/B0/C0/D2/S0 (12.9%) 3. H32/A32/B0/C0/D0/S2 (11%) 4. H30/A25/B0/C0/D4/S7 (3.7%) 5. H32/A32/B1/C0/D1/S0 (2.7%) 6. H2/A32/B0/C0/D0/S32 (1.8%) 7. H32/A25/B0/C0/D8/S1 (1.5%) 8. H30/A32/B0/C0/D0/S4 (1.4%) 9. H32/A32/B0/C0/D0/S0 (1.4%) 10. H20/A15/B0/C0/D31/S0 (1.3%) | J74: 本期无显著变化 | K74: 1. 同命 (99.1%) 2. 灵骚 (97.1%) 3. 再来一次 (72.4%) 4. 影子偷袭 (68.5%) 5. 挑衅 (18.5%) | L74: 6. 磷火 (14.8%) 7. 垃圾射击 (9.8%) 8. 突袭 (4.3%) 9. 替身 (2.3%) 10. 剑舞 (2.2%) | M74: 1. 诅咒娃娃进化石 (99.3%) 2. 气势披带 (0.3%) 3. 黑色铁球 (0.2%) | N74: 4. 生命宝珠 (0.1%) 5. 咒术之符 (0%) 6. 讲究围巾 (0%) | O74: 1. 固执 +A -C (73.5%) 2. 勇敢 +A -S (20.5%) 3. 爽朗 +S -C (1.5%) 4. 淘气 +B -C (1.2%) 5. 慎重 +D -C (1.2%) | P74: 6. 顽皮 +A -D (1.1%) 7. 大胆 +B -A (0.4%) 8. 悠闲 +B -S (0.2%) 9. 自大 +D -S (0.1%) 10. 内敛 +C -A (0.1%) | Q74: 1. H32/A32/B2/C0/D0/S0 (34.1%) 2. H32/A32/B0/C0/D2/S0 (12.9%) 3. H32/A32/B0/C0/D0/S2 (11%) 4. H30/A25/B0/C0/D4/S7 (3.7%) 5. H32/A32/B1/C0/D1/S0 (2.7%) | R74: 6. H2/A32/B0/C0/D0/S32 (1.8%) 7. H32/A25/B0/C0/D8/S1 (1.5%) 8. H30/A32/B0/C0/D0/S4 (1.4%) 9. H32/A32/B0/C0/D0/S0 (1.4%) 10. H20/A15/B0/C0/D31/S0 (1.3%) | S74: 1. 谜拟丘 2. 铝钢桥龙 3. 幽尾玄鱼 4. 西狮海壬 5. 烈咬陆鲨 | T74: 6. 魔幻假面喵 7. 甲贺忍蛙 8. 仆刀将军 9. 钢铠鸦 10. 姆克鹰
A75: 74 | B75: 来悲粗茶 | C75: Sinistcha | D75: 1. 刷刷茶炮 (93.1%) 2. 吸取力量 (91.7%) 3. 暗影球 (77.4%) 4. 冥想 (60.4%) 5. 戏法空间 (14.7%) 6. 热水 (14.2%) 7. 咒术 (13.5%) 8. 祸不单行 (7.1%) 9. 铁壁 (5.6%) 10. 飞叶风暴 (5.1%) | E75: 1. 吃剩的东西 (36.2%) 2. 文柚果 (21.2%) 3. 大根茎 (13.6%) 4. 佛柑果 (6.5%) 5. 气势披带 (4.5%) 6. 木子果 (4.1%) 7. 番荔果 (3.6%) 8. 生命宝珠 (1.8%) 9. 先制之爪 (1.7%) 10. 光粉 (1.6%) | F75: 1. 耐热 (97.6%) 2. 款待 (2.4%) | G75: 1. 大胆 +B -A (71.6%) 2. 内敛 +C -A (14.3%) 3. 温和 +D -A (9.1%) 4. 悠闲 +B -S (2%) 5. 胆小 +S -A (1.2%) 6. 冷静 +C -S (0.9%) 7. 淘气 +B -C (0.4%) 8. 自大 +D -S (0.3%) 9. 慢吞吞 +C -B (0.1%) 10. 怕寂寞 +A -B (0%) | H75: 1. 烈咬陆鲨 2. 谜拟丘 3. 火焰鸡 4. 大嘴娃 5. 巨金怪 6. 西狮海壬 7. 三首恶龙 8. 妖火红狐 9. 甲贺忍蛙 10. 喷火龙 | I75: 1. H32/A0/B32/C0/D2/S0 (27.6%) 2. H32/A0/B32/C2/D0/S0 (7.8%) 3. H31/A0/B32/C0/D3/S0 (7.1%) 4. H32/A0/B32/C0/D0/S2 (4.2%) 5. H31/A0/B0/C32/D3/S0 (3.4%) 6. H32/A0/B32/C0/D0/S0 (3.3%) 7. H32/A0/B2/C0/D32/S0 (3.1%) 8. H31/A0/B32/C3/D0/S0 (2.5%) 9. H32/A0/B24/C0/D10/S0 (2.1%) 10. H32/A0/B2/C32/D0/S0 (1.9%) | J75: 本期无显著变化 | K75: 1. 刷刷茶炮 (93.1%) 2. 吸取力量 (91.7%) 3. 暗影球 (77.4%) 4. 冥想 (60.4%) 5. 戏法空间 (14.7%) | L75: 6. 热水 (14.2%) 7. 咒术 (13.5%) 8. 祸不单行 (7.1%) 9. 铁壁 (5.6%) 10. 飞叶风暴 (5.1%) | M75: 1. 吃剩的东西 (36.2%) 2. 文柚果 (21.2%) 3. 大根茎 (13.6%) 4. 佛柑果 (6.5%) 5. 气势披带 (4.5%) | N75: 6. 木子果 (4.1%) 7. 番荔果 (3.6%) 8. 生命宝珠 (1.8%) 9. 先制之爪 (1.7%) 10. 光粉 (1.6%) | O75: 1. 大胆 +B -A (71.6%) 2. 内敛 +C -A (14.3%) 3. 温和 +D -A (9.1%) 4. 悠闲 +B -S (2%) 5. 胆小 +S -A (1.2%) | P75: 6. 冷静 +C -S (0.9%) 7. 淘气 +B -C (0.4%) 8. 自大 +D -S (0.3%) 9. 慢吞吞 +C -B (0.1%) 10. 怕寂寞 +A -B (0%) | Q75: 1. H32/A0/B32/C0/D2/S0 (27.6%) 2. H32/A0/B32/C2/D0/S0 (7.8%) 3. H31/A0/B32/C0/D3/S0 (7.1%) 4. H32/A0/B32/C0/D0/S2 (4.2%) 5. H31/A0/B0/C32/D3/S0 (3.4%) | R75: 6. H32/A0/B32/C0/D0/S0 (3.3%) 7. H32/A0/B2/C0/D32/S0 (3.1%) 8. H31/A0/B32/C3/D0/S0 (2.5%) 9. H32/A0/B24/C0/D10/S0 (2.1%) 10. H32/A0/B2/C32/D0/S0 (1.9%) | S75: 1. 烈咬陆鲨 2. 谜拟丘 3. 火焰鸡 4. 大嘴娃 5. 巨金怪 | T75: 6. 西狮海壬 7. 三首恶龙 8. 妖火红狐 9. 甲贺忍蛙 10. 喷火龙
A76: 75 | B76: 蜈蚣王 | C76: Scolipede | D76: 1. 剑舞 (61.6%) 2. 接棒 (55.9%) 3. 地震 (54.2%) 4. 守住 (50.3%) 5. 汲取 (42.2%) 6. 铁壁 (39.9%) 7. 毒击 (24.9%) 8. 替身 (23.1%) 9. 垃圾射击 (19.9%) 10. 岩崩 (7.1%) | E76: 1. 蜈蚣王进化石 (29.2%) 2. 气势披带 (26.5%) 3. 文柚果 (14.6%) 4. 心灵香草 (11.5%) 5. 吃剩的东西 (8.2%) 6. 生命宝珠 (3.7%) 7. 木子果 (1.5%) 8. 光粉 (0.8%) 9. 巧可果 (0.7%) 10. 福禄果 (0.7%) | F76: 1. 加速 (99.7%) 2. 毒刺 (0.2%) 3. 虫之预感 (0.1%) | G76: 1. 固执 +A -C (34.4%) 2. 爽朗 +S -C (33.4%) 3. 慎重 +D -C (13.9%) 4. 淘气 +B -C (12.2%) 5. 大胆 +B -A (2.6%) 6. 胆小 +S -A (1.6%) 7. 温和 +D -A (1%) 8. 天真 +S -D (0.7%) 9. 悠闲 +B -S (0.1%) 10. 急躁 +S -B (0.1%) | H76: 1. 烈咬陆鲨 2. 皮可西 3. 暴鲤龙 4. 赛富豪 5. 九尾（阿罗拉的样子） 6. 铝钢桥龙 7. 谜拟丘 8. 火神蛾 9. 骨纹巨声鳄 10. 长毛巨魔 | I76: 1. H2/A32/B0/C0/D0/S32 (16.5%) 2. H32/A0/B2/C0/D32/S0 (7.7%) 3. H32/A0/B0/C0/D2/S32 (6.7%) 4. H32/A0/B2/C0/D0/S32 (3.1%) 5. H32/A0/B32/C0/D2/S0 (2.9%) 6. H32/A32/B0/C0/D0/S2 (2.6%) 7. H0/A32/B2/C0/D0/S32 (2.4%) 8. H0/A32/B0/C0/D2/S32 (2.1%) 9. H0/A32/B1/C0/D1/S32 (2%) 10. H32/A0/B32/C0/D0/S2 (1.5%) | J76: 本期无显著变化 | K76: 1. 剑舞 (61.6%) 2. 接棒 (55.9%) 3. 地震 (54.2%) 4. 守住 (50.3%) 5. 汲取 (42.2%) | L76: 6. 铁壁 (39.9%) 7. 毒击 (24.9%) 8. 替身 (23.1%) 9. 垃圾射击 (19.9%) 10. 岩崩 (7.1%) | M76: 1. 蜈蚣王进化石 (29.2%) 2. 气势披带 (26.5%) 3. 文柚果 (14.6%) 4. 心灵香草 (11.5%) 5. 吃剩的东西 (8.2%) | N76: 6. 生命宝珠 (3.7%) 7. 木子果 (1.5%) 8. 光粉 (0.8%) 9. 巧可果 (0.7%) 10. 福禄果 (0.7%) | O76: 1. 固执 +A -C (34.4%) 2. 爽朗 +S -C (33.4%) 3. 慎重 +D -C (13.9%) 4. 淘气 +B -C (12.2%) 5. 大胆 +B -A (2.6%) | P76: 6. 胆小 +S -A (1.6%) 7. 温和 +D -A (1%) 8. 天真 +S -D (0.7%) 9. 悠闲 +B -S (0.1%) 10. 急躁 +S -B (0.1%) | Q76: 1. H2/A32/B0/C0/D0/S32 (16.5%) 2. H32/A0/B2/C0/D32/S0 (7.7%) 3. H32/A0/B0/C0/D2/S32 (6.7%) 4. H32/A0/B2/C0/D0/S32 (3.1%) 5. H32/A0/B32/C0/D2/S0 (2.9%) | R76: 6. H32/A32/B0/C0/D0/S2 (2.6%) 7. H0/A32/B2/C0/D0/S32 (2.4%) 8. H0/A32/B0/C0/D2/S32 (2.1%) 9. H0/A32/B1/C0/D1/S32 (2%) 10. H32/A0/B32/C0/D0/S2 (1.5%) | S76: 1. 烈咬陆鲨 2. 皮可西 3. 暴鲤龙 4. 赛富豪 5. 九尾（阿罗拉的样子） | T76: 6. 铝钢桥龙 7. 谜拟丘 8. 火神蛾 9. 骨纹巨声鳄 10. 长毛巨魔
A77: 76 | B77: 沙奈朵 | C77: Gardevoir | D77: 1. 真空波 (67.4%) 2. 巨声 (58.4%) 3. 十万伏特 (44.1%) 4. 月亮之力 (38%) 5. 精神强念 (32.9%) 6. 精神冲击 (25.1%) 7. 魔法火焰 (23.8%) 8. 精神噪音 (19.6%) 9. 冥想 (14.6%) 10. 能量球 (12.5%) | E77: 1. 沙奈朵进化石 (64.9%) 2. 气势披带 (17.2%) 3. 讲究围巾 (8.5%) 4. 生命宝珠 (2.5%) 5. 吃剩的东西 (0.9%) 6. 木子果 (0.8%) 7. 广角镜 (0.8%) 8. 文柚果 (0.7%) 9. 霹霹果 (0.7%) 10. 博识眼镜 (0.7%) | F77: 1. 复制 (94.7%) 2. 同步 (4.7%) 3. 心灵感应 (0.6%) | G77: 1. 内敛 +C -A (64.7%) 2. 胆小 +S -A (28.4%) 3. 温和 +D -A (2.4%) 4. 大胆 +B -A (2.1%) 5. 冷静 +C -S (1.4%) 6. 慢吞吞 +C -B (0.7%) 7. 悠闲 +B -S (0.2%) 8. 勤奋 (0.1%) 9. 急躁 +S -B (0%) 10. 淘气 +B -C (0%) | H77: 1. 烈咬陆鲨 2. 魔幻假面喵 3. 谜拟丘 4. 铝钢桥龙 5. 暴鲤龙 6. 仆刀将军 7. 火焰鸡 8. 甲贺忍蛙 9. 巨金怪 10. 苍炎刃鬼 | I77: 1. H2/A0/B0/C32/D0/S32 (30.3%) 2. H32/A0/B11/C5/D0/S18 (7.5%) 3. H0/A0/B2/C32/D0/S32 (6%) 4. H32/A0/B2/C32/D0/S0 (4.5%) 5. H32/A0/B0/C32/D0/S2 (3.2%) 6. H0/A0/B0/C32/D2/S32 (2.2%) 7. H29/A0/B1/C18/D0/S18 (1.6%) 8. H32/A0/B0/C32/D2/S0 (1.6%) 9. H32/A0/B18/C15/D0/S1 (1.4%) 10. H2/A0/B0/C32/D32/S0 (1.1%) | J77: 本期无显著变化 | K77: 1. 真空波 (67.4%) 2. 巨声 (58.4%) 3. 十万伏特 (44.1%) 4. 月亮之力 (38%) 5. 精神强念 (32.9%) | L77: 6. 精神冲击 (25.1%) 7. 魔法火焰 (23.8%) 8. 精神噪音 (19.6%) 9. 冥想 (14.6%) 10. 能量球 (12.5%) | M77: 1. 沙奈朵进化石 (64.9%) 2. 气势披带 (17.2%) 3. 讲究围巾 (8.5%) 4. 生命宝珠 (2.5%) 5. 吃剩的东西 (0.9%) | N77: 6. 木子果 (0.8%) 7. 广角镜 (0.8%) 8. 文柚果 (0.7%) 9. 霹霹果 (0.7%) 10. 博识眼镜 (0.7%) | O77: 1. 内敛 +C -A (64.7%) 2. 胆小 +S -A (28.4%) 3. 温和 +D -A (2.4%) 4. 大胆 +B -A (2.1%) 5. 冷静 +C -S (1.4%) | P77: 6. 慢吞吞 +C -B (0.7%) 7. 悠闲 +B -S (0.2%) 8. 勤奋 (0.1%) 9. 急躁 +S -B (0%) 10. 淘气 +B -C (0%) | Q77: 1. H2/A0/B0/C32/D0/S32 (30.3%) 2. H32/A0/B11/C5/D0/S18 (7.5%) 3. H0/A0/B2/C32/D0/S32 (6%) 4. H32/A0/B2/C32/D0/S0 (4.5%) 5. H32/A0/B0/C32/D0/S2 (3.2%) | R77: 6. H0/A0/B0/C32/D2/S32 (2.2%) 7. H29/A0/B1/C18/D0/S18 (1.6%) 8. H32/A0/B0/C32/D2/S0 (1.6%) 9. H32/A0/B18/C15/D0/S1 (1.4%) 10. H2/A0/B0/C32/D32/S0 (1.1%) | S77: 1. 烈咬陆鲨 2. 魔幻假面喵 3. 谜拟丘 4. 铝钢桥龙 5. 暴鲤龙 | T77: 6. 仆刀将军 7. 火焰鸡 8. 甲贺忍蛙 9. 巨金怪 10. 苍炎刃鬼
A78: 77 | B78: 劈斧螳螂 | C78: Kleavor | D78: 1. 岩斧 (100%) 2. 十字剪 (72.4%) 3. 近身战 (50.8%) 4. 暗袭要害 (39.3%) 5. 佯攻 (20.7%) 6. 急速折返 (20.2%) 7. 劈瓦 (18.8%) 8. 电光一闪 (15.2%) 9. 顺风 (15.1%) 10. 双倍奉还 (9%) | E78: 1. 气势披带 (67.4%) 2. 讲究围巾 (23.7%) 3. 生命宝珠 (2.3%) 4. 文柚果 (1.5%) 5. 广角镜 (1.3%) 6. 先制之爪 (1.1%) 7. 节拍器 (0.6%) 8. 硬石头 (0.5%) 9. 木子果 (0.2%) 10. 力量头带 (0.2%) | F78: 1. 锋锐 (99.1%) 2. 强行 (0.6%) 3. 虫之预感 (0.3%) | G78: 1. 固执 +A -C (53.1%) 2. 爽朗 +S -C (42.2%) 3. 淘气 +B -C (1.4%) 4. 勇敢 +A -S (0.8%) 5. 慎重 +D -C (0.7%) 6. 天真 +S -D (0.6%) 7. 怕寂寞 +A -B (0.5%) 8. 急躁 +S -B (0.2%) 9. 认真 (0.2%) 10. 顽皮 +A -D (0.1%) | H78: 1. 巨钳螳螂 2. 幽尾玄鱼 3. 谜拟丘 4. 铝钢桥龙 5. 暴鲤龙 6. 魔幻假面喵 7. 烈咬陆鲨 8. 喷火龙 9. 火神蛾 10. 火焰鸡 | I78: 1. H2/A32/B0/C0/D0/S32 (63.4%) 2. H0/A32/B2/C0/D0/S32 (10.1%) 3. H0/A32/B0/C0/D2/S32 (5.2%) 4. H0/A32/B0/C0/D0/S32 (2%) 5. H0/A28/B18/C0/D0/S20 (1.9%) 6. H0/A32/B1/C0/D1/S32 (1.7%) 7. H32/A32/B2/C0/D0/S0 (1.6%) 8. H32/A32/B0/C0/D0/S2 (1.1%) 9. H2/A32/B32/C0/D0/S0 (1%) 10. H0/A32/B1/C0/D0/S32 (0.9%) | J78: 本期无显著变化 | K78: 1. 岩斧 (100%) 2. 十字剪 (72.4%) 3. 近身战 (50.8%) 4. 暗袭要害 (39.3%) 5. 佯攻 (20.7%) | L78: 6. 急速折返 (20.2%) 7. 劈瓦 (18.8%) 8. 电光一闪 (15.2%) 9. 顺风 (15.1%) 10. 双倍奉还 (9%) | M78: 1. 气势披带 (67.4%) 2. 讲究围巾 (23.7%) 3. 生命宝珠 (2.3%) 4. 文柚果 (1.5%) 5. 广角镜 (1.3%) | N78: 6. 先制之爪 (1.1%) 7. 节拍器 (0.6%) 8. 硬石头 (0.5%) 9. 木子果 (0.2%) 10. 力量头带 (0.2%) | O78: 1. 固执 +A -C (53.1%) 2. 爽朗 +S -C (42.2%) 3. 淘气 +B -C (1.4%) 4. 勇敢 +A -S (0.8%) 5. 慎重 +D -C (0.7%) | P78: 6. 天真 +S -D (0.6%) 7. 怕寂寞 +A -B (0.5%) 8. 急躁 +S -B (0.2%) 9. 认真 (0.2%) 10. 顽皮 +A -D (0.1%) | Q78: 1. H2/A32/B0/C0/D0/S32 (63.4%) 2. H0/A32/B2/C0/D0/S32 (10.1%) 3. H0/A32/B0/C0/D2/S32 (5.2%) 4. H0/A32/B0/C0/D0/S32 (2%) 5. H0/A28/B18/C0/D0/S20 (1.9%) | R78: 6. H0/A32/B1/C0/D1/S32 (1.7%) 7. H32/A32/B2/C0/D0/S0 (1.6%) 8. H32/A32/B0/C0/D0/S2 (1.1%) 9. H2/A32/B32/C0/D0/S0 (1%) 10. H0/A32/B1/C0/D0/S32 (0.9%) | S78: 1. 巨钳螳螂 2. 幽尾玄鱼 3. 谜拟丘 4. 铝钢桥龙 5. 暴鲤龙 | T78: 6. 魔幻假面喵 7. 烈咬陆鲨 8. 喷火龙 9. 火神蛾 10. 火焰鸡
A79: 78 | B79: 雪妖女 | C79: Froslass | D79: 1. 暴风雪 (94.9%) 2. 暗影球 (81.9%) 3. 极光幕 (57.7%) 4. 十万伏特 (54.5%) 5. 同命 (25%) 6. 挑衅 (18.3%) 7. 磷火 (11.8%) 8. 诡计 (11.5%) 9. 冰砾 (9.2%) 10. 祸不单行 (7.2%) | E79: 1. 雪妖女进化石 (94.9%) 2. 气势披带 (1.7%) 3. 讲究围巾 (0.3%) 4. 光之黏土 (0.3%) 5. 广角镜 (0.2%) 6. 先制之爪 (0.2%) 7. 不融冰 (0.1%) 8. 暴雪王进化石 (0.1%) 9. 吃剩的东西 (0%) 10. 对焦镜 (0%) | F79: 1. 咒术之躯 (77.9%) 2. 雪隐 (22.1%) | G79: 1. 胆小 +S -A (79%) 2. 内敛 +C -A (16.6%) 3. 天真 +S -D (1.7%) 4. 大胆 +B -A (1.3%) 5. 爽朗 +S -C (0.4%) 6. 温和 +D -A (0.4%) 7. 慢吞吞 +C -B (0.3%) 8. 急躁 +S -B (0.2%) 9. 固执 +A -C (0.1%) | H79: 1. 烈咬陆鲨 2. 西狮海壬 3. 谜拟丘 4. 魔幻假面喵 5. 铝钢桥龙 6. 仆刀将军 7. 火焰鸡 8. 晶光花 9. 暴鲤龙 10. 姆克鹰 | I79: 1. H2/A0/B0/C32/D0/S32 (37.1%) 2. H0/A0/B2/C32/D0/S32 (11.4%) 3. H10/A0/B0/C31/D0/S25 (5.2%) 4. H14/A0/B0/C20/D0/S32 (4.2%) 5. H0/A0/B0/C32/D2/S32 (3.8%) 6. H32/A0/B0/C2/D0/S32 (2.9%) 7. H0/A0/B1/C32/D1/S32 (2.6%) 8. H0/A0/B0/C32/D0/S32 (2.1%) 9. H29/A0/B3/C2/D0/S32 (1%) 10. H32/A0/B32/C0/D0/S0 (1%) | J79: 本期无显著变化 | K79: 1. 暴风雪 (94.9%) 2. 暗影球 (81.9%) 3. 极光幕 (57.7%) 4. 十万伏特 (54.5%) 5. 同命 (25%) | L79: 6. 挑衅 (18.3%) 7. 磷火 (11.8%) 8. 诡计 (11.5%) 9. 冰砾 (9.2%) 10. 祸不单行 (7.2%) | M79: 1. 雪妖女进化石 (94.9%) 2. 气势披带 (1.7%) 3. 讲究围巾 (0.3%) 4. 光之黏土 (0.3%) 5. 广角镜 (0.2%) | N79: 6. 先制之爪 (0.2%) 7. 不融冰 (0.1%) 8. 暴雪王进化石 (0.1%) 9. 吃剩的东西 (0%) 10. 对焦镜 (0%) | O79: 1. 胆小 +S -A (79%) 2. 内敛 +C -A (16.6%) 3. 天真 +S -D (1.7%) 4. 大胆 +B -A (1.3%) 5. 爽朗 +S -C (0.4%) | P79: 6. 温和 +D -A (0.4%) 7. 慢吞吞 +C -B (0.3%) 8. 急躁 +S -B (0.2%) 9. 固执 +A -C (0.1%) | Q79: 1. H2/A0/B0/C32/D0/S32 (37.1%) 2. H0/A0/B2/C32/D0/S32 (11.4%) 3. H10/A0/B0/C31/D0/S25 (5.2%) 4. H14/A0/B0/C20/D0/S32 (4.2%) 5. H0/A0/B0/C32/D2/S32 (3.8%) | R79: 6. H32/A0/B0/C2/D0/S32 (2.9%) 7. H0/A0/B1/C32/D1/S32 (2.6%) 8. H0/A0/B0/C32/D0/S32 (2.1%) 9. H29/A0/B3/C2/D0/S32 (1%) 10. H32/A0/B32/C0/D0/S0 (1%) | S79: 1. 烈咬陆鲨 2. 西狮海壬 3. 谜拟丘 4. 魔幻假面喵 5. 铝钢桥龙 | T79: 6. 仆刀将军 7. 火焰鸡 8. 晶光花 9. 暴鲤龙 10. 姆克鹰
... A113: 112 | B113: 大力鳄 | C113: Feraligatr | D113: 1. 水流裂破 (83.2%) 2. 水流喷射 (57.3%) 3. 龙之舞 (56.6%) 4. 冰冻拳 (55.4%) 5. 地震 (26.8%) 6. 咬碎 (22.8%) 7. 舍身冲撞 (20.2%) 8. 泰山压顶 (15.3%) 9. 剑舞 (13.6%) 10. 硬撑 (5.3%) | E113: 1. 生命宝珠 (48.6%) 2. 大力鳄进化石 (45.5%) 3. 文柚果 (3%) 4. 先制之爪 (1.1%) 5. 讲究围巾 (0.5%) 6. 力量头带 (0.5%) 7. 气势披带 (0.2%) 8. 烛木果 (0.1%) 9. 木子果 (0.1%) 10. 达人带 (0.1%) | F113: 1. 强行 (92.4%) 2. 激流 (7.6%) | G113: 1. 固执 +A -C (61.7%) 2. 爽朗 +S -C (31.7%) 3. 勇敢 +A -S (1.8%) 4. 淘气 +B -C (1.6%) 5. 急躁 +S -B (1.1%) 6. 天真 +S -D (0.7%) 7. 内敛 +C -A (0.6%) 8. 慎重 +D -C (0.4%) 9. 怕寂寞 +A -B (0.2%) 10. 悠闲 +B -S (0.1%) | H113: 1. 铝钢桥龙 2. 烈咬陆鲨 3. 大竺葵 4. 九尾（阿罗拉的样子） 5. 喷火龙 6. 谜拟丘 7. 钢铠鸦 8. 火神蛾 9. 妙蛙花 10. 仆刀将军 | I113: 1. H2/A32/B0/C0/D0/S32 (18.2%) 2. H32/A32/B0/C0/D2/S0 (10.1%) 3. H1/A32/B1/C0/D0/S32 (9.4%) 4. H32/A32/B0/C0/D0/S2 (5.1%) 5. H32/A32/B2/C0/D0/S0 (3.9%) 6. H0/A32/B0/C0/D2/S32 (2.5%) 7. H31/A32/B0/C0/D0/S3 (2.3%) 8. H5/A32/B1/C0/D0/S28 (2.2%) 9. H0/A32/B2/C0/D0/S32 (2.2%) 10. H30/A32/B0/C0/D4/S0 (2.1%) | J113: 本期无显著变化 | K113: 1. 水流裂破 (83.2%) 2. 水流喷射 (57.3%) 3. 龙之舞 (56.6%) 4. 冰冻拳 (55.4%) 5. 地震 (26.8%) | L113: 6. 咬碎 (22.8%) 7. 舍身冲撞 (20.2%) 8. 泰山压顶 (15.3%) 9. 剑舞 (13.6%) 10. 硬撑 (5.3%) | M113: 1. 生命宝珠 (48.6%) 2. 大力鳄进化石 (45.5%) 3. 文柚果 (3%) 4. 先制之爪 (1.1%) 5. 讲究围巾 (0.5%) | N113: 6. 力量头带 (0.5%) 7. 气势披带 (0.2%) 8. 烛木果 (0.1%) 9. 木子果 (0.1%) 10. 达人带 (0.1%) | O113: 1. 固执 +A -C (61.7%) 2. 爽朗 +S -C (31.7%) 3. 勇敢 +A -S (1.8%) 4. 淘气 +B -C (1.6%) 5. 急躁 +S -B (1.1%) | P113: 6. 天真 +S -D (0.7%) 7. 内敛 +C -A (0.6%) 8. 慎重 +D -C (0.4%) 9. 怕寂寞 +A -B (0.2%) 10. 悠闲 +B -S (0.1%) | Q113: 1. H2/A32/B0/C0/D0/S32 (18.2%) 2. H32/A32/B0/C0/D2/S0 (10.1%) 3. H1/A32/B1/C0/D0/S32 (9.4%) 4. H32/A32/B0/C0/D0/S2 (5.1%) 5. H32/A32/B2/C0/D0/S0 (3.9%) | R113: 6. H0/A32/B0/C0/D2/S32 (2.5%) 7. H31/A32/B0/C0/D0/S3 (2.3%) 8. H5/A32/B1/C0/D0/S28 (2.2%) 9. H0/A32/B2/C0/D0/S32 (2.2%) 10. H30/A32/B0/C0/D4/S0 (2.1%) | S113: 1. 铝钢桥龙 2. 烈咬陆鲨 3. 大竺葵 4. 九尾（阿罗拉的样子） 5. 喷火龙 | T113: 6. 谜拟丘 7. 钢铠鸦 8. 火神蛾 9. 妙蛙花 10. 仆刀将军
A114: 113 | B114: 幽尾玄鱼（雌性） | C114: Basculegion-F | D114: 1. 水流喷射 (77.7%) 2. 暗影球 (57.7%) 3. 冲浪 (44.3%) 4. 冰冻光束 (43.8%) 5. 扫墓 (38.9%) 6. 快速折返 (38.1%) 7. 波动冲 (37.4%) 8. 水炮 (16.7%) 9. 高速移动 (5.7%) 10. 精神之牙 (5.4%) | E114: 1. 讲究围巾 (40.7%) 2. 神秘水滴 (14.9%) 3. 气势披带 (12.6%) 4. 生命宝珠 (12.6%) 5. 文柚果 (8.4%) 6. 咒术之符 (3.4%) 7. 光粉 (1.4%) 8. 力量头带 (1.3%) 9. 佛柑果 (1.2%) 10. 先制之爪 (0.7%) | F114: 1. 适应力 (94.3%) 2. 悠游自如 (4.1%) 3. 破格 (1.5%) | G114: 1. 内敛 +C -A (37.3%) 2. 爽朗 +S -C (24.4%) 3. 固执 +A -C (15.6%) 4. 胆小 +S -A (11.7%) 5. 马虎 +C -D (5.6%) 6. 冷静 +C -S (3.4%) 7. 天真 +S -D (0.8%) 8. 慢吞吞 +C -B (0.5%) 9. 急躁 +S -B (0.3%) 10. 大胆 +B -A (0.2%) | I114: 1. H2/A32/B0/C0/D0/S32 (17.5%) 2. H2/A0/B0/C32/D0/S32 (12.6%) 3. H0/A32/B2/C0/D0/S32 (5.8%) 4. H0/A0/B2/C32/D0/S32 (5.5%) 5. H0/A2/B0/C32/D0/S32 (4.8%) 6. H20/A0/B2/C32/D1/S11 (4.3%) 7. H22/A32/B0/C0/D0/S12 (3.6%) 8. H0/A32/B1/C0/D1/S32 (3.2%) 9. H0/A32/B0/C0/D0/S32 (3.1%) 10. H2/A0/B32/C32/D0/S0 (2.7%) | J114: 本期无显著变化 | K114: 1. 水流喷射 (77.7%) 2. 暗影球 (57.7%) 3. 冲浪 (44.3%) 4. 冰冻光束 (43.8%) 5. 扫墓 (38.9%) | L114: 6. 快速折返 (38.1%) 7. 波动冲 (37.4%) 8. 水炮 (16.7%) 9. 高速移动 (5.7%) 10. 精神之牙 (5.4%) | M114: 1. 讲究围巾 (40.7%) 2. 神秘水滴 (14.9%) 3. 气势披带 (12.6%) 4. 生命宝珠 (12.6%) 5. 文柚果 (8.4%) | N114: 6. 咒术之符 (3.4%) 7. 光粉 (1.4%) 8. 力量头带 (1.3%) 9. 佛柑果 (1.2%) 10. 先制之爪 (0.7%) | O114: 1. 内敛 +C -A (37.3%) 2. 爽朗 +S -C (24.4%) 3. 固执 +A -C (15.6%) 4. 胆小 +S -A (11.7%) 5. 马虎 +C -D (5.6%) | P114: 6. 冷静 +C -S (3.4%) 7. 天真 +S -D (0.8%) 8. 慢吞吞 +C -B (0.5%) 9. 急躁 +S -B (0.3%) 10. 大胆 +B -A (0.2%) | Q114: 1. H2/A32/B0/C0/D0/S32 (17.5%) 2. H2/A0/B0/C32/D0/S32 (12.6%) 3. H0/A32/B2/C0/D0/S32 (5.8%) 4. H0/A0/B2/C32/D0/S32 (5.5%) 5. H0/A2/B0/C32/D0/S32 (4.8%) | R114: 6. H20/A0/B2/C32/D1/S11 (4.3%) 7. H22/A32/B0/C0/D0/S12 (3.6%) 8. H0/A32/B1/C0/D1/S32 (3.2%) 9. H0/A32/B0/C0/D0/S32 (3.1%) 10. H2/A0/B32/C32/D0/S0 (2.7%)
A115: 114 | B115: 光电伞蜥 | C115: Heliolisk | D115: 1. 十万伏特 (80.7%) 2. 断尾 (54.4%) 3. 打草结 (51.4%) 4. 大蛇瞪眼 (48.6%) 5. 伏特替换 (38.3%) 6. 巨声 (19.1%) 7. 真气弹 (18.5%) 8. 冲浪 (14.4%) 9. 龙之波动 (11%) 10. 晨光 (10.3%) | E115: 1. 气势披带 (38.3%) 2. 文柚果 (19.5%) 3. 讲究围巾 (16.8%) 4. 生命宝珠 (9.1%) 5. 达人带 (4.6%) 6. 光粉 (2.9%) 7. 腰木果 (2.2%) 8. 磁铁 (1.2%) 9. 贝壳之铃 (0.8%) 10. 吃剩的东西 (0.7%) | F115: 1. 干燥皮肤 (92.5%) 2. 太阳之力 (5.1%) 3. 沙隐 (2.4%) | G115: 1. 胆小 +S -A (78.3%) 2. 内敛 +C -A (17.5%) 3. 急躁 +S -B (2.2%) 4. 温和 +D -A (1.5%) 5. 大胆 +B -A (0.3%) 6. 慢吞吞 +C -B (0.2%) 7. 爽朗 +S -C (0%) 8. 冷静 +C -S (0%) 9. 自大 +D -S (0%) | H115: 1. 暴鲤龙 2. 烈咬陆鲨 3. 妖火红狐 4. 西狮海壬 5. 火焰鸡 6. 河马兽 7. 魔幻假面喵 8. 巨钳螳螂 9. 巨金怪 10. 骨纹巨声鳄 | I115: 1. H2/A0/B0/C32/D0/S32 (49.1%) 2. H32/A0/B0/C2/D0/S32 (8.3%) 3. H0/A0/B0/C32/D2/S32 (7.5%) 4. H0/A0/B2/C32/D0/S32 (7%) 5. H0/A0/B0/C32/D0/S32 (3.4%) 6. H1/A0/B0/C32/D1/S32 (2.9%) 7. H0/A0/B0/C32/D8/S26 (2%) 8. H1/A0/B1/C32/D0/S32 (1.5%) 9. H3/A0/B0/C32/D0/S31 (1.5%) 10. H31/A0/B0/C0/D3/S32 (1.3%) | J115: 本期无显著变化 | K115: 1. 十万伏特 (80.7%) 2. 断尾 (54.4%) 3. 打草结 (51.4%) 4. 大蛇瞪眼 (48.6%) 5. 伏特替换 (38.3%) | L115: 6. 巨声 (19.1%) 7. 真气弹 (18.5%) 8. 冲浪 (14.4%) 9. 龙之波动 (11%) 10. 晨光 (10.3%) | M115: 1. 气势披带 (38.3%) 2. 文柚果 (19.5%) 3. 讲究围巾 (16.8%) 4. 生命宝珠 (9.1%) 5. 达人带 (4.6%) | N115: 6. 光粉 (2.9%) 7. 腰木果 (2.2%) 8. 磁铁 (1.2%) 9. 贝壳之铃 (0.8%) 10. 吃剩的东西 (0.7%) | O115: 1. 胆小 +S -A (78.3%) 2. 内敛 +C -A (17.5%) 3. 急躁 +S -B (2.2%) 4. 温和 +D -A (1.5%) 5. 大胆 +B -A (0.3%) | P115: 6. 慢吞吞 +C -B (0.2%) 7. 爽朗 +S -C (0%) 8. 冷静 +C -S (0%) 9. 自大 +D -S (0%) | Q115: 1. H2/A0/B0/C32/D0/S32 (49.1%) 2. H32/A0/B0/C2/D0/S32 (8.3%) 3. H0/A0/B0/C32/D2/S32 (7.5%) 4. H0/A0/B2/C32/D0/S32 (7%) 5. H0/A0/B0/C32/D0/S32 (3.4%) | R115: 6. H1/A0/B0/C32/D1/S32 (2.9%) 7. H0/A0/B0/C32/D8/S26 (2%) 8. H1/A0/B1/C32/D0/S32 (1.5%) 9. H3/A0/B0/C32/D0/S31 (1.5%) 10. H31/A0/B0/C0/D3/S32 (1.3%) | S115: 1. 暴鲤龙 2. 烈咬陆鲨 3. 妖火红狐 4. 西狮海壬 5. 火焰鸡 | T115: 6. 河马兽 7. 魔幻假面喵 8. 巨钳螳螂 9. 巨金怪 10. 骨纹巨声鳄
A116: 115 | B116: 焰后蜥 | C116: Salazzle | D116: 1. 剧毒 (92.1%) 2. 再来一次 (50.4%) 3. 蛮干 (45.3%) 4. 喷射火焰 (44.9%) 5. 过热 (31.4%) 6. 替身 (27%) 7. 守住 (21.8%) 8. 污泥波 (19.4%) 9. 毒菱 (14.3%) 10. 定身法 (11.6%) | E116: 1. 气势披带 (78.5%) 2. 吃剩的东西 (9.9%) 3. 生命宝珠 (3.7%) 4. 白色香草 (3.5%) 5. 文柚果 (1.1%) 6. 博识眼镜 (0.7%) 7. 腰木果 (0.7%) 8. 达人带 (0.4%) 9. 讲究围巾 (0.4%) 10. 木子果 (0.3%) | F116: 1. 腐蚀 (94.9%) 2. 迟钝 (5.1%) | G116: 1. 胆小 +S -A (93.8%) 2. 内敛 +C -A (3%) 3. 爽朗 +S -C (1.4%) 4. 急躁 +S -B (0.8%) 5. 自大 +D -S (0.4%) 6. 天真 +S -D (0.2%) 7. 淘气 +B -C (0.2%) 8. 温和 +D -A (0.1%) | H116: 1. 妙蛙花 2. 魔幻假面喵 3. 谜拟丘 4. 月亮伊布 5. 烈咬陆鲨 6. 骨纹巨声鳄 7. 耿鬼 8. 九尾（阿罗拉的样子） 9. 万针鱼 10. 宝石海星 | I116: 1. H2/A0/B0/C32/D0/S32 (36.3%) 2. H1/A0/B1/C32/D0/S32 (15.9%) 3. H0/A0/B2/C32/D0/S32 (6.3%) 4. H0/A0/B0/C32/D0/S32 (6.1%) 5. H32/A0/B0/C2/D0/S32 (3.3%) 6. H32/A0/B2/C0/D0/S32 (3.1%) 7. H32/A0/B0/C0/D2/S32 (2.4%) 8. H0/A0/B1/C32/D1/S32 (2.2%) 9. H0/A0/B0/C11/D23/S32 (1.8%) 10. H1/A0/B0/C32/D0/S32 (1.8%) | J116: 本期无显著变化 | K116: 1. 剧毒 (92.1%) 2. 再来一次 (50.4%) 3. 蛮干 (45.3%) 4. 喷射火焰 (44.9%) 5. 过热 (31.4%) | L116: 6. 替身 (27%) 7. 守住 (21.8%) 8. 污泥波 (19.4%) 9. 毒菱 (14.3%) 10. 定身法 (11.6%) | M116: 1. 气势披带 (78.5%) 2. 吃剩的东西 (9.9%) 3. 生命宝珠 (3.7%) 4. 白色香草 (3.5%) 5. 文柚果 (1.1%) | N116: 6. 博识眼镜 (0.7%) 7. 腰木果 (0.7%) 8. 达人带 (0.4%) 9. 讲究围巾 (0.4%) 10. 木子果 (0.3%) | O116: 1. 胆小 +S -A (93.8%) 2. 内敛 +C -A (3%) 3. 爽朗 +S -C (1.4%) 4. 急躁 +S -B (0.8%) | P116: 5. 自大 +D -S (0.4%) 6. 天真 +S -D (0.2%) 7. 淘气 +B -C (0.2%) 8. 温和 +D -A (0.1%) | Q116: 1. H2/A0/B0/C32/D0/S32 (36.3%) 2. H1/A0/B1/C32/D0/S32 (15.9%) 3. H0/A0/B2/C32/D0/S32 (6.3%) 4. H0/A0/B0/C32/D0/S32 (6.1%) 5. H32/A0/B0/C2/D0/S32 (3.3%) | R116: 6. H32/A0/B2/C0/D0/S32 (3.1%) 7. H32/A0/B0/C0/D2/S32 (2.4%) 8. H0/A0/B1/C32/D1/S32 (2.2%) 9. H0/A0/B0/C11/D23/S32 (1.8%) 10. H1/A0/B0/C32/D0/S32 (1.8%) | S116: 1. 妙蛙花 2. 魔幻假面喵 3. 谜拟丘 4. 月亮伊布 5. 烈咬陆鲨 | T116: 6. 骨纹巨声鳄 7. 耿鬼 8. 九尾（阿罗拉的样子） 9. 万针鱼 10. 宝石海星
A117: 116 | B117: 呆壳兽（伽勒尔） | C117: Slowbro-Galar | D117: 1. 臂贝武器 (85.8%) 2. 精神强念 (71.8%) 3. 冰冻光束 (70.6%) 4. 喷射火焰 (54.4%) 5. 诡计 (13.7%) 6. 大字爆炎 (12.1%) 7. 精神冲击 (10.9%) 8. 偷懒 (9.3%) 9. 暗影球 (6.9%) 10. 垃圾射击 (4.9%) | E117: 1. 先制之爪 (90.3%) 2. 文柚果 (2.6%) 3. 吃剩的东西 (2.3%) 4. 腰木果 (1.5%) 5. 木子果 (1%) 6. 生命宝珠 (0.9%) 7. 气势披带 (0.3%) 8. 光粉 (0.3%) 9. 达人带 (0.1%) 10. 电气球 (0.1%) | F117: 1. 速击 (94.1%) 2. 再生力 (5.9%) 3. 我行我素 (0%) | G117: 1. 内敛 +C -A (46.7%) 2. 冷静 +C -S (33%) 3. 温和 +D -A (4.3%) 4. 悠闲 +B -S (3.9%) 5. 大胆 +B -A (3.3%) 6. 自大 +D -S (2.9%) 7. 勇敢 +A -S (2.5%) 8. 认真 (1.7%) 9. 固执 +A -C (0.9%) 10. 胆小 +S -A (0.5%) | H117: 1. 妙蛙花 2. 耿鬼 3. 万针鱼 4. 宝石海星 5. 烈咬陆鲨 6. 喷火龙 7. 灰尘山 8. 谜拟丘 9. 雷丘 10. 甲贺忍蛙 | I117: 1. H32/A0/B2/C32/D0/S0 (25.9%) 2. H31/A0/B2/C32/D1/S0 (11%) 3. H32/A0/B0/C32/D2/S0 (10.9%) 4. H32/A0/B24/C0/D10/S0 (3.5%) 5. H2/A32/B0/C32/D0/S0 (2.9%) 6. H2/A0/B32/C32/D0/S0 (2.8%) 7. H5/A0/B29/C32/D0/S0 (2.8%) 8. H2/A0/B0/C32/D32/S0 (2.6%) 9. H30/A0/B0/C26/D10/S0 (2.5%) 10. H32/A0/B0/C30/D4/S0 (2%) | J117: 本期无显著变化 | K117: 1. 臂贝武器 (85.8%) 2. 精神强念 (71.8%) 3. 冰冻光束 (70.6%) 4. 喷射火焰 (54.4%) 5. 诡计 (13.7%) | L117: 6. 大字爆炎 (12.1%) 7. 精神冲击 (10.9%) 8. 偷懒 (9.3%) 9. 暗影球 (6.9%) 10. 垃圾射击 (4.9%) | M117: 1. 先制之爪 (90.3%) 2. 文柚果 (2.6%) 3. 吃剩的东西 (2.3%) 4. 腰木果 (1.5%) 5. 木子果 (1%) | N117: 6. 生命宝珠 (0.9%) 7. 气势披带 (0.3%) 8. 光粉 (0.3%) 9. 达人带 (0.1%) 10. 电气球 (0.1%) | O117: 1. 内敛 +C -A (46.7%) 2. 冷静 +C -S (33%) 3. 温和 +D -A (4.3%) 4. 悠闲 +B -S (3.9%) 5. 大胆 +B -A (3.3%) | P117: 6. 自大 +D -S (2.9%) 7. 勇敢 +A -S (2.5%) 8. 认真 (1.7%) 9. 固执 +A -C (0.9%) 10. 胆小 +S -A (0.5%) | Q117: 1. H32/A0/B2/C32/D0/S0 (25.9%) 2. H31/A0/B2/C32/D1/S0 (11%) 3. H32/A0/B0/C32/D2/S0 (10.9%) 4. H32/A0/B24/C0/D10/S0 (3.5%) 5. H2/A32/B0/C32/D0/S0 (2.9%) | R117: 6. H2/A0/B32/C32/D0/S0 (2.8%) 7. H5/A0/B29/C32/D0/S0 (2.8%) 8. H2/A0/B0/C32/D32/S0 (2.6%) 9. H30/A0/B0/C26/D10/S0 (2.5%) 10. H32/A0/B0/C30/D4/S0 (2%) | S117: 1. 妙蛙花 2. 耿鬼 3. 万针鱼 4. 宝石海星 5. 烈咬陆鲨 | T117: 6. 喷火龙 7. 灰尘山 8. 谜拟丘 9. 雷丘 10. 甲贺忍蛙
A118: 117 | B118: 化石翼龙 | C118: Aerodactyl | D118: 1. 双翼 (77.9%) 2. 地震 (57.2%) 3. 岩崩 (54.1%) 4. 冰冻牙 (48.8%) 5. 龙之舞 (29.9%) 6. 尖石攻击 (17.1%) 7. 铁头 (14.6%) 8. 挑衅 (14.4%) 9. 岩石封锁 (11.4%) 10. 隐形岩 (11.2%) | E118: 1. 化石翼龙进化石 (71.5%) 2. 气势披带 (12.8%) 3. 讲究围巾 (1.6%) 4. 硬石头 (0.8%) 5. 霹霹果 (0.8%) 6. 生命宝珠 (0.7%) 7. 潮湿岩石 (0.6%) 8. 文柚果 (0.3%) 9. 白色香草 (0.3%) 10. 光粉 (0.3%) | F118: 1. 紧张感 (64.3%) 2. 压迫感 (22.8%) 3. 坚硬脑袋 (12.9%) | G118: 1. 爽朗 +S -C (60.4%) 2. 固执 +A -C (35.9%) 3. 天真 +S -D (1.1%) 4. 慎重 +D -C (0.8%) 5. 乐天 +B -D (0.7%) 6. 急躁 +S -B (0.7%) 7. 顽皮 +A -D (0.2%) 8. 大胆 +B -A (0.2%) 9. 淘气 +B -C (0.1%) 10. 怕寂寞 +A -B (0%) | H118: 1. 铝钢桥龙 2. 烈咬陆鲨 3. 谜拟丘 4. 幽尾玄鱼 5. 魔幻假面喵 6. 耿鬼 7. 火神蛾 8. 清洗洛托姆 9. 甲贺忍蛙 10. 仆刀将军 | I118: 1. H2/A32/B0/C0/D0/S32 (44.6%) 2. H0/A32/B2/C0/D0/S32 (10.3%) 3. H0/A32/B32/C0/D0/S2 (9.4%) 4. H0/A32/B0/C0/D2/S32 (4%) 5. H0/A32/B1/C0/D1/S32 (3.8%) 6. H0/A32/B0/C0/D0/S32 (3.4%) 7. H8/A32/B0/C0/D0/S26 (2.2%) 8. H32/A0/B2/C0/D0/S32 (2%) 9. H2/A32/B1/C0/D0/S31 (1.4%) 10. H14/A20/B0/C0/D0/S32 (1.2%) | J118: 本期无显著变化 | K118: 1. 双翼 (77.9%) 2. 地震 (57.2%) 3. 岩崩 (54.1%) 4. 冰冻牙 (48.8%) 5. 龙之舞 (29.9%) | L118: 6. 尖石攻击 (17.1%) 7. 铁头 (14.6%) 8. 挑衅 (14.4%) 9. 岩石封锁 (11.4%) 10. 隐形岩 (11.2%) | M118: 1. 化石翼龙进化石 (71.5%) 2. 气势披带 (12.8%) 3. 讲究围巾 (1.6%) 4. 硬石头 (0.8%) 5. 霹霹果 (0.8%) | N118: 6. 生命宝珠 (0.7%) 7. 潮湿岩石 (0.6%) 8. 文柚果 (0.3%) 9. 白色香草 (0.3%) 10. 光粉 (0.3%) | O118: 1. 爽朗 +S -C (60.4%) 2. 固执 +A -C (35.9%) 3. 天真 +S -D (1.1%) 4. 慎重 +D -C (0.8%) 5. 乐天 +B -D (0.7%) | P118: 6. 急躁 +S -B (0.7%) 7. 顽皮 +A -D (0.2%) 8. 大胆 +B -A (0.2%) 9. 淘气 +B -C (0.1%) 10. 怕寂寞 +A -B (0%) | Q118: 1. H2/A32/B0/C0/D0/S32 (44.6%) 2. H0/A32/B2/C0/D0/S32 (10.3%) 3. H0/A32/B32/C0/D0/S2 (9.4%) 4. H0/A32/B0/C0/D2/S32 (4%) 5. H0/A32/B1/C0/D1/S32 (3.8%) | R118: 6. H0/A32/B0/C0/D0/S32 (3.4%) 7. H8/A32/B0/C0/D0/S26 (2.2%) 8. H32/A0/B2/C0/D0/S32 (2%) 9. H2/A32/B1/C0/D0/S31 (1.4%) 10. H14/A20/B0/C0/D0/S32 (1.2%) | S118: 1. 铝钢桥龙 2. 烈咬陆鲨 3. 谜拟丘 4. 幽尾玄鱼 5. 魔幻假面喵 | T118: 6. 耿鬼 7. 火神蛾 8. 清洗洛托姆 9. 甲贺忍蛙 10. 仆刀将军
A119: 118 | B119: 煤炭龟 | C119: Torkoal | D119: 1. 隐形岩 (64.4%) 2. 哈欠 (58.7%) 3. 日光束 (35.8%) 4. 喷射火焰 (25.8%) 5. 喷火 (22.8%) 6. 过热 (21.4%) 7. 磷火 (16.1%) 8. 喷烟 (15.5%) 9. 扑击 (14.4%) 10. 地裂 (14%) | E119: 1. 炽热岩石 (46.4%) 2. 文柚果 (12.2%) 3. 吃剩的东西 (12.1%) 4. 木炭 (8.9%) 5. 先制之爪 (6.7%) 6. 腰木果 (3.1%) 7. 木子果 (2.4%) 8. 生命宝珠 (1.9%) 9. 白色香草 (1.5%) 10. 对焦镜 (1%) | F119: 1. 日照 (96%) 2. 硬壳盔甲 (3.7%) 3. 白色烟雾 (0.3%) | G119: 1. 冷静 +C -S (24%) 2. 大胆 +B -A (22.1%) 3. 内敛 +C -A (17%) 4. 悠闲 +B -S (14.3%) 5. 自大 +D -S (10.7%) 6. 温和 +D -A (7.2%) 7. 勇敢 +A -S (1.5%) 8. 淘气 +B -C (1.2%) 9. 胆小 +S -A (0.6%) 10. 固执 +A -C (0.6%) | H119: 1. 妙蛙花 2. 烈咬陆鲨 3. 谜拟丘 4. 巨金怪 5. 喷火龙 6. 甲贺忍蛙 7. 幽尾玄鱼 8. 火焰鸡 9. 姆克鹰 10. 火炎狮 | I119: 1. H32/A0/B32/C0/D2/S0 (16.4%) 2. H32/A0/B2/C0/D32/S0 (16.2%) 3. H32/A0/B2/C32/D0/S0 (15.7%) 4. H32/A0/B0/C32/D2/S0 (9.5%) 5. H32/A0/B32/C2/D0/S0 (4.3%) 6. H2/A0/B0/C32/D32/S0 (3.1%) 7. H32/A0/B0/C0/D32/S0 (2.3%) 8. H32/A0/B0/C2/D32/S0 (2.3%) 9. H0/A0/B32/C32/D2/S0 (1.6%) 10. H30/A0/B31/C0/D5/S0 (1.5%) | J119: 本期无显著变化 | K119: 1. 隐形岩 (64.4%) 2. 哈欠 (58.7%) 3. 日光束 (35.8%) 4. 喷射火焰 (25.8%) 5. 喷火 (22.8%) | L119: 6. 过热 (21.4%) 7. 磷火 (16.1%) 8. 喷烟 (15.5%) 9. 扑击 (14.4%) 10. 地裂 (14%) | M119: 1. 炽热岩石 (46.4%) 2. 文柚果 (12.2%) 3. 吃剩的东西 (12.1%) 4. 木炭 (8.9%) 5. 先制之爪 (6.7%) | N119: 6. 腰木果 (3.1%) 7. 木子果 (2.4%) 8. 生命宝珠 (1.9%) 9. 白色香草 (1.5%) 10. 对焦镜 (1%) | O119: 1. 冷静 +C -S (24%) 2. 大胆 +B -A (22.1%) 3. 内敛 +C -A (17%) 4. 悠闲 +B -S (14.3%) 5. 自大 +D -S (10.7%) | P119: 6. 温和 +D -A (7.2%) 7. 勇敢 +A -S (1.5%) 8. 淘气 +B -C (1.2%) 9. 胆小 +S -A (0.6%) 10. 固执 +A -C (0.6%) | Q119: 1. H32/A0/B32/C0/D2/S0 (16.4%) 2. H32/A0/B2/C0/D32/S0 (16.2%) 3. H32/A0/B2/C32/D0/S0 (15.7%) 4. H32/A0/B0/C32/D2/S0 (9.5%) 5. H32/A0/B32/C2/D0/S0 (4.3%) | R119: 6. H2/A0/B0/C32/D32/S0 (3.1%) 7. H32/A0/B0/C0/D32/S0 (2.3%) 8. H32/A0/B0/C2/D32/S0 (2.3%) 9. H0/A0/B32/C32/D2/S0 (1.6%) 10. H30/A0/B31/C0/D5/S0 (1.5%) | S119: 1. 妙蛙花 2. 烈咬陆鲨 3. 谜拟丘 4. 巨金怪 5. 喷火龙 | T119: 6. 甲贺忍蛙 7. 幽尾玄鱼 8. 火焰鸡 9. 姆克鹰 10. 火炎狮
A120: 119 | B120: 七夕青鸟 | C120: Altaria | D120: 1. 羽栖 (88.3%) 2. 棉花防守 (75.9%) 3. 巨声 (66.6%) 4. 喷射火焰 (44.2%) 5. 龙之舞 (17%) 6. 火焰旋涡 (16.1%) 7. 泰山压顶 (15.6%) 8. 磷火 (10.2%) 9. 流星群 (9.7%) 10. 终焉之歌 (8.5%) | E120: 1. 七夕青鸟进化石 (95.7%) 2. 吃剩的东西 (1.8%) 3. 文柚果 (0.5%) 4. 白色香草 (0.3%) 5. 番荔果 (0.2%) 6. 光粉 (0.2%) 7. 莓榴果 (0.1%) 8. 广角镜 (0%) 9. 达人带 (0%) 10. 气势披带 (0%) | F120: 1. 无关天气 (58.5%) 2. 自然回复 (41.5%) | G120: 1. 内敛 +C -A (30.5%) 2. 大胆 +B -A (22.8%) 3. 温和 +D -A (19.4%) 4. 慎重 +D -C (8.2%) 5. 固执 +A -C (7.5%) 6. 爽朗 +S -C (3.1%) 7. 淘气 +B -C (2.7%) 8. 冷静 +C -S (1.4%) 9. 胆小 +S -A (1.3%) 10. 急躁 +S -B (1%) | H120: 1. 烈咬陆鲨 2. 骨纹巨声鳄 3. 谜拟丘 4. 魔幻假面喵 5. 巨钳螳螂 6. 钢铠鸦 7. 巨金怪 8. 三首恶龙 9. 巨沼怪 10. 仆刀将军 | I120: 1. H32/A0/B2/C0/D32/S0 (9.6%) 2. H32/A0/B0/C2/D32/S0 (4.4%) 3. H32/A0/B0/C32/D0/S2 (4%) 4. H2/A0/B0/C32/D32/S0 (3.3%) 5. H32/A0/B32/C2/D0/S0 (2.9%) 6. H32/A0/B2/C32/D0/S0 (2.8%) 7. H32/A0/B16/C0/D18/S0 (2.8%) 8. H32/A0/B32/C0/D2/S0 (2.4%) 9. H2/A0/B0/C32/D0/S32 (2.3%) 10. H31/A0/B3/C0/D32/S0 (2.1%) | J120: 本期无显著变化 | K120: 1. 羽栖 (88.3%) 2. 棉花防守 (75.9%) 3. 巨声 (66.6%) 4. 喷射火焰 (44.2%) 5. 龙之舞 (17%) | L120: 6. 火焰旋涡 (16.1%) 7. 泰山压顶 (15.6%) 8. 磷火 (10.2%) 9. 流星群 (9.7%) 10. 终焉之歌 (8.5%) | M120: 1. 七夕青鸟进化石 (95.7%) 2. 吃剩的东西 (1.8%) 3. 文柚果 (0.5%) 4. 白色香草 (0.3%) 5. 番荔果 (0.2%) | N120: 6. 光粉 (0.2%) 7. 莓榴果 (0.1%) 8. 广角镜 (0%) 9. 达人带 (0%) 10. 气势披带 (0%) | O120: 1. 内敛 +C -A (30.5%) 2. 大胆 +B -A (22.8%) 3. 温和 +D -A (19.4%) 4. 慎重 +D -C (8.2%) 5. 固执 +A -C (7.5%) | P120: 6. 爽朗 +S -C (3.1%) 7. 淘气 +B -C (2.7%) 8. 冷静 +C -S (1.4%) 9. 胆小 +S -A (1.3%) 10. 急躁 +S -B (1%) | Q120: 1. H32/A0/B2/C0/D32/S0 (9.6%) 2. H32/A0/B0/C2/D32/S0 (4.4%) 3. H32/A0/B0/C32/D0/S2 (4%) 4. H2/A0/B0/C32/D32/S0 (3.3%) 5. H32/A0/B32/C2/D0/S0 (2.9%) | R120: 6. H32/A0/B2/C32/D0/S0 (2.8%) 7. H32/A0/B16/C0/D18/S0 (2.8%) 8. H32/A0/B32/C0/D2/S0 (2.4%) 9. H2/A0/B0/C32/D0/S32 (2.3%) 10. H31/A0/B3/C0/D32/S0 (2.1%) | S120: 1. 烈咬陆鲨 2. 骨纹巨声鳄 3. 谜拟丘 4. 魔幻假面喵 5. 巨钳螳螂 | T120: 6. 钢铠鸦 7. 巨金怪 8. 三首恶龙 9. 巨沼怪 10. 仆刀将军
A121: 120 | B121: 狂欢浪舞鸭 | C121: Quaquaval | D121: 1. 流水旋舞 (97.2%) 2. 近身战 (83.8%) 3. 三旋击 (50.5%) 4. 水流喷射 (46.3%) 5. 冰旋 (20.5%) 6. 剑舞 (17.3%) 7. 再来一次 (15.7%) 8. 高速旋转 (10.5%) 9. 接棒 (8.1%) 10. 拍落 (7.2%) | E121: 1. 气势披带 (46.4%) 2. 木子果 (15.1%) 3. 生命宝珠 (13.4%) 4. 神秘水滴 (8.9%) 5. 文柚果 (5.4%) 6. 达人带 (2.3%) 7. 讲究围巾 (2%) 8. 吃剩的东西 (1.3%) 9. 力量头带 (1.2%) 10. 焦点镜 (1%) | F121: 1. 自信过度 (93.2%) 2. 激流 (6.8%) | G121: 1. 爽朗 +S -C (51.4%) 2. 固执 +A -C (45.5%) 3. 淘气 +B -C (1%) 4. 慎重 +D -C (0.8%) 5. 怕寂寞 +A -B (0.5%) 6. 急躁 +S -B (0.3%) 7. 大胆 +B -A (0.3%) 8. 温顺 +D -B (0.1%) 9. 顽皮 +A -D (0.1%) 10. 勇敢 +A -S (0%) | H121: 1. 烈咬陆鲨 2. 魔幻假面喵 3. 喷火龙 4. 谜拟丘 5. 巨金怪 6. 骨纹巨声鳄 7. 雷丘 8. 妖火红狐 9. 铝钢桥龙 10. 暴鲤龙 | I121: 1. H2/A32/B0/C0/D0/S32 (43.5%) 2. H1/A32/B1/C0/D0/S32 (8.9%) 3. H1/A32/B0/C0/D1/S32 (7.6%) 4. H0/A32/B0/C0/D0/S32 (6.5%) 5. H0/A32/B2/C0/D0/S32 (4.6%) 6. H0/A32/B12/C0/D0/S22 (2.3%) 7. H0/A32/B0/C0/D2/S32 (2.1%) 8. H15/A22/B4/C0/D1/S24 (1.8%) 9. H32/A32/B0/C0/D0/S2 (1.3%) 10. H9/A31/B0/C0/D0/S25 (1.2%) | J121: 本期无显著变化 | K121: 1. 流水旋舞 (97.2%) 2. 近身战 (83.8%) 3. 三旋击 (50.5%) 4. 水流喷射 (46.3%) 5. 冰旋 (20.5%) | L121: 6. 剑舞 (17.3%) 7. 再来一次 (15.7%) 8. 高速旋转 (10.5%) 9. 接棒 (8.1%) 10. 拍落 (7.2%) | M121: 1. 气势披带 (46.4%) 2. 木子果 (15.1%) 3. 生命宝珠 (13.4%) 4. 神秘水滴 (8.9%) 5. 文柚果 (5.4%) | N121: 6. 达人带 (2.3%) 7. 讲究围巾 (2%) 8. 吃剩的东西 (1.3%) 9. 力量头带 (1.2%) 10. 焦点镜 (1%) | O121: 1. 爽朗 +S -C (51.4%) 2. 固执 +A -C (45.5%) 3. 淘气 +B -C (1%) 4. 慎重 +D -C (0.8%) 5. 怕寂寞 +A -B (0.5%) | P121: 6. 急躁 +S -B (0.3%) 7. 大胆 +B -A (0.3%) 8. 温顺 +D -B (0.1%) 9. 顽皮 +A -D (0.1%) 10. 勇敢 +A -S (0%) | Q121: 1. H2/A32/B0/C0/D0/S32 (43.5%) 2. H1/A32/B1/C0/D0/S32 (8.9%) 3. H1/A32/B0/C0/D1/S32 (7.6%) 4. H0/A32/B0/C0/D0/S32 (6.5%) 5. H0/A32/B2/C0/D0/S32 (4.6%) | R121: 6. H0/A32/B12/C0/D0/S22 (2.3%) 7. H0/A32/B0/C0/D2/S32 (2.1%) 8. H15/A22/B4/C0/D1/S24 (1.8%) 9. H32/A32/B0/C0/D0/S2 (1.3%) 10. H9/A31/B0/C0/D0/S25 (1.2%) | S121: 1. 烈咬陆鲨 2. 魔幻假面喵 3. 喷火龙 4. 谜拟丘 5. 巨金怪 | T121: 6. 骨纹巨声鳄 7. 雷丘 8. 妖火红狐 9. 铝钢桥龙 10. 暴鲤龙
A122: 121 | B122: 狙射树枭（洗翠） | C122: Decidueye-Hisui | D122: 1. 三连箭 (99.4%) 2. 叶刃 (93.7%) 3. 突袭 (60.3%) 4. 急速折返 (26.5%) 5. 剑舞 (21.9%) 6. 勇鸟猛攻 (15.7%) 7. 岩石封锁 (12.6%) 8. 影子偷袭 (10.7%) 9. 拍落 (8.7%) 10. 起草 (7.4%) | E122: 1. 焦点镜 (37.3%) 2. 气势披带 (24.9%) 3. 讲究围巾 (13.9%) 4. 棱瓜果 (6.4%) 5. 文柚果 (3.6%) 6. 木子果 (2.5%) 7. 吃剩的东西 (2.4%) 8. 生命宝珠 (2%) 9. 王者之证 (1.7%) 10. 力量头带 (1.1%) | F122: 1. 胆量 (98.5%) 2. 茂盛 (1.5%) | G122: 1. 固执 +A -C (70.7%) 2. 爽朗 +S -C (23.7%) 3. 淘气 +B -C (2%) 4. 勇敢 +A -S (1.7%) 5. 顽皮 +A -D (1.4%) 6. 慎重 +D -C (0.3%) 7. 认真 (0.2%) 8. 天真 +S -D (0%) | H122: 1. 烈咬陆鲨 2. 铝钢桥龙 3. 巨金怪 4. 西狮海壬 5. 暴鲤龙 6. 宝石海星 7. 耿鬼 8. 喷火龙 9. 谜拟丘 10. 风速狗（洗翠的样子） | I122: 1. H2/A32/B0/C0/D0/S32 (40%) 2. H32/A32/B2/C0/D0/S0 (17.5%) 3. H0/A32/B2/C0/D0/S32 (6.9%) 4. H0/A32/B0/C0/D2/S32 (3.5%) 5. H32/A32/B0/C0/D0/S2 (3.1%) 6. H28/A32/B3/C0/D0/S3 (1.7%) 7. H32/A32/B0/C0/D2/S0 (1.7%) 8. H28/A18/B12/C0/D0/S8 (1.3%) 9. H28/A18/B10/C0/D0/S10 (1.2%) 10. H11/A23/B0/C0/D0/S32 (1.2%) | J122: 本期无显著变化 | K122: 1. 三连箭 (99.4%) 2. 叶刃 (93.7%) 3. 突袭 (60.3%) 4. 急速折返 (26.5%) 5. 剑舞 (21.9%) | L122: 6. 勇鸟猛攻 (15.7%) 7. 岩石封锁 (12.6%) 8. 影子偷袭 (10.7%) 9. 拍落 (8.7%) 10. 起草 (7.4%) | M122: 1. 焦点镜 (37.3%) 2. 气势披带 (24.9%) 3. 讲究围巾 (13.9%) 4. 棱瓜果 (6.4%) 5. 文柚果 (3.6%) | N122: 6. 木子果 (2.5%) 7. 吃剩的东西 (2.4%) 8. 生命宝珠 (2%) 9. 王者之证 (1.7%) 10. 力量头带 (1.1%) | O122: 1. 固执 +A -C (70.7%) 2. 爽朗 +S -C (23.7%) 3. 淘气 +B -C (2%) 4. 勇敢 +A -S (1.7%) | P122: 5. 顽皮 +A -D (1.4%) 6. 慎重 +D -C (0.3%) 7. 认真 (0.2%) 8. 天真 +S -D (0%) | Q122: 1. H2/A32/B0/C0/D0/S32 (40%) 2. H32/A32/B2/C0/D0/S0 (17.5%) 3. H0/A32/B2/C0/D0/S32 (6.9%) 4. H0/A32/B0/C0/D2/S32 (3.5%) 5. H32/A32/B0/C0/D0/S2 (3.1%) | R122: 6. H28/A32/B3/C0/D0/S3 (1.7%) 7. H32/A32/B0/C0/D2/S0 (1.7%) 8. H28/A18/B12/C0/D0/S8 (1.3%) 9. H28/A18/B10/C0/D0/S10 (1.2%) 10. H11/A23/B0/C0/D0/S32 (1.2%) | S122: 1. 烈咬陆鲨 2. 铝钢桥龙 3. 巨金怪 4. 西狮海壬 5. 暴鲤龙 | T122: 6. 宝石海星 7. 耿鬼 8. 喷火龙 9. 谜拟丘 10. 风速狗（洗翠的样子）
A123: 122 | B123: 烈箭鹰 | C123: Talonflame | D123: 1. 磷火 (63.8%) 2. 闪焰冲锋 (55.2%) 3. 勇鸟猛攻 (52.6%) 4. 挑衅 (50.5%) 5. 羽栖 (46.8%) 6. 杂技 (26.2%) 7. 顺风 (14.9%) 8. 急速折返 (14.4%) 9. 剑舞 (10.3%) 10. 过热 (8.3%) | E123: 1. 吃剩的东西 (18.4%) 2. 生命宝珠 (13.8%) 3. 锐利鸟嘴 (12%) 4. 文柚果 (10.4%) 5. 焦点镜 (3.5%) 6. 广角镜 (3.4%) 7. 气势披带 (3.3%) 8. 讲究围巾 (3.1%) 9. 木子果 (2.2%) 10. 达人带 (1.9%) | F123: 1. 疾风之翼 (72.4%) 2. 火焰之躯 (27.6%) | G123: 1. 爽朗 +S -C (45.4%) 2. 固执 +A -C (23.1%) 3. 淘气 +B -C (10.5%) 4. 胆小 +S -A (6.3%) 5. 大胆 +B -A (4.3%) 6. 天真 +S -D (3%) 7. 顽皮 +A -D (2.3%) 8. 内敛 +C -A (1.4%) 9. 怕寂寞 +A -B (1.3%) 10. 慎重 +D -C (1.1%) | H123: 1. 雷丘 2. 烈咬陆鲨 3. 魔幻假面喵 4. 帝王拿波 5. 河马兽 6. 甲贺忍蛙 7. 长耳兔 8. 火焰鸡 9. 音波龙 10. 谜拟丘 | I123: 1. H2/A32/B0/C0/D0/S32 (29%) 2. H0/A32/B0/C0/D2/S32 (8.2%) 3. H32/A15/B2/C0/D0/S17 (5.6%) 4. H32/A13/B18/C0/D0/S3 (5.3%) 5. H0/A32/B2/C0/D0/S32 (4.1%) 6. H25/A0/B32/C0/D0/S9 (3.1%) 7. H32/A0/B17/C0/D0/S17 (2.4%) 8. H22/A0/B24/C0/D0/S20 (1.6%) 9. H30/A19/B0/C0/D0/S17 (1.6%) 10. H32/A0/B32/C0/D0/S2 (1.6%) | J123: 本期无显著变化 | K123: 1. 磷火 (63.8%) 2. 闪焰冲锋 (55.2%) 3. 勇鸟猛攻 (52.6%) 4. 挑衅 (50.5%) 5. 羽栖 (46.8%) | L123: 6. 杂技 (26.2%) 7. 顺风 (14.9%) 8. 急速折返 (14.4%) 9. 剑舞 (10.3%) 10. 过热 (8.3%) | M123: 1. 吃剩的东西 (18.4%) 2. 生命宝珠 (13.8%) 3. 锐利鸟嘴 (12%) 4. 文柚果 (10.4%) 5. 焦点镜 (3.5%) | N123: 6. 广角镜 (3.4%) 7. 气势披带 (3.3%) 8. 讲究围巾 (3.1%) 9. 木子果 (2.2%) 10. 达人带 (1.9%) | O123: 1. 爽朗 +S -C (45.4%) 2. 固执 +A -C (23.1%) 3. 淘气 +B -C (10.5%) 4. 胆小 +S -A (6.3%) 5. 大胆 +B -A (4.3%) | P123: 6. 天真 +S -D (3%) 7. 顽皮 +A -D (2.3%) 8. 内敛 +C -A (1.4%) 9. 怕寂寞 +A -B (1.3%) 10. 慎重 +D -C (1.1%) | Q123: 1. H2/A32/B0/C0/D0/S32 (29%) 2. H0/A32/B0/C0/D2/S32 (8.2%) 3. H32/A15/B2/C0/D0/S17 (5.6%) 4. H32/A13/B18/C0/D0/S3 (5.3%) 5. H0/A32/B2/C0/D0/S32 (4.1%) | R123: 6. H25/A0/B32/C0/D0/S9 (3.1%) 7. H32/A0/B17/C0/D0/S17 (2.4%) 8. H22/A0/B24/C0/D0/S20 (1.6%) 9. H30/A19/B0/C0/D0/S17 (1.6%) 10. H32/A0/B32/C0/D0/S2 (1.6%) | S123: 1. 雷丘 2. 烈咬陆鲨 3. 魔幻假面喵 4. 帝王拿波 5. 河马兽 | T123: 6. 甲贺忍蛙 7. 长耳兔 8. 火焰鸡 9. 音波龙 10. 谜拟丘
A124: 123 | B124: 烈焰猴 | C124: Infernape | D124: 1. 隐形岩 (47%) 2. 岩石封锁 (34.5%) 3. 再来一次 (34.2%) 4. 近身战 (33.8%) 5. 磷火 (33.4%) 6. 音速拳 (29.1%) 7. 闪焰冲锋 (21%) 8. 雷电拳 (20%) 9. 过热 (18.2%) 10. 急速折返 (11.8%) | E124: 1. 气势披带 (47.2%) 2. 千香果 (21.9%) 3. 讲究围巾 (13.2%) 4. 生命宝珠 (6.7%) 5. 达人带 (2.4%) 6. 腰木果 (1.8%) 7. 力量头带 (1.4%) 8. 白色香草 (1.4%) 9. 文柚果 (1.1%) 10. 光粉 (0.9%) | F124: 1. 铁拳 (57.5%) 2. 猛火 (42.5%) | G124: 1. 爽朗 +S -C (55.9%) 2. 固执 +A -C (11%) 3. 胆小 +S -A (9.3%) 4. 天真 +S -D (8.3%) 5. 内敛 +C -A (4%) 6. 怕寂寞 +A -B (3.2%) 7. 急躁 +S -B (3.2%) 8. 顽皮 +A -D (2.2%) 9. 马虎 +C -D (1.8%) 10. 认真 (0.7%) | H124: 1. 谜拟丘 2. 烈咬陆鲨 3. 巨金怪 4. 暴鲤龙 5. 宝石海星 6. 风妖精 7. 坚盾剑怪 8. 清洗洛托姆 9. 巨钳螳螂 10. 魔幻假面喵 | I124: 1. H2/A32/B0/C0/D0/S32 (24.2%) 2. H4/A0/B3/C0/D27/S32 (13.7%) 3. H2/A0/B0/C32/D0/S32 (6.5%) 4. H0/A32/B1/C0/D1/S32 (6.1%) 5. H0/A32/B0/C0/D2/S32 (6.1%) 6. H0/A32/B0/C0/D0/S32 (4%) 7. H3/A0/B15/C0/D18/S30 (3.6%) 8. H3/A0/B15/C0/D16/S32 (3.3%) 9. H0/A32/B2/C0/D0/S32 (3%) 10. H0/A32/B0/C2/D0/S32 (2.6%) | J124: 本期无显著变化 | K124: 1. 隐形岩 (47%) 2. 岩石封锁 (34.5%) 3. 再来一次 (34.2%) 4. 近身战 (33.8%) 5. 磷火 (33.4%) | L124: 6. 音速拳 (29.1%) 7. 闪焰冲锋 (21%) 8. 雷电拳 (20%) 9. 过热 (18.2%) 10. 急速折返 (11.8%) | M124: 1. 气势披带 (47.2%) 2. 千香果 (21.9%) 3. 讲究围巾 (13.2%) 4. 生命宝珠 (6.7%) 5. 达人带 (2.4%) | N124: 6. 腰木果 (1.8%) 7. 力量头带 (1.4%) 8. 白色香草 (1.4%) 9. 文柚果 (1.1%) 10. 光粉 (0.9%) | O124: 1. 爽朗 +S -C (55.9%) 2. 固执 +A -C (11%) 3. 胆小 +S -A (9.3%) 4. 天真 +S -D (8.3%) 5. 内敛 +C -A (4%) | P124: 6. 怕寂寞 +A -B (3.2%) 7. 急躁 +S -B (3.2%) 8. 顽皮 +A -D (2.2%) 9. 马虎 +C -D (1.8%) 10. 认真 (0.7%) | Q124: 1. H2/A32/B0/C0/D0/S32 (24.2%) 2. H4/A0/B3/C0/D27/S32 (13.7%) 3. H2/A0/B0/C32/D0/S32 (6.5%) 4. H0/A32/B1/C0/D1/S32 (6.1%) 5. H0/A32/B0/C0/D2/S32 (6.1%) | R124: 6. H0/A32/B0/C0/D0/S32 (4%) 7. H3/A0/B15/C0/D18/S30 (3.6%) 8. H3/A0/B15/C0/D16/S32 (3.3%) 9. H0/A32/B2/C0/D0/S32 (3%) 10. H0/A32/B0/C2/D0/S32 (2.6%) | S124: 1. 谜拟丘 2. 烈咬陆鲨 3. 巨金怪 4. 暴鲤龙 5. 宝石海星 | T124: 6. 风妖精 7. 坚盾剑怪 8. 清洗洛托姆 9. 巨钳螳螂 10. 魔幻假面喵
A125: 124 | B125: 迭失板 | C125: Runerigus | D125: 1. 地震 (70.8%) 2. 隐形岩 (61.7%) 3. 磷火 (47.7%) 4. 戏法空间 (43.3%) 5. 咒术 (41.5%) 6. 灵骚 (32.7%) 7. 扑击 (21.6%) 8. 同命 (17.3%) 9. 临别礼物 (10.9%) 10. 铁壁 (9%) | E125: 1. 文柚果 (45.4%) 2. 吃剩的东西 (21.5%) 3. 心灵香草 (6.5%) 4. 气势披带 (4.7%) 5. 先制之爪 (4.2%) 6. 木子果 (2.8%) 7. 千香果 (2%) 8. 咒术之符 (2%) 9. 佛柑果 (1.3%) 10. 广角镜 (1.1%) | F125: 1. 游魂 (100%) | G125: 1. 淘气 +B -C (44.2%) 2. 自大 +D -S (14.7%) 3. 慎重 +D -C (14.5%) 4. 悠闲 +B -S (8.9%) 5. 勇敢 +A -S (6.5%) 6. 固执 +A -C (5.7%) 7. 大胆 +B -A (2.1%) 8. 爽朗 +S -C (1.5%) 9. 温和 +D -A (1.2%) 10. 勤奋 (0.6%) | H125: 1. 大嘴娃 2. 魔幻假面喵 3. 烈咬陆鲨 4. 铝钢桥龙 5. 钢铠鸦 6. 三首恶龙 7. 赛富豪 8. 晶光花 9. 巨金怪 10. 月亮伊布 | I125: 1. H32/A0/B32/C0/D2/S0 (29.5%) 2. H32/A0/B2/C0/D32/S0 (22.8%) 3. H31/A0/B3/C0/D32/S0 (4.8%) 4. H32/A2/B32/C0/D0/S0 (3.8%) 5. H32/A32/B2/C0/D0/S0 (3.2%) 6. H32/A32/B0/C0/D2/S0 (2.2%) 7. H32/A0/B32/C0/D1/S1 (1.8%) 8. H2/A32/B0/C0/D0/S32 (1.5%) 9. H32/A32/B1/C0/D1/S0 (1.4%) 10. H2/A0/B32/C0/D32/S0 (1.2%) | J125: 本期无显著变化 | K125: 1. 地震 (70.8%) 2. 隐形岩 (61.7%) 3. 磷火 (47.7%) 4. 戏法空间 (43.3%) 5. 咒术 (41.5%) | L125: 6. 灵骚 (32.7%) 7. 扑击 (21.6%) 8. 同命 (17.3%) 9. 临别礼物 (10.9%) 10. 铁壁 (9%) | M125: 1. 文柚果 (45.4%) 2. 吃剩的东西 (21.5%) 3. 心灵香草 (6.5%) 4. 气势披带 (4.7%) 5. 先制之爪 (4.2%) | N125: 6. 木子果 (2.8%) 7. 千香果 (2%) 8. 咒术之符 (2%) 9. 佛柑果 (1.3%) 10. 广角镜 (1.1%) | O125: 1. 淘气 +B -C (44.2%) 2. 自大 +D -S (14.7%) 3. 慎重 +D -C (14.5%) 4. 悠闲 +B -S (8.9%) 5. 勇敢 +A -S (6.5%) | P125: 6. 固执 +A -C (5.7%) 7. 大胆 +B -A (2.1%) 8. 爽朗 +S -C (1.5%) 9. 温和 +D -A (1.2%) 10. 勤奋 (0.6%) | Q125: 1. H32/A0/B32/C0/D2/S0 (29.5%) 2. H32/A0/B2/C0/D32/S0 (22.8%) 3. H31/A0/B3/C0/D32/S0 (4.8%) 4. H32/A2/B32/C0/D0/S0 (3.8%) 5. H32/A32/B2/C0/D0/S0 (3.2%) | R125: 6. H32/A32/B0/C0/D2/S0 (2.2%) 7. H32/A0/B32/C0/D1/S1 (1.8%) 8. H2/A32/B0/C0/D0/S32 (1.5%) 9. H32/A32/B1/C0/D1/S0 (1.4%) 10. H2/A0/B32/C0/D32/S0 (1.2%) | S125: 1. 大嘴娃 2. 魔幻假面喵 3. 烈咬陆鲨 4. 铝钢桥龙 5. 钢铠鸦 | T125: 6. 三首恶龙 7. 赛富豪 8. 晶光花 9. 巨金怪 10. 月亮伊布
A126: 125 | B126: 玛狃拉 | C126: Weavile | D126: 1. 三旋击 (77.3%) 2. 拍落 (72.8%) 3. 冰砾 (58%) 4. 击掌奇袭 (33.9%) 5. 双倍奉还 (19.4%) 6. 踢倒 (16.7%) 7. 深渊突刺 (16.6%) 8. 挑衅 (13.1%) 9. 劈瓦 (12.2%) 10. 毒击 (11.9%) | E126: 1. 气势披带 (54.5%) 2. 生命宝珠 (17.9%) 3. 讲究围巾 (13.4%) 4. 广角镜 (5.4%) 5. 文柚果 (1.7%) 6. 王者之证 (1.2%) 7. 光粉 (1.1%) 8. 贝壳之铃 (0.8%) 9. 达人带 (0.7%) 10. 先制之爪 (0.6%) | F126: 1. 压迫感 (56.9%) 2. 顺手牵羊 (43.1%) | G126: 1. 爽朗 +S -C (75.6%) 2. 固执 +A -C (20.5%) 3. 急躁 +S -B (3%) 4. 天真 +S -D (0.5%) 5. 淘气 +B -C (0.3%) 6. 认真 (0.1%) 7. 怕寂寞 +A -B (0%) 8. 胆小 +S -A (0%) | H126: 1. 烈咬陆鲨 2. 谜拟丘 3. 喷火龙 4. 快龙 5. 妖火红狐 6. 巨金怪 7. 火焰鸡 8. 暴鲤龙 9. 铝钢桥龙 10. 水晶灯火灵 | I126: 1. H2/A32/B0/C0/D0/S32 (68.2%) 2. H0/A32/B2/C0/D0/S32 (11.3%) 3. H0/A32/B0/C0/D2/S32 (9.8%) 4. H0/A32/B0/C0/D0/S32 (3.2%) 5. H0/A32/B0/C0/D1/S32 (1.6%) 6. H1/A32/B1/C0/D0/S32 (1.4%) 7. H1/A32/B0/C0/D0/S32 (0.8%) 8. H6/A32/B0/C0/D0/S28 (0.7%) 9. H0/A32/B3/C0/D0/S31 (0.6%) 10. H9/A32/B0/C0/D0/S25 (0.6%) | J126: 本期无显著变化 | K126: 1. 三旋击 (77.3%) 2. 拍落 (72.8%) 3. 冰砾 (58%) 4. 击掌奇袭 (33.9%) 5. 双倍奉还 (19.4%) | L126: 6. 踢倒 (16.7%) 7. 深渊突刺 (16.6%) 8. 挑衅 (13.1%) 9. 劈瓦 (12.2%) 10. 毒击 (11.9%) | M126: 1. 气势披带 (54.5%) 2. 生命宝珠 (17.9%) 3. 讲究围巾 (13.4%) 4. 广角镜 (5.4%) 5. 文柚果 (1.7%) | N126: 6. 王者之证 (1.2%) 7. 光粉 (1.1%) 8. 贝壳之铃 (0.8%) 9. 达人带 (0.7%) 10. 先制之爪 (0.6%) | O126: 1. 爽朗 +S -C (75.6%) 2. 固执 +A -C (20.5%) 3. 急躁 +S -B (3%) 4. 天真 +S -D (0.5%) | P126: 5. 淘气 +B -C (0.3%) 6. 认真 (0.1%) 7. 怕寂寞 +A -B (0%) 8. 胆小 +S -A (0%) | Q126: 1. H2/A32/B0/C0/D0/S32 (68.2%) 2. H0/A32/B2/C0/D0/S32 (11.3%) 3. H0/A32/B0/C0/D2/S32 (9.8%) 4. H0/A32/B0/C0/D0/S32 (3.2%) 5. H0/A32/B0/C0/D1/S32 (1.6%) | R126: 6. H1/A32/B1/C0/D0/S32 (1.4%) 7. H1/A32/B0/C0/D0/S32 (0.8%) 8. H6/A32/B0/C0/D0/S28 (0.7%) 9. H0/A32/B3/C0/D0/S31 (0.6%) 10. H9/A32/B0/C0/D0/S25 (0.6%) | S126: 1. 烈咬陆鲨 2. 谜拟丘 3. 喷火龙 4. 快龙 5. 妖火红狐 | T126: 6. 巨金怪 7. 火焰鸡 8. 暴鲤龙 9. 铝钢桥龙 10. 水晶灯火灵
... A203: 202 | B203: 战槌龙 | C203: Rampardos | D203: 1. 地震 (71.6%) 2. 铁头 (66.8%) 3. 双刃头锤 (60.1%) 4. 岩崩 (43.4%) 5. 闪电强袭 (41.8%) 6. 逆鳞 (38%) 7. 臂锤 (11.1%) 8. 咬碎 (8.8%) 9. 雷电拳 (8.1%) 10. 意念头锤 (6.9%) | E203: 1. 生命宝珠 (56.6%) 2. 讲究围巾 (22.5%) 3. 气势披带 (13.6%) 4. 广角镜 (5%) 5. 丝绸围巾 (0.8%) 6. 硬石头 (0.4%) 7. 贝壳之铃 (0.4%) 8. 文柚果 (0.2%) 9. 力量头带 (0.2%) 10. 达人带 (0.2%) | F203: 1. 强行 (62.4%) 2. 破格 (37.6%) | G203: 1. 固执 +A -C (49.1%) 2. 勇敢 +A -S (29.2%) 3. 爽朗 +S -C (14.8%) 4. 天真 +S -D (1.9%) 5. 急躁 +S -B (1.5%) 6. 顽皮 +A -D (1.3%) 7. 悠闲 +B -S (1.2%) 8. 怕寂寞 +A -B (1%) | H203: 1. 铝钢桥龙 2. 烈咬陆鲨 3. 喷火龙 4. 布莉姆温 5. 大嘴娃 6. 月亮伊布 7. 呆呆王 8. 巨钳螳螂 9. 拖拖蚓 10. 雷丘 | I203: 1. H32/A32/B0/C0/D2/S0 (32.6%) 2. H32/A32/B2/C0/D0/S0 (18.2%) 3. H2/A32/B0/C0/D0/S32 (14%) 4. H31/A32/B0/C0/D3/S0 (6.9%) 5. H1/A32/B0/C0/D1/S32 (6.7%) 6. H0/A32/B0/C0/D0/S32 (5.2%) 7. H0/A32/B2/C0/D0/S32 (2.7%) 8. H0/A32/B32/C0/D2/S0 (2.3%) 9. H6/A32/B9/C0/D19/S0 (1.9%) 10. H32/A32/B0/C0/D0/S2 (1.9%) | J203: 本期无显著变化 | K203: 1. 地震 (71.6%) 2. 铁头 (66.8%) 3. 双刃头锤 (60.1%) 4. 岩崩 (43.4%) 5. 闪电强袭 (41.8%) | L203: 6. 逆鳞 (38%) 7. 臂锤 (11.1%) 8. 咬碎 (8.8%) 9. 雷电拳 (8.1%) 10. 意念头锤 (6.9%) | M203: 1. 生命宝珠 (56.6%) 2. 讲究围巾 (22.5%) 3. 气势披带 (13.6%) 4. 广角镜 (5%) 5. 丝绸围巾 (0.8%) | N203: 6. 硬石头 (0.4%) 7. 贝壳之铃 (0.4%) 8. 文柚果 (0.2%) 9. 力量头带 (0.2%) 10. 达人带 (0.2%) | O203: 1. 固执 +A -C (49.1%) 2. 勇敢 +A -S (29.2%) 3. 爽朗 +S -C (14.8%) 4. 天真 +S -D (1.9%) | P203: 5. 急躁 +S -B (1.5%) 6. 顽皮 +A -D (1.3%) 7. 悠闲 +B -S (1.2%) 8. 怕寂寞 +A -B (1%) | Q203: 1. H32/A32/B0/C0/D2/S0 (32.6%) 2. H32/A32/B2/C0/D0/S0 (18.2%) 3. H2/A32/B0/C0/D0/S32 (14%) 4. H31/A32/B0/C0/D3/S0 (6.9%) 5. H1/A32/B0/C0/D1/S32 (6.7%) | R203: 6. H0/A32/B0/C0/D0/S32 (5.2%) 7. H0/A32/B2/C0/D0/S32 (2.7%) 8. H0/A32/B32/C0/D2/S0 (2.3%) 9. H6/A32/B9/C0/D19/S0 (1.9%) 10. H32/A32/B0/C0/D0/S2 (1.9%) | S203: 1. 铝钢桥龙 2. 烈咬陆鲨 3. 喷火龙 4. 布莉姆温 5. 大嘴娃 | T203: 6. 月亮伊布 7. 呆呆王 8. 巨钳螳螂 9. 拖拖蚓 10. 雷丘
A204: 203 | B204: 南瓜怪人（中颗种） | C204: Gourgeist-Average | D204: 1. 灵骚 (63.1%) 2. 寄生种子 (52.1%) 3. 磷火 (50.1%) 4. 戏法空间 (38.9%) 5. 强力鞭打 (35%) 6. 影子偷袭 (28.5%) 7. 大爆炸 (26.7%) 8. 移花接木 (20.4%) 9. 种子机关枪 (16.3%) 10. 咒术 (13.2%) | E204: 1. 吃剩的东西 (39.5%) 2. 气势披带 (25.3%) 3. 文柚果 (12.2%) 4. 生命宝珠 (5.9%) 5. 巧可果 (3.9%) 6. 广角镜 (3.9%) 7. 佛柑果 (2.6%) 8. 达人带 (2%) 9. 心灵香草 (1.4%) 10. 刺耳果 (1.2%) | F204: 1. 不眠 (68%) 2. 察觉 (31.6%) 3. 捡拾 (0.4%) | G204: 1. 淘气 +B -C (44.8%) 2. 固执 +A -C (24%) 3. 勇敢 +A -S (18.5%) 4. 大胆 +B -A (6.1%) 5. 悠闲 +B -S (4.3%) 6. 自大 +D -S (1.2%) 7. 慎重 +D -C (0.8%) 8. 顽皮 +A -D (0.2%) | I204: 1. H32/A0/B32/C0/D2/S0 (26.3%) 2. H32/A32/B2/C0/D0/S0 (16.1%) 3. H2/A32/B0/C0/D32/S0 (10.4%) 4. H31/A0/B32/C0/D3/S0 (7.5%) 5. H31/A32/B0/C0/D3/S0 (6.9%) 6. H32/A20/B0/C0/D14/S0 (6.5%) 7. H27/A23/B0/C0/D16/S0 (3.7%) 8. H31/A0/B28/C0/D7/S0 (3.5%) 9. H32/A1/B24/C0/D9/S0 (3.1%) 10. H27/A0/B19/C0/D0/S20 (2.6%) | J204: 本期无显著变化 | K204: 1. 灵骚 (63.1%) 2. 寄生种子 (52.1%) 3. 磷火 (50.1%) 4. 戏法空间 (38.9%) 5. 强力鞭打 (35%) | L204: 6. 影子偷袭 (28.5%) 7. 大爆炸 (26.7%) 8. 移花接木 (20.4%) 9. 种子机关枪 (16.3%) 10. 咒术 (13.2%) | M204: 1. 吃剩的东西 (39.5%) 2. 气势披带 (25.3%) 3. 文柚果 (12.2%) 4. 生命宝珠 (5.9%) 5. 巧可果 (3.9%) | N204: 6. 广角镜 (3.9%) 7. 佛柑果 (2.6%) 8. 达人带 (2%) 9. 心灵香草 (1.4%) 10. 刺耳果 (1.2%) | O204: 1. 淘气 +B -C (44.8%) 2. 固执 +A -C (24%) 3. 勇敢 +A -S (18.5%) 4. 大胆 +B -A (6.1%) | P204: 5. 悠闲 +B -S (4.3%) 6. 自大 +D -S (1.2%) 7. 慎重 +D -C (0.8%) 8. 顽皮 +A -D (0.2%) | Q204: 1. H32/A0/B32/C0/D2/S0 (26.3%) 2. H32/A32/B2/C0/D0/S0 (16.1%) 3. H2/A32/B0/C0/D32/S0 (10.4%) 4. H31/A0/B32/C0/D3/S0 (7.5%) 5. H31/A32/B0/C0/D3/S0 (6.9%) | R204: 6. H32/A20/B0/C0/D14/S0 (6.5%) 7. H27/A23/B0/C0/D16/S0 (3.7%) 8. H31/A0/B28/C0/D7/S0 (3.5%) 9. H32/A1/B24/C0/D9/S0 (3.1%) 10. H27/A0/B19/C0/D0/S20 (2.6%)
A205: 204 | B205: 花洁夫人 | C205: Florges | D205: 1. 月亮之力 (86.6%) 2. 冥想 (82%) 3. 光合作用 (67.5%) 4. 终极吸取 (31.4%) 5. 替身 (18%) 6. 祈愿 (12.5%) 7. 精神强念 (12.1%) 8. 接棒 (11.2%) 9. 辅助力量 (10.1%) 10. 守住 (9.9%) | E205: 1. 吃剩的东西 (49.5%) 2. 文柚果 (37.1%) 3. 光粉 (4%) 4. 木子果 (1.8%) 5. 讲究围巾 (1.8%) 6. 节拍器 (1.3%) 7. 苹野果 (1.1%) 8. 气势披带 (0.9%) 9. 心灵香草 (0.4%) 10. 妖精之羽 (0.4%) | F205: 1. 花幕 (88.8%) 2. 共生 (11.2%) | G205: 1. 温和 +D -A (59.6%) 2. 内敛 +C -A (22.6%) 3. 大胆 +B -A (16%) 4. 慢吞吞 +C -B (1.3%) 5. 胆小 +S -A (0.4%) | H205: 1. 清洗洛托姆 2. 三首恶龙 3. 谜拟丘 4. 妖火红狐 5. 波士可多拉 6. 狠辣椒 7. 巨钳螳螂 8. 巨金怪 9. 烈咬陆鲨 10. 呆壳兽 | I205: 1. H32/A0/B0/C0/D32/S0 (16.7%) 2. H32/A0/B32/C0/D2/S0 (13.6%) 3. H32/A0/B2/C32/D0/S0 (10.3%) 4. H32/A0/B0/C24/D10/S0 (9.7%) 5. H32/A0/B0/C2/D32/S0 (9%) 6. H32/A0/B0/C8/D26/S0 (6.2%) 7. H2/A0/B0/C32/D32/S0 (5.5%) 8. H32/A0/B2/C0/D32/S0 (5.3%) 9. H32/A0/B16/C18/D0/S0 (4.4%) 10. H32/A0/B27/C0/D0/S7 (3.5%) | J205: 本期无显著变化 | K205: 1. 月亮之力 (86.6%) 2. 冥想 (82%) 3. 光合作用 (67.5%) 4. 终极吸取 (31.4%) 5. 替身 (18%) | L205: 6. 祈愿 (12.5%) 7. 精神强念 (12.1%) 8. 接棒 (11.2%) 9. 辅助力量 (10.1%) 10. 守住 (9.9%) | M205: 1. 吃剩的东西 (49.5%) 2. 文柚果 (37.1%) 3. 光粉 (4%) 4. 木子果 (1.8%) 5. 讲究围巾 (1.8%) | N205: 6. 节拍器 (1.3%) 7. 苹野果 (1.1%) 8. 气势披带 (0.9%) 9. 心灵香草 (0.4%) 10. 妖精之羽 (0.4%) | O205: 1. 温和 +D -A (59.6%) 2. 内敛 +C -A (22.6%) 3. 大胆 +B -A (16%) | P205: 4. 慢吞吞 +C -B (1.3%) 5. 胆小 +S -A (0.4%) | Q205: 1. H32/A0/B0/C0/D32/S0 (16.7%) 2. H32/A0/B32/C0/D2/S0 (13.6%) 3. H32/A0/B2/C32/D0/S0 (10.3%) 4. H32/A0/B0/C24/D10/S0 (9.7%) 5. H32/A0/B0/C2/D32/S0 (9%) | R205: 6. H32/A0/B0/C8/D26/S0 (6.2%) 7. H2/A0/B0/C32/D32/S0 (5.5%) 8. H32/A0/B2/C0/D32/S0 (5.3%) 9. H32/A0/B16/C18/D0/S0 (4.4%) 10. H32/A0/B27/C0/D0/S7 (3.5%) | S205: 1. 清洗洛托姆 2. 三首恶龙 3. 谜拟丘 4. 妖火红狐 5. 波士可多拉 | T205: 6. 狠辣椒 7. 巨钳螳螂 8. 巨金怪 9. 烈咬陆鲨 10. 呆壳兽
A206: 205 | B206: 超能妙喵（雌性） | C206: Meowstic-F | D206: 1. 十万伏特 (69.7%) 2. 魅诱之声 (68.6%) 3. 精神强念 (56.5%) 4. 恶之波动 (40.4%) 5. 冥想 (33.4%) 6. 精神冲击 (30.5%) 7. 能量球 (20%) 8. 诡计 (15.2%) 9. 精神噪音 (13%) 10. 替身 (12.5%) | E206: 1. 超能妙喵进化石 (99.1%) 2. 光之黏土 (0.4%) 3. 博识眼镜 (0.2%) 4. 气势披带 (0.2%) | F206: 1. 好胜 (95.6%) 2. 锐利目光 (2.4%) 3. 穿透 (2%) | G206: 1. 胆小 +S -A (85.5%) 2. 内敛 +C -A (14.3%) 3. 慢吞吞 +C -B (0.2%) | I206: 1. H2/A0/B0/C32/D0/S32 (49.7%) 2. H0/A0/B0/C32/D2/S32 (10.8%) 3. H14/A0/B0/C32/D0/S20 (9.7%) 4. H32/A0/B7/C17/D10/S0 (8.6%) 5. H0/A0/B2/C32/D0/S32 (5.7%) 6. H10/A0/B4/C32/D0/S20 (4.4%) 7. H32/A0/B0/C32/D2/S0 (3.7%) 8. H32/A0/B0/C0/D13/S21 (2.4%) 9. H32/A0/B23/C0/D0/S11 (1.5%) 10. H12/A0/B0/C25/D0/S29 (1.3%) | J206: 本期无显著变化 | K206: 1. 十万伏特 (69.7%) 2. 魅诱之声 (68.6%) 3. 精神强念 (56.5%) 4. 恶之波动 (40.4%) 5. 冥想 (33.4%) | L206: 6. 精神冲击 (30.5%) 7. 能量球 (20%) 8. 诡计 (15.2%) 9. 精神噪音 (13%) 10. 替身 (12.5%) | M206: 1. 超能妙喵进化石 (99.1%) 2. 光之黏土 (0.4%) | N206: 3. 博识眼镜 (0.2%) 4. 气势披带 (0.2%) | O206: 1. 胆小 +S -A (85.5%) 2. 内敛 +C -A (14.3%) | P206: 3. 慢吞吞 +C -B (0.2%) | Q206: 1. H2/A0/B0/C32/D0/S32 (49.7%) 2. H0/A0/B0/C32/D2/S32 (10.8%) 3. H14/A0/B0/C32/D0/S20 (9.7%) 4. H32/A0/B7/C17/D10/S0 (8.6%) 5. H0/A0/B2/C32/D0/S32 (5.7%) | R206: 6. H10/A0/B4/C32/D0/S20 (4.4%) 7. H32/A0/B0/C32/D2/S0 (3.7%) 8. H32/A0/B0/C0/D13/S21 (2.4%) 9. H32/A0/B23/C0/D0/S11 (1.5%) 10. H12/A0/B0/C25/D0/S29 (1.3%)
A207: 206 | B207: 毒骷蛙 | C207: Toxicroak | D207: 1. 近身战 (83.5%) 2. 突袭 (70.3%) 3. 垃圾射击 (60.4%) 4. 地震 (28.3%) 5. 击掌奇袭 (24.9%) 6. 毒击 (23.7%) 7. 双倍奉还 (20.6%) 8. 拍落 (11.3%) 9. 再来一次 (10.3%) 10. 冰冻拳 (9.8%) | E207: 1. 气势披带 (73.6%) 2. 生命宝珠 (15.1%) 3. 力量头带 (2.4%) 4. 黑带 (2.2%) 5. 讲究围巾 (2.2%) 6. 先制之爪 (1.4%) 7. 腰木果 (1%) 8. 吃剩的东西 (0.7%) 9. 文柚果 (0.5%) 10. 福禄果 (0.5%) | F207: 1. 干燥皮肤 (78.7%) 2. 毒手 (21.3%) | G207: 1. 固执 +A -C (63.5%) 2. 爽朗 +S -C (23.7%) 3. 急躁 +S -B (4.3%) 4. 顽皮 +A -D (3.1%) 5. 内敛 +C -A (1.9%) 6. 怕寂寞 +A -B (1.4%) 7. 胆小 +S -A (1.4%) 8. 勇敢 +A -S (0.2%) 9. 慎重 +D -C (0.2%) | H207: 1. 钢铠鸦 2. 滴蛛霸 3. 骨纹巨声鳄 4. 西狮海壬 5. 巨金怪 6. 暴鲤龙 7. 双倍多多冰 8. 坚盾剑怪 9. 诅咒娃娃 10. 烈咬陆鲨 | I207: 1. H1/A32/B1/C0/D0/S32 (32.4%) 2. H2/A32/B0/C0/D0/S32 (24.2%) 3. H0/A32/B0/C0/D0/S32 (10.1%) 4. H1/A32/B0/C0/D1/S32 (7.4%) 5. H27/A32/B3/C0/D0/S4 (6.7%) 6. H0/A32/B0/C0/D2/S32 (6.5%) 7. H5/A32/B1/C0/D0/S28 (2.9%) 8. H2/A0/B0/C32/D0/S32 (1.9%) 9. H31/A0/B0/C3/D0/S32 (1.9%) 10. H1/A0/B0/C32/D1/S32 (1.4%) | J207: 本期无显著变化 | K207: 1. 近身战 (83.5%) 2. 突袭 (70.3%) 3. 垃圾射击 (60.4%) 4. 地震 (28.3%) 5. 击掌奇袭 (24.9%) | L207: 6. 毒击 (23.7%) 7. 双倍奉还 (20.6%) 8. 拍落 (11.3%) 9. 再来一次 (10.3%) 10. 冰冻拳 (9.8%) | M207: 1. 气势披带 (73.6%) 2. 生命宝珠 (15.1%) 3. 力量头带 (2.4%) 4. 黑带 (2.2%) 5. 讲究围巾 (2.2%) | N207: 6. 先制之爪 (1.4%) 7. 腰木果 (1%) 8. 吃剩的东西 (0.7%) 9. 文柚果 (0.5%) 10. 福禄果 (0.5%) | O207: 1. 固执 +A -C (63.5%) 2. 爽朗 +S -C (23.7%) 3. 急躁 +S -B (4.3%) 4. 顽皮 +A -D (3.1%) 5. 内敛 +C -A (1.9%) | P207: 6. 怕寂寞 +A -B (1.4%) 7. 胆小 +S -A (1.4%) 8. 勇敢 +A -S (0.2%) 9. 慎重 +D -C (0.2%) | Q207: 1. H1/A32/B1/C0/D0/S32 (32.4%) 2. H2/A32/B0/C0/D0/S32 (24.2%) 3. H0/A32/B0/C0/D0/S32 (10.1%) 4. H1/A32/B0/C0/D1/S32 (7.4%) 5. H27/A32/B3/C0/D0/S4 (6.7%) | R207: 6. H0/A32/B0/C0/D2/S32 (6.5%) 7. H5/A32/B1/C0/D0/S28 (2.9%) 8. H2/A0/B0/C32/D0/S32 (1.9%) 9. H31/A0/B0/C3/D0/S32 (1.9%) 10. H1/A0/B0/C32/D1/S32 (1.4%) | S207: 1. 钢铠鸦 2. 滴蛛霸 3. 骨纹巨声鳄 4. 西狮海壬 5. 巨金怪 | T207: 6. 暴鲤龙 7. 双倍多多冰 8. 坚盾剑怪 9. 诅咒娃娃 10. 烈咬陆鲨
A208: 207 | B208: 结冰洛托姆 | C208: Rotom-Frost | D208: 1. 暴风雪 (97.5%) 2. 伏特替换 (84.2%) 3. 磷火 (61.2%) 4. 十万伏特 (30.9%) 5. 戏法 (30.6%) 6. 恶之波动 (19.8%) 7. 分担痛楚 (17.5%) 8. 放电 (13.6%) 9. 诡计 (12.3%) 10. 打雷 (11.1%) | E208: 1. 文柚果 (31.9%) 2. 讲究围巾 (31.6%) 3. 对焦镜 (10.9%) 4. 巧可果 (6.2%) 5. 生命宝珠 (5.2%) 6. 吃剩的东西 (4.7%) 7. 广角镜 (3.2%) 8. 磁铁 (3%) 9. 气势披带 (2.7%) 10. 先制之爪 (0.2%) | F208: 1. 飘浮 (100%) | G208: 1. 胆小 +S -A (28.4%) 2. 内敛 +C -A (23%) 3. 冷静 +C -S (15.8%) 4. 悠闲 +B -S (13.1%) 5. 大胆 +B -A (10.9%) 6. 温和 +D -A (5.9%) 7. 自大 +D -S (2.7%) 8. 慢吞吞 +C -B (0.2%) | H208: 1. 谜拟丘 2. 甲贺忍蛙 3. 巨金怪 4. 晶光花 5. 君主蛇 6. 巨钳螳螂 7. 苍炎刃鬼 8. 火焰鸡 9. 象牙猪 10. 班基拉斯 | I208: 1. H2/A0/B0/C32/D0/S32 (28.1%) 2. H32/A0/B0/C32/D2/S0 (13.6%) 3. H2/A0/B32/C0/D32/S0 (9.1%) 4. H21/A0/B3/C32/D10/S0 (5.7%) 5. H32/A0/B32/C0/D0/S2 (4.2%) 6. H0/A0/B20/C32/D14/S0 (3.7%) 7. H30/A0/B0/C4/D0/S32 (3.5%) 8. H0/A0/B0/C32/D2/S32 (3.2%) 9. H0/A0/B0/C32/D5/S29 (3.2%) 10. H0/A0/B2/C32/D13/S19 (2.7%) | J208: 本期无显著变化 | K208: 1. 暴风雪 (97.5%) 2. 伏特替换 (84.2%) 3. 磷火 (61.2%) 4. 十万伏特 (30.9%) 5. 戏法 (30.6%) | L208: 6. 恶之波动 (19.8%) 7. 分担痛楚 (17.5%) 8. 放电 (13.6%) 9. 诡计 (12.3%) 10. 打雷 (11.1%) | M208: 1. 文柚果 (31.9%) 2. 讲究围巾 (31.6%) 3. 对焦镜 (10.9%) 4. 巧可果 (6.2%) 5. 生命宝珠 (5.2%) | N208: 6. 吃剩的东西 (4.7%) 7. 广角镜 (3.2%) 8. 磁铁 (3%) 9. 气势披带 (2.7%) 10. 先制之爪 (0.2%) | O208: 1. 胆小 +S -A (28.4%) 2. 内敛 +C -A (23%) 3. 冷静 +C -S (15.8%) 4. 悠闲 +B -S (13.1%) | P208: 5. 大胆 +B -A (10.9%) 6. 温和 +D -A (5.9%) 7. 自大 +D -S (2.7%) 8. 慢吞吞 +C -B (0.2%) | Q208: 1. H2/A0/B0/C32/D0/S32 (28.1%) 2. H32/A0/B0/C32/D2/S0 (13.6%) 3. H2/A0/B32/C0/D32/S0 (9.1%) 4. H21/A0/B3/C32/D10/S0 (5.7%) 5. H32/A0/B32/C0/D0/S2 (4.2%) | R208: 6. H0/A0/B20/C32/D14/S0 (3.7%) 7. H30/A0/B0/C4/D0/S32 (3.5%) 8. H0/A0/B0/C32/D2/S32 (3.2%) 9. H0/A0/B0/C32/D5/S29 (3.2%) 10. H0/A0/B2/C32/D13/S19 (2.7%) | S208: 1. 谜拟丘 2. 甲贺忍蛙 3. 巨金怪 4. 晶光花 5. 君主蛇 | T208: 6. 巨钳螳螂 7. 苍炎刃鬼 8. 火焰鸡 9. 象牙猪 10. 班基拉斯
A209: 208 | B209: 丰蜜龙 | C209: Appletun | D209: 1. 苹果酸 (97.1%) 2. 自我再生 (79.5%) 3. 寄生种子 (48.5%) 4. 龙之波动 (30.7%) 5. 铁壁 (29.5%) 6. 守住 (25.9%) 7. 瞬间失忆 (23.9%) 8. 地震 (19%) 9. 扑击 (15.4%) 10. 流星群 (14.9%) | E209: 1. 吃剩的东西 (73.9%) 2. 文柚果 (20.5%) 3. 大根茎 (2%) 4. 番荔果 (1.7%) 5. 莓榴果 (1.7%) 6. 零余果 (0.2%) | F209: 1. 厚脂肪 (94.9%) 2. 熟成 (5.1%) | G209: 1. 悠闲 +B -S (37.1%) 2. 温和 +D -A (26.3%) 3. 大胆 +B -A (21.7%) 4. 自大 +D -S (6.6%) 5. 内敛 +C -A (6.3%) 6. 冷静 +C -S (1.2%) 7. 淘气 +B -C (0.7%) | H209: 1. 长耳兔 2. 大嘴娃 3. 三首恶龙 4. 肯泰罗（帕底亚的样子・水澜种） 5. 巨金怪 6. 冰雪巨龙 7. 西狮海壬 8. 蜜集大蛇 9. 河马兽 10. 耿鬼 | I209: 1. H32/A0/B32/C0/D2/S0 (36.6%) 2. H32/A0/B2/C0/D32/S0 (28.3%) 3. H26/A0/B32/C8/D0/S0 (9.5%) 4. H32/A0/B32/C2/D0/S0 (8.8%) 5. H32/A0/B0/C32/D2/S0 (6.1%) 6. H32/A0/B17/C0/D17/S0 (2.2%) 7. H25/A0/B9/C0/D32/S0 (1.7%) 8. H32/A0/B0/C0/D32/S0 (1.5%) 9. H32/A0/B4/C0/D30/S0 (1%) 10. H32/A0/B31/C0/D0/S3 (1%) | J209: 本期无显著变化 | K209: 1. 苹果酸 (97.1%) 2. 自我再生 (79.5%) 3. 寄生种子 (48.5%) 4. 龙之波动 (30.7%) 5. 铁壁 (29.5%) | L209: 6. 守住 (25.9%) 7. 瞬间失忆 (23.9%) 8. 地震 (19%) 9. 扑击 (15.4%) 10. 流星群 (14.9%) | M209: 1. 吃剩的东西 (73.9%) 2. 文柚果 (20.5%) 3. 大根茎 (2%) | N209: 4. 番荔果 (1.7%) 5. 莓榴果 (1.7%) 6. 零余果 (0.2%) | O209: 1. 悠闲 +B -S (37.1%) 2. 温和 +D -A (26.3%) 3. 大胆 +B -A (21.7%) 4. 自大 +D -S (6.6%) | P209: 5. 内敛 +C -A (6.3%) 6. 冷静 +C -S (1.2%) 7. 淘气 +B -C (0.7%) | Q209: 1. H32/A0/B32/C0/D2/S0 (36.6%) 2. H32/A0/B2/C0/D32/S0 (28.3%) 3. H26/A0/B32/C8/D0/S0 (9.5%) 4. H32/A0/B32/C2/D0/S0 (8.8%) 5. H32/A0/B0/C32/D2/S0 (6.1%) | R209: 6. H32/A0/B17/C0/D17/S0 (2.2%) 7. H25/A0/B9/C0/D32/S0 (1.7%) 8. H32/A0/B0/C0/D32/S0 (1.5%) 9. H32/A0/B4/C0/D30/S0 (1%) 10. H32/A0/B31/C0/D0/S3 (1%) | S209: 1. 长耳兔 2. 大嘴娃 3. 三首恶龙 4. 肯泰罗（帕底亚的样子・水澜种） 5. 巨金怪 | T209: 6. 冰雪巨龙 7. 西狮海壬 8. 蜜集大蛇 9. 河马兽 10. 耿鬼
A210: 209 | B210: 肯泰罗 | C210: Tauros | D210: 1. 冰冻光束 (52%) 2. 铁头 (44.5%) 3. 十万伏特 (43.3%) 4. 岩崩 (35.6%) 5. 泰山压顶 (33.8%) 6. 地震 (29.6%) 7. 喷射火焰 (25.4%) 8. 岩石封锁 (25.1%) 9. 深渊突刺 (21.9%) 10. 怒牛 (17.2%) | E210: 1. 生命宝珠 (97.3%) 2. 讲究围巾 (1.2%) 3. 白色香草 (0.5%) 4. 贝壳之铃 (0.5%) 5. 力量头带 (0.2%) 6. 达人带 (0.2%) | F210: 1. 强行 (90.3%) 2. 威吓 (8.2%) 3. 愤怒穴位 (1.5%) | G210: 1. 爽朗 +S -C (36.1%) 2. 天真 +S -D (21.6%) 3. 胆小 +S -A (14.2%) 4. 固执 +A -C (10.7%) 5. 急躁 +S -B (8.2%) 6. 内敛 +C -A (6%) 7. 马虎 +C -D (3.2%) | H210: 1. 巨金怪 2. 清洗洛托姆 3. 玛力露丽 4. 烈咬陆鲨 5. 姆克鹰 6. 杖尾鳞甲龙 7. 快龙 8. 皮卡丘 9. 耿鬼 10. 多龙巴鲁托 | I210: 1. H2/A32/B0/C0/D0/S32 (26.1%) 2. H10/A0/B0/C32/D13/S11 (14.9%) 3. H0/A2/B0/C32/D0/S32 (13.2%) 4. H0/A32/B0/C0/D2/S32 (9.2%) 5. H1/A32/B1/C0/D0/S32 (8.7%) 6. H0/A10/B0/C24/D0/S32 (7.7%) 7. H1/A1/B0/C32/D0/S32 (5.2%) 8. H0/A9/B0/C32/D0/S25 (3.2%) 9. H0/A0/B0/C32/D2/S32 (2.2%) 10. H0/A32/B2/C0/D0/S32 (1.7%) | J210: 本期无显著变化 | K210: 1. 冰冻光束 (52%) 2. 铁头 (44.5%) 3. 十万伏特 (43.3%) 4. 岩崩 (35.6%) 5. 泰山压顶 (33.8%) | L210: 6. 地震 (29.6%) 7. 喷射火焰 (25.4%) 8. 岩石封锁 (25.1%) 9. 深渊突刺 (21.9%) 10. 怒牛 (17.2%) | M210: 1. 生命宝珠 (97.3%) 2. 讲究围巾 (1.2%) 3. 白色香草 (0.5%) | N210: 4. 贝壳之铃 (0.5%) 5. 力量头带 (0.2%) 6. 达人带 (0.2%) | O210: 1. 爽朗 +S -C (36.1%) 2. 天真 +S -D (21.6%) 3. 胆小 +S -A (14.2%) 4. 固执 +A -C (10.7%) | P210: 5. 急躁 +S -B (8.2%) 6. 内敛 +C -A (6%) 7. 马虎 +C -D (3.2%) | Q210: 1. H2/A32/B0/C0/D0/S32 (26.1%) 2. H10/A0/B0/C32/D13/S11 (14.9%) 3. H0/A2/B0/C32/D0/S32 (13.2%) 4. H0/A32/B0/C0/D2/S32 (9.2%) 5. H1/A32/B1/C0/D0/S32 (8.7%) | R210: 6. H0/A10/B0/C24/D0/S32 (7.7%) 7. H1/A1/B0/C32/D0/S32 (5.2%) 8. H0/A9/B0/C32/D0/S25 (3.2%) 9. H0/A0/B0/C32/D2/S32 (2.2%) 10. H0/A32/B2/C0/D0/S32 (1.7%) | S210: 1. 巨金怪 2. 清洗洛托姆 3. 玛力露丽 4. 烈咬陆鲨 5. 姆克鹰 | T210: 6. 杖尾鳞甲龙 7. 快龙 8. 皮卡丘 9. 耿鬼 10. 多龙巴鲁托
A211: 210 | B211: 护城龙 | C211: Bastiodon | D211: 1. 金属爆炸 (70.2%) 2. 扑击 (67.7%) 3. 地裂 (61.4%) 4. 隐形岩 (50%) 5. 铁壁 (30.7%) 6. 吼叫 (27.9%) 7. 移花接木 (18.6%) 8. 挡路 (8.8%) 9. 睡觉 (8.6%) 10. 守住 (8.6%) | E211: 1. 吃剩的东西 (47.4%) 2. 文柚果 (17.2%) 3. 先制之爪 (11.4%) 4. 气势披带 (3.7%) 5. 木子果 (3.3%) 6. 气势头带 (3.3%) 7. 光粉 (2.6%) 8. 光之黏土 (2.1%) 9. 对焦镜 (2.1%) 10. 零余果 (1.6%) | F211: 1. 结实 (66.3%) 2. 隔音 (33.7%) | G211: 1. 淘气 +B -C (40.5%) 2. 慎重 +D -C (22.3%) 3. 悠闲 +B -S (16.5%) 4. 大胆 +B -A (9.8%) 5. 自大 +D -S (8.8%) 6. 温和 +D -A (1.9%) 7. 固执 +A -C (0.2%) | H211: 1. 烈咬陆鲨 2. 姆克鹰 3. 喷火龙 4. 九尾（阿罗拉的样子） 5. 大嘴娃 6. 水箭龟 7. 太阳伊布 8. 百变怪 9. 火神蛾 10. 怪力 | I211: 1. H32/A0/B32/C0/D2/S0 (30.2%) 2. H32/A0/B2/C0/D32/S0 (26.5%) 3. H32/A0/B32/C0/D0/S2 (8.4%) 4. H32/A0/B32/C0/D0/S0 (6.3%) 5. H31/A1/B18/C0/D16/S0 (5.8%) 6. H0/A0/B32/C0/D32/S0 (4%) 7. H32/A0/B0/C0/D32/S0 (4%) 8. H1/A4/B32/C0/D1/S18 (2.1%) 9. H0/A32/B0/C0/D32/S0 (1.9%) 10. H22/A0/B12/C0/D32/S0 (1.4%) | J211: 本期无显著变化 | K211: 1. 金属爆炸 (70.2%) 2. 扑击 (67.7%) 3. 地裂 (61.4%) 4. 隐形岩 (50%) 5. 铁壁 (30.7%) | L211: 6. 吼叫 (27.9%) 7. 移花接木 (18.6%) 8. 挡路 (8.8%) 9. 睡觉 (8.6%) 10. 守住 (8.6%) | M211: 1. 吃剩的东西 (47.4%) 2. 文柚果 (17.2%) 3. 先制之爪 (11.4%) 4. 气势披带 (3.7%) 5. 木子果 (3.3%) | N211: 6. 气势头带 (3.3%) 7. 光粉 (2.6%) 8. 光之黏土 (2.1%) 9. 对焦镜 (2.1%) 10. 零余果 (1.6%) | O211: 1. 淘气 +B -C (40.5%) 2. 慎重 +D -C (22.3%) 3. 悠闲 +B -S (16.5%) 4. 大胆 +B -A (9.8%) | P211: 5. 自大 +D -S (8.8%) 6. 温和 +D -A (1.9%) 7. 固执 +A -C (0.2%) | Q211: 1. H32/A0/B32/C0/D2/S0 (30.2%) 2. H32/A0/B2/C0/D32/S0 (26.5%) 3. H32/A0/B32/C0/D0/S2 (8.4%) 4. H32/A0/B32/C0/D0/S0 (6.3%) 5. H31/A1/B18/C0/D16/S0 (5.8%) | R211: 6. H0/A0/B32/C0/D32/S0 (4%) 7. H32/A0/B0/C0/D32/S0 (4%) 8. H1/A4/B32/C0/D1/S18 (2.1%) 9. H0/A32/B0/C0/D32/S0 (1.9%) 10. H22/A0/B12/C0/D32/S0 (1.4%) | S211: 1. 烈咬陆鲨 2. 姆克鹰 3. 喷火龙 4. 九尾（阿罗拉的样子） 5. 大嘴娃 | T211: 6. 水箭龟 7. 太阳伊布 8. 百变怪 9. 火神蛾 10. 怪力
A212: 211 | B212: 智挥猩 | C212: Oranguru | D212: 1. 精神强念 (87.1%) 2. 真气弹 (70%) 3. 能量球 (54.1%) 4. 十万伏特 (54.1%) 5. 哈欠 (21.3%) 6. 暗影球 (16.8%) 7. 巨声 (16.5%) 8. 守住 (14%) 9. 移花接木 (12.6%) 10. 蛮干 (10.4%) | E212: 1. 达人带 (53.2%) 2. 刺耳果 (16.5%) 3. 吃剩的东西 (16%) 4. 气势披带 (3.1%) 5. 生命宝珠 (2.8%) 6. 心灵香草 (2%) 7. 光之黏土 (1.7%) 8. 文柚果 (1.4%) 9. 讲究围巾 (1.4%) 10. 先制之爪 (0.6%) | F212: 1. 精神力 (92.2%) 2. 共生 (4.8%) 3. 心灵感应 (3.1%) | G212: 1. 内敛 +C -A (78.2%) 2. 温和 +D -A (10.9%) 3. 大胆 +B -A (6.7%) 4. 自大 +D -S (1.7%) 5. 悠闲 +B -S (1.4%) 6. 胆小 +S -A (0.8%) 7. 温顺 +D -B (0.3%) | H212: 1. 龙头地鼠 2. 妙蛙花 3. 卡比兽 4. 骨纹巨声鳄 5. 呆壳兽 6. 艾路雷朵 7. 巨金怪 8. 大剑鬼（洗翠的样子） 9. 宝石海星 10. 沙奈朵 | I212: 1. H26/A0/B0/C32/D0/S8 (53.2%) 2. H32/A0/B0/C32/D2/S0 (19%) 3. H32/A0/B2/C0/D32/S0 (10.6%) 4. H8/A0/B32/C10/D15/S1 (4.5%) 5. H0/A0/B2/C32/D0/S32 (3.4%) 6. H32/A0/B32/C0/D2/S0 (2.2%) 7. H32/A0/B32/C0/D0/S2 (2%) 8. H0/A0/B32/C2/D32/S0 (1.4%) 9. H2/A0/B32/C0/D0/S32 (0.6%) 10. H2/A0/B32/C0/D32/S0 (0.6%) | J212: 本期无显著变化 | K212: 1. 精神强念 (87.1%) 2. 真气弹 (70%) 3. 能量球 (54.1%) 4. 十万伏特 (54.1%) 5. 哈欠 (21.3%) | L212: 6. 暗影球 (16.8%) 7. 巨声 (16.5%) 8. 守住 (14%) 9. 移花接木 (12.6%) 10. 蛮干 (10.4%) | M212: 1. 达人带 (53.2%) 2. 刺耳果 (16.5%) 3. 吃剩的东西 (16%) 4. 气势披带 (3.1%) 5. 生命宝珠 (2.8%) | N212: 6. 心灵香草 (2%) 7. 光之黏土 (1.7%) 8. 文柚果 (1.4%) 9. 讲究围巾 (1.4%) 10. 先制之爪 (0.6%) | O212: 1. 内敛 +C -A (78.2%) 2. 温和 +D -A (10.9%) 3. 大胆 +B -A (6.7%) 4. 自大 +D -S (1.7%) | P212: 5. 悠闲 +B -S (1.4%) 6. 胆小 +S -A (0.8%) 7. 温顺 +D -B (0.3%) | Q212: 1. H26/A0/B0/C32/D0/S8 (53.2%) 2. H32/A0/B0/C32/D2/S0 (19%) 3. H32/A0/B2/C0/D32/S0 (10.6%) 4. H8/A0/B32/C10/D15/S1 (4.5%) 5. H0/A0/B2/C32/D0/S32 (3.4%) | R212: 6. H32/A0/B32/C0/D2/S0 (2.2%) 7. H32/A0/B32/C0/D0/S2 (2%) 8. H0/A0/B32/C2/D32/S0 (1.4%) 9. H2/A0/B32/C0/D0/S32 (0.6%) 10. H2/A0/B32/C0/D32/S0 (0.6%) | S212: 1. 龙头地鼠 2. 妙蛙花 3. 卡比兽 4. 骨纹巨声鳄 5. 呆壳兽 | T212: 6. 艾路雷朵 7. 巨金怪 8. 大剑鬼（洗翠的样子） 9. 宝石海星 10. 沙奈朵
A213: 212 | B213: 冰岩怪（洗翠） | C213: Avalugg-Hisui | D213: 1. 冰山风 (75.2%) 2. 地震 (51.9%) 3. 镜面反射 (50.9%) 4. 扑击 (38.6%) 5. 高速旋转 (23.5%) 6. 岩石爆击 (22.3%) 7. 尖石攻击 (21.7%) 8. 岩崩 (17.4%) 9. 咒术 (13.6%) 10. 冰锥 (12.3%) | E213: 1. 先制之爪 (32%) 2. 木子果 (18.9%) 3. 吃剩的东西 (17.6%) 4. 文柚果 (14.1%) 5. 光粉 (3.1%) 6. 达人带 (2.6%) 7. 对焦镜 (2.6%) 8. 力量头带 (2.3%) 9. 王者之证 (1.8%) 10. 不融冰 (1.3%) | F213: 1. 结实 (86.7%) 2. 冰冻之躯 (7.7%) 3. 强壮之颚 (5.6%) | G213: 1. 固执 +A -C (57%) 2. 淘气 +B -C (23.3%) 3. 勇敢 +A -S (12.8%) 4. 爽朗 +S -C (2.8%) 5. 天真 +S -D (1.8%) 6. 自大 +D -S (1.3%) 7. 顽皮 +A -D (0.8%) 8. 悠闲 +B -S (0.3%) | H213: 1. 狠辣椒 2. 班基拉斯 3. 巨沼怪 4. 喷火龙 5. 黏美龙（洗翠的样子） 6. 谜拟丘 7. 勾魂眼 8. 甲贺忍蛙 9. 雷丘 10. 人造细胞卵 | I213: 1. H0/A32/B32/C0/D2/S0 (13.8%) 2. H32/A32/B2/C0/D0/S0 (12%) 3. H1/A32/B0/C0/D1/S32 (11.8%) 4. H2/A32/B32/C0/D0/S0 (9.7%) 5. H31/A32/B3/C0/D0/S0 (7.9%) 6. H1/A32/B1/C0/D0/S32 (7.4%) 7. H32/A2/B32/C0/D0/S0 (6.4%) 8. H32/A32/B0/C0/D0/S0 (6.1%) 9. H2/A32/B0/C0/D0/S32 (3.6%) 10. H32/A24/B10/C0/D0/S0 (3.6%) | J213: 本期无显著变化 | K213: 1. 冰山风 (75.2%) 2. 地震 (51.9%) 3. 镜面反射 (50.9%) 4. 扑击 (38.6%) 5. 高速旋转 (23.5%) | L213: 6. 岩石爆击 (22.3%) 7. 尖石攻击 (21.7%) 8. 岩崩 (17.4%) 9. 咒术 (13.6%) 10. 冰锥 (12.3%) | M213: 1. 先制之爪 (32%) 2. 木子果 (18.9%) 3. 吃剩的东西 (17.6%) 4. 文柚果 (14.1%) 5. 光粉 (3.1%) | N213: 6. 达人带 (2.6%) 7. 对焦镜 (2.6%) 8. 力量头带 (2.3%) 9. 王者之证 (1.8%) 10. 不融冰 (1.3%) | O213: 1. 固执 +A -C (57%) 2. 淘气 +B -C (23.3%) 3. 勇敢 +A -S (12.8%) 4. 爽朗 +S -C (2.8%) | P213: 5. 天真 +S -D (1.8%) 6. 自大 +D -S (1.3%) 7. 顽皮 +A -D (0.8%) 8. 悠闲 +B -S (0.3%) | Q213: 1. H0/A32/B32/C0/D2/S0 (13.8%) 2. H32/A32/B2/C0/D0/S0 (12%) 3. H1/A32/B0/C0/D1/S32 (11.8%) 4. H2/A32/B32/C0/D0/S0 (9.7%) 5. H31/A32/B3/C0/D0/S0 (7.9%) | R213: 6. H1/A32/B1/C0/D0/S32 (7.4%) 7. H32/A2/B32/C0/D0/S0 (6.4%) 8. H32/A32/B0/C0/D0/S0 (6.1%) 9. H2/A32/B0/C0/D0/S32 (3.6%) 10. H32/A24/B10/C0/D0/S0 (3.6%) | S213: 1. 狠辣椒 2. 班基拉斯 3. 巨沼怪 4. 喷火龙 5. 黏美龙（洗翠的样子） | T213: 6. 谜拟丘 7. 勾魂眼 8. 甲贺忍蛙 9. 雷丘 10. 人造细胞卵
A214: 213 | B214: 旋转洛托姆 | C214: Rotom-Fan | D214: 1. 空气之刃 (90.6%) 2. 磷火 (77.1%) 3. 伏特替换 (71.3%) 4. 十万伏特 (62.8%) 5. 分担痛楚 (22.6%) 6. 移花接木 (11.7%) 7. 电磁波 (11.4%) 8. 戏法 (10.9%) 9. 祸不单行 (9.4%) 10. 光墙 (8.2%) | E214: 1. 文柚果 (24%) 2. 讲究围巾 (18.2%) 3. 吃剩的东西 (15.8%) 4. 气势披带 (10.9%) 5. 博识眼镜 (9.7%) 6. 先制之爪 (7.3%) 7. 达人带 (6.2%) 8. 木子果 (3.8%) 9. 心灵香草 (2.9%) 10. 广角镜 (1.2%) | F214: 1. 飘浮 (100%) | G214: 1. 大胆 +B -A (43.1%) 2. 胆小 +S -A (28.2%) 3. 内敛 +C -A (12.9%) 4. 温和 +D -A (8.5%) 5. 冷静 +C -S (3.8%) 6. 慢吞吞 +C -B (3.5%) | H214: 1. 卡比兽 2. 烈咬陆鲨 3. 暴鲤龙 4. 甲贺忍蛙 5. 路卡利欧 6. 谜拟丘 7. 火焰鸡 8. 巨沼怪 9. 龙头地鼠 10. 蜈蚣王 | I214: 1. H32/A0/B32/C0/D2/S0 (19.6%) 2. H0/A0/B0/C32/D2/S32 (16.4%) 3. H32/A0/B0/C32/D0/S2 (13.2%) 4. H32/A0/B32/C0/D0/S2 (11.7%) 5. H2/A0/B0/C32/D0/S32 (11.1%) 6. H32/A0/B13/C15/D3/S2 (6.2%) 7. H32/A0/B2/C32/D0/S0 (3.8%) 8. H32/A0/B0/C32/D2/S0 (3.5%) 9. H32/A0/B23/C0/D9/S2 (3.5%) 10. H32/A0/B2/C0/D32/S0 (2.3%) | J214: 本期无显著变化 | K214: 1. 空气之刃 (90.6%) 2. 磷火 (77.1%) 3. 伏特替换 (71.3%) 4. 十万伏特 (62.8%) 5. 分担痛楚 (22.6%) | L214: 6. 移花接木 (11.7%) 7. 电磁波 (11.4%) 8. 戏法 (10.9%) 9. 祸不单行 (9.4%) 10. 光墙 (8.2%) | M214: 1. 文柚果 (24%) 2. 讲究围巾 (18.2%) 3. 吃剩的东西 (15.8%) 4. 气势披带 (10.9%) 5. 博识眼镜 (9.7%) | N214: 6. 先制之爪 (7.3%) 7. 达人带 (6.2%) 8. 木子果 (3.8%) 9. 心灵香草 (2.9%) 10. 广角镜 (1.2%) | O214: 1. 大胆 +B -A (43.1%) 2. 胆小 +S -A (28.2%) 3. 内敛 +C -A (12.9%) | P214: 4. 温和 +D -A (8.5%) 5. 冷静 +C -S (3.8%) 6. 慢吞吞 +C -B (3.5%) | Q214: 1. H32/A0/B32/C0/D2/S0 (19.6%) 2. H0/A0/B0/C32/D2/S32 (16.4%) 3. H32/A0/B0/C32/D0/S2 (13.2%) 4. H32/A0/B32/C0/D0/S2 (11.7%) 5. H2/A0/B0/C32/D0/S32 (11.1%) | R214: 6. H32/A0/B13/C15/D3/S2 (6.2%) 7. H32/A0/B2/C32/D0/S0 (3.8%) 8. H32/A0/B0/C32/D2/S0 (3.5%) 9. H32/A0/B23/C0/D9/S2 (3.5%) 10. H32/A0/B2/C0/D32/S0 (2.3%) | S214: 1. 卡比兽 2. 烈咬陆鲨 3. 暴鲤龙 4. 甲贺忍蛙 5. 路卡利欧 | T214: 6. 谜拟丘 7. 火焰鸡 8. 巨沼怪 9. 龙头地鼠 10. 蜈蚣王
A215: 214 | B215: 狙射树枭 | C215: Decidueye | D215: 1. 叶刃 (72.3%) 2. 缝影 (68.1%) 3. 影子偷袭 (47.3%) 4. 羽栖 (33.7%) 5. 剑舞 (33.4%) 6. 灵骚 (31.9%) 7. 羽毛舞 (16.9%) 8. 接棒 (13%) 9. 急速折返 (9.3%) 10. 替身 (8.4%) | E215: 1. 文柚果 (28.9%) 2. 生命宝珠 (13.9%) 3. 咒术之符 (12.3%) 4. 吃剩的东西 (6.6%) 5. 气势披带 (6.3%) 6. 零余果 (6%) 7. 木子果 (6%) 8. 光粉 (5.7%) 9. 巧可果 (2.7%) 10. 奇迹种子 (1.5%) | F215: 1. 茂盛 (52.1%) 2. 迟钝 (47.9%) | G215: 1. 固执 +A -C (43.4%) 2. 慎重 +D -C (23.5%) 3. 淘气 +B -C (14.5%) 4. 温顺 +D -B (6%) 5. 爽朗 +S -C (4.8%) 6. 温和 +D -A (2.4%) 7. 勇敢 +A -S (2.1%) 8. 内敛 +C -A (1.5%) 9. 天真 +S -D (1.2%) 10. 急躁 +S -B (0.6%) | H215: 1. 烈咬陆鲨 2. 妖火红狐 3. 月亮伊布 4. 加热洛托姆 5. 头巾混混 6. 超坏星 7. 铝钢桥龙 8. 喷火龙 9. 水箭龟 10. 化石翼龙 | I215: 1. H32/A32/B0/C0/D0/S2 (9.9%) 2. H32/A0/B32/C0/D2/S0 (9%) 3. H32/A0/B2/C0/D32/S0 (8.7%) 4. H2/A32/B0/C0/D0/S32 (8.1%) 5. H6/A28/B0/C0/D0/S32 (8.1%) 6. H0/A32/B2/C0/D0/S32 (6.6%) 7. H0/A32/B0/C0/D32/S2 (6%) 8. H32/A0/B0/C0/D32/S2 (6%) 9. H28/A28/B0/C0/D10/S0 (5.1%) 10. H6/A32/B0/C0/D28/S0 (2.7%) | J215: 本期无显著变化 | K215: 1. 叶刃 (72.3%) 2. 缝影 (68.1%) 3. 影子偷袭 (47.3%) 4. 羽栖 (33.7%) 5. 剑舞 (33.4%) | L215: 6. 灵骚 (31.9%) 7. 羽毛舞 (16.9%) 8. 接棒 (13%) 9. 急速折返 (9.3%) 10. 替身 (8.4%) | M215: 1. 文柚果 (28.9%) 2. 生命宝珠 (13.9%) 3. 咒术之符 (12.3%) 4. 吃剩的东西 (6.6%) 5. 气势披带 (6.3%) | N215: 6. 零余果 (6%) 7. 木子果 (6%) 8. 光粉 (5.7%) 9. 巧可果 (2.7%) 10. 奇迹种子 (1.5%) | O215: 1. 固执 +A -C (43.4%) 2. 慎重 +D -C (23.5%) 3. 淘气 +B -C (14.5%) 4. 温顺 +D -B (6%) 5. 爽朗 +S -C (4.8%) | P215: 6. 温和 +D -A (2.4%) 7. 勇敢 +A -S (2.1%) 8. 内敛 +C -A (1.5%) 9. 天真 +S -D (1.2%) 10. 急躁 +S -B (0.6%) | Q215: 1. H32/A32/B0/C0/D0/S2 (9.9%) 2. H32/A0/B32/C0/D2/S0 (9%) 3. H32/A0/B2/C0/D32/S0 (8.7%) 4. H2/A32/B0/C0/D0/S32 (8.1%) 5. H6/A28/B0/C0/D0/S32 (8.1%) | R215: 6. H0/A32/B2/C0/D0/S32 (6.6%) 7. H0/A32/B0/C0/D32/S2 (6%) 8. H32/A0/B0/C0/D32/S2 (6%) 9. H28/A28/B0/C0/D10/S0 (5.1%) 10. H6/A32/B0/C0/D28/S0 (2.7%) | S215: 1. 烈咬陆鲨 2. 妖火红狐 3. 月亮伊布 4. 加热洛托姆 5. 头巾混混 | T215: 6. 超坏星 7. 铝钢桥龙 8. 喷火龙 9. 水箭龟 10. 化石翼龙
A216: 215 | B216: 南瓜怪人（大尺寸） | C216: Gourgeist-Large | D216: 1. 大爆炸 (83.8%) 2. 强力鞭打 (81.9%) 3. 寄生种子 (79.6%) 4. 潜灵奇袭 (72.8%) 5. 灵骚 (23%) 6. 影子偷袭 (13.3%) 7. 磷火 (10%) 8. 岩崩 (6.8%) 9. 戏法空间 (5.5%) 10. 戏法 (4.9%) | E216: 1. 先制之爪 (72.8%) 2. 气势披带 (10%) 3. 吃剩的东西 (5.8%) 4. 讲究围巾 (4.5%) 5. 番荔果 (2.9%) 6. 生命宝珠 (2.6%) 7. 文柚果 (1%) 8. 大根茎 (0.3%) | F216: 1. 不眠 (87.7%) 2. 察觉 (12.3%) | G216: 1. 固执 +A -C (81.2%) 2. 爽朗 +S -C (7.8%) 3. 大胆 +B -A (4.2%) 4. 勇敢 +A -S (2.6%) 5. 慎重 +D -C (1.6%) 6. 认真 (1.3%) 7. 淘气 +B -C (1.3%) | H216: 1. 喷火龙 2. 弃世猴 3. 水箭龟 4. 大竺葵 5. 班基拉斯 6. 巨牙鲨 7. 烈咬陆鲨 8. 路卡利欧 9. 艾路雷朵 10. 清洗洛托姆 | I216: 1. H32/A32/B0/C0/D0/S2 (72.5%) 2. H2/A32/B0/C0/D0/S32 (8.4%) 3. H0/A32/B2/C0/D32/S0 (5.5%) 4. H1/A0/B32/C0/D32/S1 (3.9%) 5. H1/A32/B1/C0/D0/S32 (2.9%) 6. H0/A32/B1/C0/D1/S32 (1.9%) 7. H31/A1/B2/C0/D32/S0 (1.6%) 8. H32/A32/B2/C0/D0/S0 (1.3%) 9. H32/A0/B32/C0/D2/S0 (0.6%) 10. H32/A2/B32/C0/D0/S0 (0.6%) | J216: 本期无显著变化 | K216: 1. 大爆炸 (83.8%) 2. 强力鞭打 (81.9%) 3. 寄生种子 (79.6%) 4. 潜灵奇袭 (72.8%) 5. 灵骚 (23%) | L216: 6. 影子偷袭 (13.3%) 7. 磷火 (10%) 8. 岩崩 (6.8%) 9. 戏法空间 (5.5%) 10. 戏法 (4.9%) | M216: 1. 先制之爪 (72.8%) 2. 气势披带 (10%) 3. 吃剩的东西 (5.8%) 4. 讲究围巾 (4.5%) | N216: 5. 番荔果 (2.9%) 6. 生命宝珠 (2.6%) 7. 文柚果 (1%) 8. 大根茎 (0.3%) | O216: 1. 固执 +A -C (81.2%) 2. 爽朗 +S -C (7.8%) 3. 大胆 +B -A (4.2%) 4. 勇敢 +A -S (2.6%) | P216: 5. 慎重 +D -C (1.6%) 6. 认真 (1.3%) 7. 淘气 +B -C (1.3%) | Q216: 1. H32/A32/B0/C0/D0/S2 (72.5%) 2. H2/A32/B0/C0/D0/S32 (8.4%) 3. H0/A32/B2/C0/D32/S0 (5.5%) 4. H1/A0/B32/C0/D32/S1 (3.9%) 5. H1/A32/B1/C0/D0/S32 (2.9%) | R216: 6. H0/A32/B1/C0/D1/S32 (1.9%) 7. H31/A1/B2/C0/D32/S0 (1.6%) 8. H32/A32/B2/C0/D0/S0 (1.3%) 9. H32/A0/B32/C0/D2/S0 (0.6%) 10. H32/A2/B32/C0/D0/S0 (0.6%) | S216: 1. 喷火龙 2. 弃世猴 3. 水箭龟 4. 大竺葵 5. 班基拉斯 | T216: 6. 巨牙鲨 7. 烈咬陆鲨 8. 路卡利欧 9. 艾路雷朵 10. 清洗洛托姆
A217: 216 | B217: 咚咚鼠 | C217: Dedenne | D217: 1. 蹭蹭脸颊 (83.7%) 2. 愤怒门牙 (81%) 3. 怪异电波 (51.3%) 4. 撒娇 (48%) 5. 魔法闪耀 (38.9%) 6. 十万伏特 (20.3%) 7. 抛物面充电 (16.3%) 8. 打草结 (14.1%) 9. 伏特替换 (13.7%) 10. 找伙伴 (9.2%) | E217: 1. 文柚果 (72.2%) 2. 达人带 (7.2%) 3. 气势披带 (7.2%) 4. 讲究围巾 (4.9%) 5. 腰木果 (4.2%) 6. 吃剩的东西 (2.6%) 7. 通通果 (1%) 8. 木子果 (0.3%) | F217: 1. 颊囊 (88.6%) 2. 捡拾 (10.8%) 3. 正电 (0.7%) | G217: 1. 淘气 +B -C (28.4%) 2. 温和 +D -A (19.9%) 3. 胆小 +S -A (18%) 4. 内敛 +C -A (17%) 5. 大胆 +B -A (13.1%) 6. 爽朗 +S -C (3.6%) | H217: 1. 呆壳兽 2. 巨金怪 3. 帝王拿波 4. 三首恶龙 5. 骨纹巨声鳄 6. 魔幻假面喵 7. 妙蛙花 8. 快龙 9. 班基拉斯 10. 钢铠鸦 | I217: 1. H32/A0/B32/C0/D0/S2 (25.2%) 2. H32/A0/B0/C2/D32/S0 (10.8%) 3. H20/A0/B0/C32/D0/S14 (7.2%) 4. H31/A0/B0/C3/D32/S0 (6.5%) 5. H32/A0/B32/C0/D2/S0 (6.2%) 6. H32/A0/B2/C0/D32/S0 (5.2%) 7. H0/A0/B2/C32/D0/S32 (4.9%) 8. H2/A0/B0/C32/D0/S32 (4.9%) 9. H30/A0/B32/C0/D0/S4 (4.6%) 10. H32/A0/B27/C0/D7/S0 (3.9%) | J217: 本期无显著变化 | K217: 1. 蹭蹭脸颊 (83.7%) 2. 愤怒门牙 (81%) 3. 怪异电波 (51.3%) 4. 撒娇 (48%) 5. 魔法闪耀 (38.9%) | L217: 6. 十万伏特 (20.3%) 7. 抛物面充电 (16.3%) 8. 打草结 (14.1%) 9. 伏特替换 (13.7%) 10. 找伙伴 (9.2%) | M217: 1. 文柚果 (72.2%) 2. 达人带 (7.2%) 3. 气势披带 (7.2%) 4. 讲究围巾 (4.9%) | N217: 5. 腰木果 (4.2%) 6. 吃剩的东西 (2.6%) 7. 通通果 (1%) 8. 木子果 (0.3%) | O217: 1. 淘气 +B -C (28.4%) 2. 温和 +D -A (19.9%) 3. 胆小 +S -A (18%) | P217: 4. 内敛 +C -A (17%) 5. 大胆 +B -A (13.1%) 6. 爽朗 +S -C (3.6%) | Q217: 1. H32/A0/B32/C0/D0/S2 (25.2%) 2. H32/A0/B0/C2/D32/S0 (10.8%) 3. H20/A0/B0/C32/D0/S14 (7.2%) 4. H31/A0/B0/C3/D32/S0 (6.5%) 5. H32/A0/B32/C0/D2/S0 (6.2%) | R217: 6. H32/A0/B2/C0/D32/S0 (5.2%) 7. H0/A0/B2/C32/D0/S32 (4.9%) 8. H2/A0/B0/C32/D0/S32 (4.9%) 9. H30/A0/B32/C0/D0/S4 (4.6%) 10. H32/A0/B27/C0/D7/S0 (3.9%) | S217: 1. 呆壳兽 2. 巨金怪 3. 帝王拿波 4. 三首恶龙 5. 骨纹巨声鳄 | T217: 6. 魔幻假面喵 7. 妙蛙花 8. 快龙 9. 班基拉斯 10. 钢铠鸦
A218: 217 | B218: 鬃岩狼人（白昼的样子） | C218: Lycanroc-Midday | D218: 1. 冲岩 (76.4%) 2. 隐形岩 (68.2%) 3. 蛮干 (67.2%) 4. 近身战 (37.4%) 5. 挑衅 (33.1%) 6. 尖石攻击 (26.2%) 7. 直冲钻 (22.3%) 8. 嬉闹 (15.7%) 9. 剑舞 (10.8%) 10. 跺脚 (7.9%) | E218: 1. 气势披带 (77.7%) 2. 生命宝珠 (13.4%) 3. 广角镜 (3.6%) 4. 讲究围巾 (2.6%) 5. 莲蒲果 (1.6%) 6. 王者之证 (0.7%) | F218: 1. 拨沙 (48.9%) 2. 不屈之心 (43.9%) 3. 锐利目光 (7.2%) | G218: 1. 爽朗 +S -C (73.4%) 2. 固执 +A -C (25.2%) 3. 顽皮 +A -D (1%) 4. 怕寂寞 +A -B (0.3%) | I218: 1. H0/A32/B0/C0/D0/S32 (27.5%) 2. H2/A32/B0/C0/D0/S32 (14.1%) 3. H1/A32/B0/C0/D1/S32 (13.4%) 4. H1/A32/B1/C0/D0/S32 (11.5%) 5. H0/A32/B1/C0/D0/S32 (9.5%) 6. H29/A32/B5/C0/D0/S0 (8.9%) 7. H15/A32/B0/C0/D0/S19 (3%) 8. H0/A32/B0/C2/D0/S32 (2.6%) 9. H1/A32/B2/C0/D18/S13 (2.3%) 10. H1/A32/B5/C0/D0/S28 (1.3%) | J218: 本期无显著变化 | K218: 1. 冲岩 (76.4%) 2. 隐形岩 (68.2%) 3. 蛮干 (67.2%) 4. 近身战 (37.4%) 5. 挑衅 (33.1%) | L218: 6. 尖石攻击 (26.2%) 7. 直冲钻 (22.3%) 8. 嬉闹 (15.7%) 9. 剑舞 (10.8%) 10. 跺脚 (7.9%) | M218: 1. 气势披带 (77.7%) 2. 生命宝珠 (13.4%) 3. 广角镜 (3.6%) | N218: 4. 讲究围巾 (2.6%) 5. 莲蒲果 (1.6%) 6. 王者之证 (0.7%) | O218: 1. 爽朗 +S -C (73.4%) 2. 固执 +A -C (25.2%) | P218: 3. 顽皮 +A -D (1%) 4. 怕寂寞 +A -B (0.3%) | Q218: 1. H0/A32/B0/C0/D0/S32 (27.5%) 2. H2/A32/B0/C0/D0/S32 (14.1%) 3. H1/A32/B0/C0/D1/S32 (13.4%) 4. H1/A32/B1/C0/D0/S32 (11.5%) 5. H0/A32/B1/C0/D0/S32 (9.5%) | R218: 6. H29/A32/B5/C0/D0/S0 (8.9%) 7. H15/A32/B0/C0/D0/S19 (3%) 8. H0/A32/B0/C2/D0/S32 (2.6%) 9. H1/A32/B2/C0/D18/S13 (2.3%) 10. H1/A32/B5/C0/D0/S28 (1.3%)
A219: 218 | B219: 多丽米亚 | C219: Furfrou | D219: 1. 棉花防守 (53.8%) 2. 火焰牙 (45.5%) 3. 电磁波 (42.9%) 4. 冰冻牙 (33.7%) 5. 吼叫 (24.4%) 6. 突袭 (23.4%) 7. 咬碎 (20.2%) 8. 铁尾 (18.9%) 9. 精神之牙 (18.6%) 10. 蛮干 (17.9%) | E219: 1. 吃剩的东西 (52.2%) 2. 莲蒲果 (33.3%) 3. 节拍器 (3.8%) 4. 文柚果 (3.2%) 5. 木子果 (2.2%) 6. 讲究围巾 (1.6%) 7. 零余果 (1%) 8. 光粉 (0.6%) 9. 气势披带 (0.3%) | F219: 1. 毛皮大衣 (100%) | G219: 1. 淘气 +B -C (45.5%) 2. 大胆 +B -A (27.6%) 3. 固执 +A -C (17.6%) 4. 慎重 +D -C (5.8%) 5. 爽朗 +S -C (2.6%) 6. 自大 +D -S (0.3%) 7. 悠闲 +B -S (0.3%) 8. 勇敢 +A -S (0.3%) | H219: 1. 雷丘 2. 烈咬陆鲨 3. 喷火龙 4. 魔幻假面喵 5. 谜拟丘 6. 晶光花 7. 姆克鹰 8. 耿鬼 9. 快龙 10. 索罗亚克（洗翠的样子） | I219: 1. H32/A0/B32/C0/D2/S0 (22.4%) 2. H32/A0/B32/C0/D0/S2 (17.9%) 3. H26/A32/B8/C0/D0/S0 (11.9%) 4. H32/A2/B32/C0/D0/S0 (8%) 5. H13/A19/B32/C0/D0/S0 (6.4%) 6. H2/A32/B32/C0/D0/S0 (5.8%) 7. H0/A32/B2/C0/D32/S0 (5.1%) 8. H26/A0/B8/C0/D32/S0 (4.8%) 9. H32/A9/B20/C0/D2/S3 (4.2%) 10. H31/A5/B14/C0/D16/S0 (3.2%) | J219: 本期无显著变化 | K219: 1. 棉花防守 (53.8%) 2. 火焰牙 (45.5%) 3. 电磁波 (42.9%) 4. 冰冻牙 (33.7%) 5. 吼叫 (24.4%) | L219: 6. 突袭 (23.4%) 7. 咬碎 (20.2%) 8. 铁尾 (18.9%) 9. 精神之牙 (18.6%) 10. 蛮干 (17.9%) | M219: 1. 吃剩的东西 (52.2%) 2. 莲蒲果 (33.3%) 3. 节拍器 (3.8%) 4. 文柚果 (3.2%) 5. 木子果 (2.2%) | N219: 6. 讲究围巾 (1.6%) 7. 零余果 (1%) 8. 光粉 (0.6%) 9. 气势披带 (0.3%) | O219: 1. 淘气 +B -C (45.5%) 2. 大胆 +B -A (27.6%) 3. 固执 +A -C (17.6%) 4. 慎重 +D -C (5.8%) | P219: 5. 爽朗 +S -C (2.6%) 6. 自大 +D -S (0.3%) 7. 悠闲 +B -S (0.3%) 8. 勇敢 +A -S (0.3%) | Q219: 1. H32/A0/B32/C0/D2/S0 (22.4%) 2. H32/A0/B32/C0/D0/S2 (17.9%) 3. H26/A32/B8/C0/D0/S0 (11.9%) 4. H32/A2/B32/C0/D0/S0 (8%) 5. H13/A19/B32/C0/D0/S0 (6.4%) | R219: 6. H2/A32/B32/C0/D0/S0 (5.8%) 7. H0/A32/B2/C0/D32/S0 (5.1%) 8. H26/A0/B8/C0/D32/S0 (4.8%) 9. H32/A9/B20/C0/D2/S3 (4.2%) 10. H31/A5/B14/C0/D16/S0 (3.2%) | S219: 1. 雷丘 2. 烈咬陆鲨 3. 喷火龙 4. 魔幻假面喵 5. 谜拟丘 | T219: 6. 晶光花 7. 姆克鹰 8. 耿鬼 9. 快龙 10. 索罗亚克（洗翠的样子）
A220: 219 | B220: 洛托姆 | C220: Rotom | D220: 1. 磷火 (83.4%) 2. 祸不单行 (73.5%) 3. 伏特替换 (50.5%) 4. 放电 (30.4%) 5. 十万伏特 (23%) 6. 怪异电波 (21.7%) 7. 分担痛楚 (21.4%) 8. 电磁波 (21.4%) 9. 戏法 (21.1%) 10. 暗影球 (17.3%) | E220: 1. 吃剩的东西 (28.8%) 2. 文柚果 (25.6%) 3. 讲究围巾 (24.9%) 4. 光粉 (6.4%) 5. 木子果 (4.8%) 6. 气势披带 (4.5%) 7. 佛柑果 (2.9%) 8. 刺耳果 (1.9%) 9. 生命宝珠 (0.3%) | F220: 1. 飘浮 (100%) | G220: 1. 胆小 +S -A (46%) 2. 内敛 +C -A (29.1%) 3. 大胆 +B -A (19.2%) 4. 温和 +D -A (5.8%) | H220: 1. 谜拟丘 2. 甲贺忍蛙 3. 烈咬陆鲨 4. 赛富豪 5. 七夕青鸟 6. 玛狃拉 7. 巨钳螳螂 8. 勾魂眼 9. 索罗亚克（洗翠的样子） 10. 幽尾玄鱼 | I220: 1. H32/A0/B2/C0/D0/S32 (31.3%) 2. H32/A0/B11/C12/D11/S0 (21.7%) 3. H0/A0/B0/C32/D32/S2 (13.1%) 4. H0/A0/B2/C32/D0/S32 (8.3%) 5. H2/A0/B0/C32/D0/S32 (7.3%) 6. H32/A0/B32/C0/D2/S0 (5.4%) 7. H0/A0/B32/C0/D32/S2 (3.2%) 8. H32/A0/B10/C0/D24/S0 (2.6%) 9. H32/A0/B24/C3/D5/S2 (1.9%) 10. H2/A0/B4/C28/D0/S32 (1.6%) | J220: 本期无显著变化 | K220: 1. 磷火 (83.4%) 2. 祸不单行 (73.5%) 3. 伏特替换 (50.5%) 4. 放电 (30.4%) 5. 十万伏特 (23%) | L220: 6. 怪异电波 (21.7%) 7. 分担痛楚 (21.4%) 8. 电磁波 (21.4%) 9. 戏法 (21.1%) 10. 暗影球 (17.3%) | M220: 1. 吃剩的东西 (28.8%) 2. 文柚果 (25.6%) 3. 讲究围巾 (24.9%) 4. 光粉 (6.4%) 5. 木子果 (4.8%) | N220: 6. 气势披带 (4.5%) 7. 佛柑果 (2.9%) 8. 刺耳果 (1.9%) 9. 生命宝珠 (0.3%) | O220: 1. 胆小 +S -A (46%) 2. 内敛 +C -A (29.1%) | P220: 3. 大胆 +B -A (19.2%) 4. 温和 +D -A (5.8%) | Q220: 1. H32/A0/B2/C0/D0/S32 (31.3%) 2. H32/A0/B11/C12/D11/S0 (21.7%) 3. H0/A0/B0/C32/D32/S2 (13.1%) 4. H0/A0/B2/C32/D0/S32 (8.3%) 5. H2/A0/B0/C32/D0/S32 (7.3%) | R220: 6. H32/A0/B32/C0/D2/S0 (5.4%) 7. H0/A0/B32/C0/D32/S2 (3.2%) 8. H32/A0/B10/C0/D24/S0 (2.6%) 9. H32/A0/B24/C3/D5/S2 (1.9%) 10. H2/A0/B4/C28/D0/S32 (1.6%) | S220: 1. 谜拟丘 2. 甲贺忍蛙 3. 烈咬陆鲨 4. 赛富豪 5. 七夕青鸟 | T220: 6. 玛狃拉 7. 巨钳螳螂 8. 勾魂眼 9. 索罗亚克（洗翠的样子） 10. 幽尾玄鱼
A221: 220 | B221: 南瓜怪人（小尺寸） | C221: Gourgeist-Small | D221: 1. 同命 (76.5%) 2. 强力鞭打 (76.5%) 3. 磷火 (55%) 4. 戏法 (48.8%) 5. 灵骚 (41.9%) 6. 寄生种子 (37.4%) 7. 种子炸弹 (12.8%) 8. 替身 (10.4%) 9. 奇异之光 (6.9%) 10. 影子偷袭 (6.9%) | E221: 1. 讲究围巾 (50.2%) 2. 广角镜 (30.4%) 3. 吃剩的东西 (5.5%) 4. 气势披带 (4.8%) 5. 生命宝珠 (1.4%) 6. 黑色铁球 (0.7%) | F221: 1. 察觉 (78.2%) 2. 不眠 (21.8%) | G221: 1. 爽朗 +S -C (79.9%) 2. 怕寂寞 +A -B (6.9%) 3. 固执 +A -C (5.9%) 4. 顽皮 +A -D (3.8%) 5. 胆小 +S -A (2.8%) 6. 淘气 +B -C (0.7%) | H221: 1. 姆克鹰 2. 万针鱼 3. 老翁龙 4. 布莉姆温 5. 巨牙鲨 6. 蚊香蛙皇 7. 谜拟丘 8. 妖火红狐 9. 雪妖女 10. 凯罗斯 | I221: 1. H2/A32/B0/C0/D0/S32 (41.5%) 2. H0/A0/B2/C0/D32/S32 (26.3%) 3. H11/A25/B0/C0/D0/S30 (8%) 4. H2/A32/B0/C0/D32/S0 (6.9%) 5. H16/A0/B0/C0/D18/S32 (5.5%) 6. H0/A32/B2/C0/D0/S32 (3.8%) 7. H15/A0/B3/C0/D16/S32 (2.8%) 8. H31/A0/B0/C0/D3/S32 (2.1%) 9. H13/A32/B0/C0/D0/S21 (1.4%) 10. H31/A32/B3/C0/D0/S0 (1%) | J221: 本期无显著变化 | K221: 1. 同命 (76.5%) 2. 强力鞭打 (76.5%) 3. 磷火 (55%) 4. 戏法 (48.8%) 5. 灵骚 (41.9%) | L221: 6. 寄生种子 (37.4%) 7. 种子炸弹 (12.8%) 8. 替身 (10.4%) 9. 奇异之光 (6.9%) 10. 影子偷袭 (6.9%) | M221: 1. 讲究围巾 (50.2%) 2. 广角镜 (30.4%) 3. 吃剩的东西 (5.5%) | N221: 4. 气势披带 (4.8%) 5. 生命宝珠 (1.4%) 6. 黑色铁球 (0.7%) | O221: 1. 爽朗 +S -C (79.9%) 2. 怕寂寞 +A -B (6.9%) 3. 固执 +A -C (5.9%) | P221: 4. 顽皮 +A -D (3.8%) 5. 胆小 +S -A (2.8%) 6. 淘气 +B -C (0.7%) | Q221: 1. H2/A32/B0/C0/D0/S32 (41.5%) 2. H0/A0/B2/C0/D32/S32 (26.3%) 3. H11/A25/B0/C0/D0/S30 (8%) 4. H2/A32/B0/C0/D32/S0 (6.9%) 5. H16/A0/B0/C0/D18/S32 (5.5%) | R221: 6. H0/A32/B2/C0/D0/S32 (3.8%) 7. H15/A0/B3/C0/D16/S32 (2.8%) 8. H31/A0/B0/C0/D3/S32 (2.1%) 9. H13/A32/B0/C0/D0/S21 (1.4%) 10. H31/A32/B3/C0/D0/S0 (1%) | S221: 1. 姆克鹰 2. 万针鱼 3. 老翁龙 4. 布莉姆温 5. 巨牙鲨 | T221: 6. 蚊香蛙皇 7. 谜拟丘 8. 妖火红狐 9. 雪妖女 10. 凯罗斯
A222: 221 | B222: 冻原熊 | C222: Beartic | D222: 1. 地震 (81.7%) 2. 冰柱坠击 (75.7%) 3. 水流喷射 (36%) 4. 近身战 (30.9%) 5. 岩崩 (28.4%) 6. 硬压 (24.6%) 7. 起草 (18.6%) 8. 剑舞 (15.5%) 9. 嬉闹 (12.9%) 10. 劈瓦 (12.6%) | E222: 1. 生命宝珠 (41.3%) 2. 气势披带 (25.9%) 3. 木子果 (19.6%) 4. 达人带 (3.8%) 5. 讲究围巾 (3.5%) 6. 广角镜 (2.8%) 7. 文柚果 (2.2%) 8. 白色香草 (0.3%) 9. 先制之爪 (0.3%) | F222: 1. 拨雪 (73.8%) 2. 悠游自如 (25.9%) 3. 雪隐 (0.3%) | G222: 1. 爽朗 +S -C (63.1%) 2. 固执 +A -C (33.8%) 3. 淘气 +B -C (2.2%) 4. 怕寂寞 +A -B (0.3%) 5. 勇敢 +A -S (0.3%) 6. 大胆 +B -A (0.3%) | H222: 1. 修建老匠 2. 暴鲤龙 3. 幽尾玄鱼 4. 双倍多多冰 5. 三首恶龙 6. 仙子伊布 7. 大嘴鸥 8. 铝钢桥龙 9. 巨沼怪 10. 君主蛇 | I222: 1. H2/A32/B0/C0/D0/S32 (31.5%) 2. H0/A32/B0/C0/D0/S32 (19.9%) 3. H5/A29/B0/C0/D2/S30 (8.8%) 4. H1/A32/B1/C0/D0/S32 (5%) 5. H0/A32/B0/C0/D2/S32 (4.7%) 6. H0/A32/B4/C0/D0/S30 (4.1%) 7. H1/A32/B0/C0/D1/S32 (3.8%) 8. H5/A32/B0/C0/D0/S29 (3.8%) 9. H13/A32/B0/C0/D0/S21 (3.8%) 10. H0/A32/B10/C0/D0/S24 (3.2%) | J222: 本期无显著变化 | K222: 1. 地震 (81.7%) 2. 冰柱坠击 (75.7%) 3. 水流喷射 (36%) 4. 近身战 (30.9%) 5. 岩崩 (28.4%) | L222: 6. 硬压 (24.6%) 7. 起草 (18.6%) 8. 剑舞 (15.5%) 9. 嬉闹 (12.9%) 10. 劈瓦 (12.6%) | M222: 1. 生命宝珠 (41.3%) 2. 气势披带 (25.9%) 3. 木子果 (19.6%) 4. 达人带 (3.8%) 5. 讲究围巾 (3.5%) | N222: 6. 广角镜 (2.8%) 7. 文柚果 (2.2%) 8. 白色香草 (0.3%) 9. 先制之爪 (0.3%) | O222: 1. 爽朗 +S -C (63.1%) 2. 固执 +A -C (33.8%) 3. 淘气 +B -C (2.2%) | P222: 4. 怕寂寞 +A -B (0.3%) 5. 勇敢 +A -S (0.3%) 6. 大胆 +B -A (0.3%) | Q222: 1. H2/A32/B0/C0/D0/S32 (31.5%) 2. H0/A32/B0/C0/D0/S32 (19.9%) 3. H5/A29/B0/C0/D2/S30 (8.8%) 4. H1/A32/B1/C0/D0/S32 (5%) 5. H0/A32/B0/C0/D2/S32 (4.7%) | R222: 6. H0/A32/B4/C0/D0/S30 (4.1%) 7. H1/A32/B0/C0/D1/S32 (3.8%) 8. H5/A32/B0/C0/D0/S29 (3.8%) 9. H13/A32/B0/C0/D0/S21 (3.8%) 10. H0/A32/B10/C0/D0/S24 (3.2%) | S222: 1. 修建老匠 2. 暴鲤龙 3. 幽尾玄鱼 4. 双倍多多冰 5. 三首恶龙 | T222: 6. 仙子伊布 7. 大嘴鸥 8. 铝钢桥龙 9. 巨沼怪 10. 君主蛇
A223: 222 | B223: 苹裹龙 | C223: Flapple | D223: 1. 万有引力 (95.5%) 2. 突袭 (75.3%) 3. 逆鳞 (56.1%) 4. 龙之舞 (38.3%) 5. 龙之俯冲 (35.5%) 6. 急速折返 (25.4%) 7. 双翼 (22.6%) 8. 硬撑 (10.5%) 9. 起草 (8.7%) 10. 回收利用 (7.3%) | E223: 1. 气势披带 (45.6%) 2. 讲究围巾 (35.2%) 3. 文柚果 (7.3%) 4. 生命宝珠 (6.3%) 5. 广角镜 (3.1%) 6. 奇迹种子 (2.1%) 7. 达人带 (0.3%) | F223: 1. 活力 (85%) 2. 熟成 (12.9%) 3. 贪吃鬼 (2.1%) | G223: 1. 爽朗 +S -C (61%) 2. 固执 +A -C (29.3%) 3. 淘气 +B -C (7.7%) 4. 勇敢 +A -S (2.1%) | H223: 1. 耿鬼 2. 一家鼠 3. 暴鲤龙 4. 佛烈托斯 5. 雷丘 6. 妙蛙花 7. 谜拟丘 8. 布莉姆温 9. 水箭龟 10. 火神蛾 | I223: 1. H2/A32/B0/C0/D0/S32 (80.5%) 2. H0/A32/B2/C0/D0/S32 (5.2%) 3. H2/A32/B32/C0/D0/S0 (4.5%) 4. H0/A32/B0/C0/D2/S32 (3.8%) 5. H32/A0/B32/C0/D0/S2 (3.1%) 6. H32/A32/B2/C0/D0/S0 (2.1%) 7. H4/A32/B0/C0/D0/S30 (0.7%) | J223: 本期无显著变化 | K223: 1. 万有引力 (95.5%) 2. 突袭 (75.3%) 3. 逆鳞 (56.1%) 4. 龙之舞 (38.3%) 5. 龙之俯冲 (35.5%) | L223: 6. 急速折返 (25.4%) 7. 双翼 (22.6%) 8. 硬撑 (10.5%) 9. 起草 (8.7%) 10. 回收利用 (7.3%) | M223: 1. 气势披带 (45.6%) 2. 讲究围巾 (35.2%) 3. 文柚果 (7.3%) 4. 生命宝珠 (6.3%) | N223: 5. 广角镜 (3.1%) 6. 奇迹种子 (2.1%) 7. 达人带 (0.3%) | O223: 1. 爽朗 +S -C (61%) 2. 固执 +A -C (29.3%) | P223: 3. 淘气 +B -C (7.7%) 4. 勇敢 +A -S (2.1%) | Q223: 1. H2/A32/B0/C0/D0/S32 (80.5%) 2. H0/A32/B2/C0/D0/S32 (5.2%) 3. H2/A32/B32/C0/D0/S0 (4.5%) 4. H0/A32/B0/C0/D2/S32 (3.8%) | R223: 5. H32/A0/B32/C0/D0/S2 (3.1%) 6. H32/A32/B2/C0/D0/S0 (2.1%) 7. H4/A32/B0/C0/D0/S30 (0.7%) | S223: 1. 耿鬼 2. 一家鼠 3. 暴鲤龙 4. 佛烈托斯 5. 雷丘 | T223: 6. 妙蛙花 7. 谜拟丘 8. 布莉姆温 9. 水箭龟 10. 火神蛾
A224: 223 | B224: 冷水猿 | C224: Simipour | D224: 1. 真气弹 (79.8%) 2. 热水 (64%) 3. 打草结 (62.5%) 4. 替身 (60.9%) 5. 冰冻光束 (27.7%) 6. 击掌奇袭 (20.2%) 7. 水炮 (15.8%) 8. 冲浪 (12.6%) 9. 快速折返 (11.1%) 10. 求雨 (9.5%) | E224: 1. 生命宝珠 (63.2%) 2. 气势披带 (16.6%) 3. 神秘水滴 (6.3%) 4. 烛木果 (4%) 5. 潮湿岩石 (4%) 6. 先制之爪 (1.2%) 7. 文柚果 (0.8%) 8. 讲究围巾 (0.8%) 9. 气势头带 (0.4%) 10. 泥偶巨人进化石 (0.4%) | F224: 1. 激流 (94.9%) 2. 贪吃鬼 (5.1%) | G224: 1. 内敛 +C -A (63.6%) 2. 胆小 +S -A (14.2%) 3. 急躁 +S -B (9.9%) 4. 爽朗 +S -C (4.7%) 5. 天真 +S -D (4.7%) 6. 固执 +A -C (2.4%) 7. 冷静 +C -S (0.4%) | H224: 1. 爆香猿 2. 花椰猿 3. 烈咬陆鲨 4. 河马兽 5. 暴鲤龙 6. 雷丘 7. 姆克鹰 8. 甲贺忍蛙 9. 三首恶龙 10. 龙头地鼠 | I224: 1. H0/A0/B0/C32/D0/S32 (58.9%) 2. H2/A0/B0/C32/D0/S32 (19%) 3. H1/A0/B1/C32/D0/S32 (5.5%) 4. H14/A0/B25/C2/D5/S20 (4%) 5. H32/A0/B2/C0/D0/S32 (4%) 6. H0/A0/B2/C32/D0/S32 (2.4%) 7. H1/A0/B0/C32/D1/S32 (2%) 8. H0/A32/B2/C0/D0/S32 (0.8%) 9. H1/A32/B0/C0/D1/S32 (0.8%) 10. H2/A32/B0/C0/D0/S32 (0.8%) | J224: 本期无显著变化 | K224: 1. 真气弹 (79.8%) 2. 热水 (64%) 3. 打草结 (62.5%) 4. 替身 (60.9%) 5. 冰冻光束 (27.7%) | L224: 6. 击掌奇袭 (20.2%) 7. 水炮 (15.8%) 8. 冲浪 (12.6%) 9. 快速折返 (11.1%) 10. 求雨 (9.5%) | M224: 1. 生命宝珠 (63.2%) 2. 气势披带 (16.6%) 3. 神秘水滴 (6.3%) 4. 烛木果 (4%) 5. 潮湿岩石 (4%) | N224: 6. 先制之爪 (1.2%) 7. 文柚果 (0.8%) 8. 讲究围巾 (0.8%) 9. 气势头带 (0.4%) 10. 泥偶巨人进化石 (0.4%) | O224: 1. 内敛 +C -A (63.6%) 2. 胆小 +S -A (14.2%) 3. 急躁 +S -B (9.9%) 4. 爽朗 +S -C (4.7%) | P224: 5. 天真 +S -D (4.7%) 6. 固执 +A -C (2.4%) 7. 冷静 +C -S (0.4%) | Q224: 1. H0/A0/B0/C32/D0/S32 (58.9%) 2. H2/A0/B0/C32/D0/S32 (19%) 3. H1/A0/B1/C32/D0/S32 (5.5%) 4. H14/A0/B25/C2/D5/S20 (4%) 5. H32/A0/B2/C0/D0/S32 (4%) | R224: 6. H0/A0/B2/C32/D0/S32 (2.4%) 7. H1/A0/B0/C32/D1/S32 (2%) 8. H0/A32/B2/C0/D0/S32 (0.8%) 9. H1/A32/B0/C0/D1/S32 (0.8%) 10. H2/A32/B0/C0/D0/S32 (0.8%) | S224: 1. 爆香猿 2. 花椰猿 3. 烈咬陆鲨 4. 河马兽 5. 暴鲤龙 | T224: 6. 雷丘 7. 姆克鹰 8. 甲贺忍蛙 9. 三首恶龙 10. 龙头地鼠
A225: 224 | B225: 鬃岩狼人（黑夜的样子） | C225: Lycanroc-Midnight | D225: 1. 尖石攻击 (61.9%) 2. 突袭 (57.2%) 3. 近身战 (52.5%) 4. 双倍奉还 (43.6%) 5. 精神之牙 (39.3%) 6. 岩崩 (32.3%) 7. 咬碎 (31.1%) 8. 剑舞 (19.8%) 9. 铁尾 (15.6%) 10. 隐形岩 (7.4%) | E225: 1. 气势披带 (61.5%) 2. 讲究围巾 (35.4%) 3. 文柚果 (1.6%) 4. 先制之爪 (1.6%) | F225: 1. 无防守 (59.1%) 2. 干劲 (39.7%) 3. 锐利目光 (1.2%) | G225: 1. 爽朗 +S -C (74.3%) 2. 固执 +A -C (22.6%) 3. 淘气 +B -C (1.6%) 4. 顽皮 +A -D (1.2%) 5. 慎重 +D -C (0.4%) | H225: 1. 喷火龙 2. 九尾（阿罗拉的样子） 3. 卡比兽 4. 流氓鳄 5. 谜拟丘 6. 暴鲤龙 7. 铝钢桥龙 8. 花叶蒂（永恒之花） 9. 魔幻假面喵 10. 美纳斯 | I225: 1. H2/A32/B0/C0/D0/S32 (54.1%) 2. H5/A32/B0/C0/D1/S28 (31.1%) 3. H4/A32/B0/C0/D0/S30 (2.7%) 4. H32/A32/B0/C0/D0/S0 (2.3%) 5. H32/A32/B0/C0/D0/S2 (2.3%) 6. H0/A32/B0/C0/D2/S32 (1.9%) 7. H1/A32/B0/C0/D1/S32 (1.9%) 8. H29/A5/B32/C0/D0/S0 (1.6%) 9. H0/A32/B2/C0/D0/S32 (0.8%) 10. H0/A32/B1/C0/D1/S32 (0.4%) | J225: 本期无显著变化 | K225: 1. 尖石攻击 (61.9%) 2. 突袭 (57.2%) 3. 近身战 (52.5%) 4. 双倍奉还 (43.6%) 5. 精神之牙 (39.3%) | L225: 6. 岩崩 (32.3%) 7. 咬碎 (31.1%) 8. 剑舞 (19.8%) 9. 铁尾 (15.6%) 10. 隐形岩 (7.4%) | M225: 1. 气势披带 (61.5%) 2. 讲究围巾 (35.4%) | N225: 3. 文柚果 (1.6%) 4. 先制之爪 (1.6%) | O225: 1. 爽朗 +S -C (74.3%) 2. 固执 +A -C (22.6%) 3. 淘气 +B -C (1.6%) | P225: 4. 顽皮 +A -D (1.2%) 5. 慎重 +D -C (0.4%) | Q225: 1. H2/A32/B0/C0/D0/S32 (54.1%) 2. H5/A32/B0/C0/D1/S28 (31.1%) 3. H4/A32/B0/C0/D0/S30 (2.7%) 4. H32/A32/B0/C0/D0/S0 (2.3%) 5. H32/A32/B0/C0/D0/S2 (2.3%) | R225: 6. H0/A32/B0/C0/D2/S32 (1.9%) 7. H1/A32/B0/C0/D1/S32 (1.9%) 8. H29/A5/B32/C0/D0/S0 (1.6%) 9. H0/A32/B2/C0/D0/S32 (0.8%) 10. H0/A32/B1/C0/D1/S32 (0.4%) | S225: 1. 喷火龙 2. 九尾（阿罗拉的样子） 3. 卡比兽 4. 流氓鳄 5. 谜拟丘 | T225: 6. 暴鲤龙 7. 铝钢桥龙 8. 花叶蒂（永恒之花） 9. 魔幻假面喵 10. 美纳斯
A226: 225 | B226: 大剑鬼 | C226: Samurott | D226: 1. 冰冻光束 (81.8%) 2. 水炮 (69.8%) 3. 真空波 (52.4%) 4. 打草结 (44.9%) 5. 水流喷射 (40%) 6. 再来一次 (31.1%) 7. 冲浪 (23.6%) 8. 冰冻之风 (9.3%) 9. 超级角击 (8.4%) 10. 贝壳刃 (8%) | E226: 1. 生命宝珠 (32.9%) 2. 达人带 (21.3%) 3. 黑色眼镜 (13.8%) 4. 讲究围巾 (12.4%) 5. 文柚果 (10.7%) 6. 罗子果 (2.2%) 7. 神秘水滴 (2.2%) 8. 木子果 (1.8%) 9. 气势披带 (1.8%) 10. 力量头带 (0.4%) | F226: 1. 激流 (50.2%) 2. 硬壳盔甲 (49.8%) | G226: 1. 内敛 +C -A (72.4%) 2. 冷静 +C -S (14.2%) 3. 固执 +A -C (6.7%) 4. 温顺 +D -B (1.8%) 5. 大胆 +B -A (1.8%) 6. 胆小 +S -A (1.3%) 7. 悠闲 +B -S (1.3%) 8. 乐天 +B -D (0.4%) | H226: 1. 烈咬陆鲨 2. 姆克鹰 3. 大竺葵 4. 坚盾剑怪 5. 大狃拉 6. 龙头地鼠 7. 蜈蚣王 8. 索罗亚克 9. 人造细胞卵 10. 麻麻鳗鱼王 | I226: 1. H32/A0/B2/C32/D0/S0 (33.8%) 2. H29/A0/B0/C32/D5/S0 (18.7%) 3. H2/A0/B0/C32/D32/S0 (12%) 4. H31/A0/B0/C32/D0/S3 (9.3%) 5. H20/A32/B0/C0/D2/S12 (5.8%) 6. H2/A0/B0/C32/D0/S32 (4%) 7. H0/A0/B32/C32/D2/S0 (3.1%) 8. H2/A0/B32/C32/D0/S0 (2.2%) 9. H32/A0/B0/C26/D8/S0 (2.2%) 10. H0/A0/B0/C32/D2/S32 (1.8%) | J226: 本期无显著变化 | K226: 1. 冰冻光束 (81.8%) 2. 水炮 (69.8%) 3. 真空波 (52.4%) 4. 打草结 (44.9%) 5. 水流喷射 (40%) | L226: 6. 再来一次 (31.1%) 7. 冲浪 (23.6%) 8. 冰冻之风 (9.3%) 9. 超级角击 (8.4%) 10. 贝壳刃 (8%) | M226: 1. 生命宝珠 (32.9%) 2. 达人带 (21.3%) 3. 黑色眼镜 (13.8%) 4. 讲究围巾 (12.4%) 5. 文柚果 (10.7%) | N226: 6. 罗子果 (2.2%) 7. 神秘水滴 (2.2%) 8. 木子果 (1.8%) 9. 气势披带 (1.8%) 10. 力量头带 (0.4%) | O226: 1. 内敛 +C -A (72.4%) 2. 冷静 +C -S (14.2%) 3. 固执 +A -C (6.7%) 4. 温顺 +D -B (1.8%) | P226: 5. 大胆 +B -A (1.8%) 6. 胆小 +S -A (1.3%) 7. 悠闲 +B -S (1.3%) 8. 乐天 +B -D (0.4%) | Q226: 1. H32/A0/B2/C32/D0/S0 (33.8%) 2. H29/A0/B0/C32/D5/S0 (18.7%) 3. H2/A0/B0/C32/D32/S0 (12%) 4. H31/A0/B0/C32/D0/S3 (9.3%) 5. H20/A32/B0/C0/D2/S12 (5.8%) | R226: 6. H2/A0/B0/C32/D0/S32 (4%) 7. H0/A0/B32/C32/D2/S0 (3.1%) 8. H2/A0/B32/C32/D0/S0 (2.2%) 9. H32/A0/B0/C26/D8/S0 (2.2%) 10. H0/A0/B0/C32/D2/S32 (1.8%) | S226: 1. 烈咬陆鲨 2. 姆克鹰 3. 大竺葵 4. 坚盾剑怪 5. 大狃拉 | T226: 6. 龙头地鼠 7. 蜈蚣王 8. 索罗亚克 9. 人造细胞卵 10. 麻麻鳗鱼王
A227: 226 | B227: 飘浮泡泡 | C227: Castform | D227: 1. 气象球 (72%) 2. 打雷 (69.6%) 3. 暴风 (54.6%) 4. 暴风雪 (54.1%) 5. 瞬间失忆 (19.3%) 6. 防守互换 (19.3%) 7. 日光束 (18.8%) 8. 大字爆炎 (17.4%) 9. 睡觉 (14.5%) 10. 大晴天 (10.1%) | E227: 1. 讲究围巾 (57%) 2. 雷丘进化石Ｙ (19.3%) 3. 气势披带 (12.6%) 4. 大竺葵进化石 (1.4%) 5. 生命宝珠 (1.4%) 6. 吃剩的东西 (1%) 7. 零余果 (0.5%) 8. 文柚果 (0.5%) 9. 光粉 (0.5%) | F227: 1. 阴晴不定 (100%) | G227: 1. 内敛 +C -A (64.3%) 2. 认真 (20.8%) 3. 胆小 +S -A (14%) 4. 冷静 +C -S (0.5%) 5. 温和 +D -A (0.5%) | H227: 1. 班基拉斯 2. 火焰鸡 3. 大竺葵 4. 姆克鹰 5. 龙头地鼠 6. 谜拟丘 7. 暴鲤龙 8. 电肚蛙 9. 铝钢桥龙 10. 霸王花 | I227: 1. H2/A0/B0/C32/D0/S32 (72.5%) 2. H6/A7/B6/C7/D6/S7 (19.3%) 3. H32/A0/B1/C32/D1/S0 (1.9%) 4. H0/A0/B2/C32/D0/S32 (1.4%) 5. H1/A2/B3/C4/D5/S6 (1.4%) 6. H32/A0/B0/C28/D0/S6 (1%) 7. H32/A0/B0/C32/D0/S2 (1%) 8. H0/A0/B2/C32/D32/S0 (0.5%) 9. H16/A0/B5/C32/D0/S13 (0.5%) 10. H32/A0/B2/C0/D32/S0 (0.5%) | J227: 本期无显著变化 | K227: 1. 气象球 (72%) 2. 打雷 (69.6%) 3. 暴风 (54.6%) 4. 暴风雪 (54.1%) 5. 瞬间失忆 (19.3%) | L227: 6. 防守互换 (19.3%) 7. 日光束 (18.8%) 8. 大字爆炎 (17.4%) 9. 睡觉 (14.5%) 10. 大晴天 (10.1%) | M227: 1. 讲究围巾 (57%) 2. 雷丘进化石Ｙ (19.3%) 3. 气势披带 (12.6%) 4. 大竺葵进化石 (1.4%) 5. 生命宝珠 (1.4%) | N227: 6. 吃剩的东西 (1%) 7. 零余果 (0.5%) 8. 文柚果 (0.5%) 9. 光粉 (0.5%) | O227: 1. 内敛 +C -A (64.3%) 2. 认真 (20.8%) 3. 胆小 +S -A (14%) | P227: 4. 冷静 +C -S (0.5%) 5. 温和 +D -A (0.5%) | Q227: 1. H2/A0/B0/C32/D0/S32 (72.5%) 2. H6/A7/B6/C7/D6/S7 (19.3%) 3. H32/A0/B1/C32/D1/S0 (1.9%) 4. H0/A0/B2/C32/D0/S32 (1.4%) 5. H1/A2/B3/C4/D5/S6 (1.4%) | R227: 6. H32/A0/B0/C28/D0/S6 (1%) 7. H32/A0/B0/C32/D0/S2 (1%) 8. H0/A0/B2/C32/D32/S0 (0.5%) 9. H16/A0/B5/C32/D0/S13 (0.5%) 10. H32/A0/B2/C0/D32/S0 (0.5%) | S227: 1. 班基拉斯 2. 火焰鸡 3. 大竺葵 4. 姆克鹰 5. 龙头地鼠 | T227: 6. 谜拟丘 7. 暴鲤龙 8. 电肚蛙 9. 铝钢桥龙 10. 霸王花
A228: 227 | B228: 爆香猿 | C228: Simisear | D228: 1. 喷射火焰 (65.6%) 2. 诡计 (46.9%) 3. 热沙大地 (35%) 4. 岩石封锁 (33.8%) 5. 击掌奇袭 (23.1%) 6. 打草结 (18.1%) 7. 磷火 (16.9%) 8. 挑衅 (16.3%) 9. 闪焰冲锋 (15.6%) 10. 岩崩 (15%) | E228: 1. 光粉 (30%) 2. 生命宝珠 (21.9%) 3. 文柚果 (10.6%) 4. 气势披带 (10.6%) 5. 巨金怪进化石 (10.6%) 6. 木炭 (8.8%) 7. 千香果 (4.4%) 8. 达人带 (1.9%) 9. 狠辣椒进化石 (0.6%) 10. 巨钳螳螂进化石 (0.6%) | F228: 1. 猛火 (79.4%) 2. 贪吃鬼 (20.6%) | G228: 1. 胆小 +S -A (35%) 2. 内敛 +C -A (15.6%) 3. 大胆 +B -A (15.6%) 4. 冷静 +C -S (10.6%) 5. 固执 +A -C (8.1%) 6. 天真 +S -D (6.9%) 7. 爽朗 +S -C (4.4%) 8. 淘气 +B -C (3.1%) 9. 温和 +D -A (0.6%) | H228: 1. 大嘴娃 2. 谜拟丘 3. 火神蛾 4. 月亮伊布 5. 冷水猿 6. 苍炎刃鬼 7. 花椰猿 8. 清洗洛托姆 9. 魔幻假面喵 10. 盔甲鸟 | I228: 1. H2/A0/B0/C32/D0/S32 (38.8%) 2. H0/A0/B32/C32/D2/S0 (15.6%) 3. H2/A32/B0/C0/D0/S32 (11.9%) 4. H0/A0/B0/C0/D0/S0 (10.6%) 5. H0/A0/B0/C32/D0/S32 (5%) 6. H0/A0/B2/C32/D0/S32 (4.4%) 7. H29/A0/B32/C0/D0/S5 (3.1%) 8. H31/A0/B0/C0/D3/S32 (2.5%) 9. H0/A2/B0/C32/D0/S32 (1.9%) 10. H32/A0/B0/C32/D0/S2 (1.9%) | J228: 本期无显著变化 | K228: 1. 喷射火焰 (65.6%) 2. 诡计 (46.9%) 3. 热沙大地 (35%) 4. 岩石封锁 (33.8%) 5. 击掌奇袭 (23.1%) | L228: 6. 打草结 (18.1%) 7. 磷火 (16.9%) 8. 挑衅 (16.3%) 9. 闪焰冲锋 (15.6%) 10. 岩崩 (15%) | M228: 1. 光粉 (30%) 2. 生命宝珠 (21.9%) 3. 文柚果 (10.6%) 4. 气势披带 (10.6%) 5. 巨金怪进化石 (10.6%) | N228: 6. 木炭 (8.8%) 7. 千香果 (4.4%) 8. 达人带 (1.9%) 9. 狠辣椒进化石 (0.6%) 10. 巨钳螳螂进化石 (0.6%) | O228: 1. 胆小 +S -A (35%) 2. 内敛 +C -A (15.6%) 3. 大胆 +B -A (15.6%) 4. 冷静 +C -S (10.6%) 5. 固执 +A -C (8.1%) | P228: 6. 天真 +S -D (6.9%) 7. 爽朗 +S -C (4.4%) 8. 淘气 +B -C (3.1%) 9. 温和 +D -A (0.6%) | Q228: 1. H2/A0/B0/C32/D0/S32 (38.8%) 2. H0/A0/B32/C32/D2/S0 (15.6%) 3. H2/A32/B0/C0/D0/S32 (11.9%) 4. H0/A0/B0/C0/D0/S0 (10.6%) 5. H0/A0/B0/C32/D0/S32 (5%) | R228: 6. H0/A0/B2/C32/D0/S32 (4.4%) 7. H29/A0/B32/C0/D0/S5 (3.1%) 8. H31/A0/B0/C0/D3/S32 (2.5%) 9. H0/A2/B0/C32/D0/S32 (1.9%) 10. H32/A0/B0/C32/D0/S2 (1.9%) | S228: 1. 大嘴娃 2. 谜拟丘 3. 火神蛾 4. 月亮伊布 5. 冷水猿 | T228: 6. 苍炎刃鬼 7. 花椰猿 8. 清洗洛托姆 9. 魔幻假面喵 10. 盔甲鸟
A229: 228 | B229: 雷丘（阿罗拉） | C229: Raichu-Alola | D229: 1. 打草结 (53%) 2. 电力上升 (49.2%) 3. 十万伏特 (43.2%) 4. 精神强念 (41.7%) 5. 电气场地 (31.1%) 6. 魔法闪耀 (18.2%) 7. 魅诱之声 (16.7%) 8. 打雷 (15.9%) 9. 替身 (12.9%) 10. 冲浪 (12.9%) | E229: 1. 气势披带 (37.1%) 2. 生命宝珠 (28%) 3. 讲究围巾 (17.4%) 4. 达人带 (6.8%) 5. 文柚果 (1.5%) | F229: 1. 冲浪之尾 (100%) | G229: 1. 胆小 +S -A (47.7%) 2. 内敛 +C -A (36.4%) 3. 慢吞吞 +C -B (8.3%) 4. 勇敢 +A -S (4.5%) 5. 急躁 +S -B (1.5%) 6. 顽皮 +A -D (0.8%) 7. 大胆 +B -A (0.8%) | H229: 1. 烈咬陆鲨 2. 喷火龙 3. 谜拟丘 4. 魔幻假面喵 5. 快龙 6. 姆克鹰 7. 巨钳螳螂 8. 多龙巴鲁托 9. 火焰鸡 10. 巨金怪 | I229: 1. H2/A0/B0/C32/D0/S32 (61.4%) 2. H0/A0/B2/C32/D0/S32 (18.2%) 3. H0/A0/B0/C32/D2/S32 (11.4%) 4. H0/A32/B0/C0/D0/S0 (4.5%) 5. H0/A0/B7/C32/D0/S27 (1.5%) 6. H9/A0/B0/C32/D0/S25 (1.5%) 7. H2/A0/B32/C32/D0/S0 (0.8%) 8. H2/A32/B0/C0/D0/S32 (0.8%) | J229: 本期无显著变化 | K229: 1. 打草结 (53%) 2. 电力上升 (49.2%) 3. 十万伏特 (43.2%) 4. 精神强念 (41.7%) 5. 电气场地 (31.1%) | L229: 6. 魔法闪耀 (18.2%) 7. 魅诱之声 (16.7%) 8. 打雷 (15.9%) 9. 替身 (12.9%) 10. 冲浪 (12.9%) | M229: 1. 气势披带 (37.1%) 2. 生命宝珠 (28%) 3. 讲究围巾 (17.4%) | N229: 4. 达人带 (6.8%) 5. 文柚果 (1.5%) | O229: 1. 胆小 +S -A (47.7%) 2. 内敛 +C -A (36.4%) 3. 慢吞吞 +C -B (8.3%) 4. 勇敢 +A -S (4.5%) | P229: 5. 急躁 +S -B (1.5%) 6. 顽皮 +A -D (0.8%) 7. 大胆 +B -A (0.8%) | Q229: 1. H2/A0/B0/C32/D0/S32 (61.4%) 2. H0/A0/B2/C32/D0/S32 (18.2%) 3. H0/A0/B0/C32/D2/S32 (11.4%) 4. H0/A32/B0/C0/D0/S0 (4.5%) | R229: 5. H0/A0/B7/C32/D0/S27 (1.5%) 6. H9/A0/B0/C32/D0/S25 (1.5%) 7. H2/A0/B32/C32/D0/S0 (0.8%) 8. H2/A32/B0/C0/D0/S32 (0.8%) | S229: 1. 烈咬陆鲨 2. 喷火龙 3. 谜拟丘 4. 魔幻假面喵 5. 快龙 | T229: 6. 姆克鹰 7. 巨钳螳螂 8. 多龙巴鲁托 9. 火焰鸡 10. 巨金怪
A230: 229 | B230: 泥巴鱼（伽勒尔） | C230: Stunfisk-Galar | D230: 1. 捕兽夹 (85.7%) 2. 哈欠 (76.9%) 3. 地裂 (49%) 4. 隐形岩 (44.9%) 5. 守住 (41.5%) 6. 地震 (27.9%) 7. 大地之力 (12.2%) 8. 铁壁 (10.9%) 9. 分担痛楚 (10.2%) 10. 移花接木 (8.2%) | E230: 1. 吃剩的东西 (55.8%) 2. 文柚果 (32.7%) 3. 木子果 (5.4%) 4. 先制之爪 (4.8%) 5. 心灵香草 (0.7%) 6. 气势披带 (0.7%) | F230: 1. 拟态 (100%) | G230: 1. 慎重 +D -C (32.7%) 2. 悠闲 +B -S (19%) 3. 淘气 +B -C (18.4%) 4. 自大 +D -S (17.7%) 5. 大胆 +B -A (6.1%) 6. 勇敢 +A -S (4.8%) 7. 温和 +D -A (1.4%) | H230: 1. 索罗亚克（洗翠的样子） 2. 魔幻假面喵 3. 骨纹巨声鳄 4. 水伊布 5. 七夕青鸟 6. 谜拟丘 7. 皮可西 8. 冰岩怪 9. 幽尾玄鱼 10. 狠辣椒 | I230: 1. H32/A0/B32/C0/D2/S0 (34.7%) 2. H32/A0/B2/C0/D32/S0 (26.5%) 3. H25/A0/B9/C0/D32/S0 (19%) 4. H31/A0/B3/C0/D32/S0 (4.8%) 5. H32/A32/B2/C0/D0/S0 (4.8%) 6. H0/A32/B32/C0/D2/S0 (3.4%) 7. H31/A3/B0/C0/D32/S0 (2%) 8. H32/A0/B32/C0/D0/S0 (2%) 9. H32/A32/B0/C0/D2/S0 (1.4%) 10. H0/A32/B0/C0/D32/S2 (0.7%) | J230: 本期无显著变化 | K230: 1. 捕兽夹 (85.7%) 2. 哈欠 (76.9%) 3. 地裂 (49%) 4. 隐形岩 (44.9%) 5. 守住 (41.5%) | L230: 6. 地震 (27.9%) 7. 大地之力 (12.2%) 8. 铁壁 (10.9%) 9. 分担痛楚 (10.2%) 10. 移花接木 (8.2%) | M230: 1. 吃剩的东西 (55.8%) 2. 文柚果 (32.7%) 3. 木子果 (5.4%) | N230: 4. 先制之爪 (4.8%) 5. 心灵香草 (0.7%) 6. 气势披带 (0.7%) | O230: 1. 慎重 +D -C (32.7%) 2. 悠闲 +B -S (19%) 3. 淘气 +B -C (18.4%) 4. 自大 +D -S (17.7%) | P230: 5. 大胆 +B -A (6.1%) 6. 勇敢 +A -S (4.8%) 7. 温和 +D -A (1.4%) | Q230: 1. H32/A0/B32/C0/D2/S0 (34.7%) 2. H32/A0/B2/C0/D32/S0 (26.5%) 3. H25/A0/B9/C0/D32/S0 (19%) 4. H31/A0/B3/C0/D32/S0 (4.8%) 5. H32/A32/B2/C0/D0/S0 (4.8%) | R230: 6. H0/A32/B32/C0/D2/S0 (3.4%) 7. H31/A3/B0/C0/D32/S0 (2%) 8. H32/A0/B32/C0/D0/S0 (2%) 9. H32/A32/B0/C0/D2/S0 (1.4%) 10. H0/A32/B0/C0/D32/S2 (0.7%) | S230: 1. 索罗亚克（洗翠的样子） 2. 魔幻假面喵 3. 骨纹巨声鳄 4. 水伊布 5. 七夕青鸟 | T230: 6. 谜拟丘 7. 皮可西 8. 冰岩怪 9. 幽尾玄鱼 10. 狠辣椒
... A236: 235 | B236: 步哨鼠 | C236: Watchog | D236: 1. 剑舞 (87.5%) 2. 终极冲击 (75%) 3. 愤怒门牙 (50%) 4. 黑色目光 (37.5%) 5. 咬碎 (25%) 6. 破坏光线 (25%) 7. 聚气 (12.5%) 8. 替身 (12.5%) 9. 接棒 (12.5%) 10. 恶意追击 (12.5%) | E236: 1. 生命宝珠 (37.5%) 2. 气势披带 (25%) 3. 黑色铁球 (25%) 4. 对焦镜 (12.5%) | F236: 1. 分析 (87.5%) 2. 发光 (12.5%) | G236: 1. 勇敢 +A -S (75%) 2. 大胆 +B -A (12.5%) 3. 淘气 +B -C (12.5%) | H236: 1. 喷火龙 2. 帝王拿波 3. 烈咬陆鲨 | I236: 1. H32/A32/B2/C0/D0/S0 (75%) 2. H32/A0/B32/C0/D0/S2 (12.5%) 3. H32/A17/B17/C0/D0/S0 (12.5%) | J236: 本期无显著变化 | K236: 1. 剑舞 (87.5%) 2. 终极冲击 (75%) 3. 愤怒门牙 (50%) 4. 黑色目光 (37.5%) 5. 咬碎 (25%) | L236: 6. 破坏光线 (25%) 7. 聚气 (12.5%) 8. 替身 (12.5%) 9. 接棒 (12.5%) 10. 恶意追击 (12.5%) | M236: 1. 生命宝珠 (37.5%) 2. 气势披带 (25%) | N236: 3. 黑色铁球 (25%) 4. 对焦镜 (12.5%) | O236: 1. 勇敢 +A -S (75%) 2. 大胆 +B -A (12.5%) | P236: 3. 淘气 +B -C (12.5%) | Q236: 1. H32/A32/B2/C0/D0/S0 (75%) 2. H32/A0/B32/C0/D0/S2 (12.5%) | R236: 3. H32/A17/B17/C0/D0/S0 (12.5%) | S236: 1. 喷火龙 2. 帝王拿波 | T236: 3. 烈咬陆鲨

Sheet 双打
A1: 排名 | B1: 中文名 | C1: 英文名 | D1: 招式 | E1: 道具 | F1: 特性 | G1: 性格 | H1: 队友 | I1: 努力值 | J1: 本期变化 | K1: 招式·1 | L1: 招式·2 | M1: 道具·1 | N1: 道具·2 | O1: 性格·1 | P1: 性格·2 | Q1: 努力值·1 | R1: 努力值·2 | S1: 队友·1 | T1: 队友·2
A2: 1 | B2: 仆刀将军 | C2: Kingambit | D2: 1. 突袭 (99.5%) 2. 仆刀 (98.4%) 3. 铁头 (71.9%) 4. 守住 (63.1%) 5. 踢倒 (41.1%) 6. 剑舞 (22.5%) 7. 劈瓦 (2.1%) 8. 下盘踢 (0.2%) 9. 快速防守 (0.2%) 10. 尖石攻击 (0.2%) | E2: 1. 黑色眼镜 (38.1%) 2. 气势披带 (25.7%) 3. 莲蒲果 (20.4%) 4. 生命宝珠 (9.2%) 5. 巧可果 (5%) 6. 文柚果 (0.3%) 7. 达人带 (0.2%) 8. 吃剩的东西 (0.2%) 9. 力量头带 (0.2%) 10. 先制之爪 (0.1%) | F2: 1. 不服输 (96.8%) 2. 大将 (3.2%) 3. 压迫感 (0.1%) | G2: 1. 固执 +A -C (87.4%) 2. 勇敢 +A -S (9.8%) 3. 爽朗 +S -C (1.9%) 4. 淘气 +B -C (0.2%) 5. 顽皮 +A -D (0.2%) 6. 慎重 +D -C (0.1%) 7. 悠闲 +B -S (0.1%) 8. 怕寂寞 +A -B (0.1%) 9. 自大 +D -S (0.1%) 10. 认真 (0%) | H2: 1. 烈咬陆鲨 2. 喷火龙 3. 仙子伊布 4. 化石翼龙 5. 幽尾玄鱼 6. 炽焰咆哮虎 7. 大狃拉 8. 奇麒麟 9. 风妖精 10. 来悲粗茶 | I2: 1. H32/A32/B0/C0/D2/S0 (12.7%) 2. H2/A32/B0/C0/D0/S32 (10.1%) 3. H32/A7/B0/C0/D27/S0 (9.5%) 4. H32/A32/B2/C0/D0/S0 (7.3%) 5. H32/A32/B0/C0/D0/S2 (6%) 6. H13/A25/B1/C0/D1/S26 (4.7%) 7. H32/A32/B0/C0/D1/S1 (4.3%) 8. H25/A25/B0/C0/D0/S16 (2.8%) 9. H24/A31/B1/C0/D1/S9 (2.2%) 10. H1/A32/B0/C0/D1/S32 (1.8%) | J2: 本期无显著变化 | K2: 1. 突袭 (99.5%) 2. 仆刀 (98.4%) 3. 铁头 (71.9%) 4. 守住 (63.1%) 5. 踢倒 (41.1%) | L2: 6. 剑舞 (22.5%) 7. 劈瓦 (2.1%) 8. 下盘踢 (0.2%) 9. 快速防守 (0.2%) 10. 尖石攻击 (0.2%) | M2: 1. 黑色眼镜 (38.1%) 2. 气势披带 (25.7%) 3. 莲蒲果 (20.4%) 4. 生命宝珠 (9.2%) 5. 巧可果 (5%) | N2: 6. 文柚果 (0.3%) 7. 达人带 (0.2%) 8. 吃剩的东西 (0.2%) 9. 力量头带 (0.2%) 10. 先制之爪 (0.1%) | O2: 1. 固执 +A -C (87.4%) 2. 勇敢 +A -S (9.8%) 3. 爽朗 +S -C (1.9%) 4. 淘气 +B -C (0.2%) 5. 顽皮 +A -D (0.2%) | P2: 6. 慎重 +D -C (0.1%) 7. 悠闲 +B -S (0.1%) 8. 怕寂寞 +A -B (0.1%) 9. 自大 +D -S (0.1%) 10. 认真 (0%) | Q2: 1. H32/A32/B0/C0/D2/S0 (12.7%) 2. H2/A32/B0/C0/D0/S32 (10.1%) 3. H32/A7/B0/C0/D27/S0 (9.5%) 4. H32/A32/B2/C0/D0/S0 (7.3%) 5. H32/A32/B0/C0/D0/S2 (6%) | R2: 6. H13/A25/B1/C0/D1/S26 (4.7%) 7. H32/A32/B0/C0/D1/S1 (4.3%) 8. H25/A25/B0/C0/D0/S16 (2.8%) 9. H24/A31/B1/C0/D1/S9 (2.2%) 10. H1/A32/B0/C0/D1/S32 (1.8%) | S2: 1. 烈咬陆鲨 2. 喷火龙 3. 仙子伊布 4. 化石翼龙 5. 幽尾玄鱼 | T2: 6. 炽焰咆哮虎 7. 大狃拉 8. 奇麒麟 9. 风妖精 10. 来悲粗茶
A3: 2 | B3: 烈咬陆鲨 | C3: Garchomp | D3: 1. 龙爪 (90.5%) 2. 地震 (86.5%) 3. 守住 (80.3%) 4. 岩崩 (78%) 5. 跺脚 (38%) 6. 毒击 (10.8%) 7. 龙尾 (4.4%) 8. 岩石封锁 (3.2%) 9. 铁头 (1.9%) 10. 鳞射 (1.1%) | E3: 1. 生命宝珠 (70%) 2. 文柚果 (9.9%) 3. 讲究围巾 (9.1%) 4. 洛玫果 (3.9%) 5. 柔软沙子 (1.2%) 6. 烈咬陆鲨进化石 (0.9%) 7. 莓榴果 (0.8%) 8. 气势披带 (0.8%) 9. 达人带 (0.6%) 10. 木子果 (0.5%) | F3: 1. 粗糙皮肤 (99%) 2. 沙隐 (1%) | G3: 1. 爽朗 +S -C (73%) 2. 固执 +A -C (25.7%) 3. 勇敢 +A -S (0.5%) 4. 慎重 +D -C (0.2%) 5. 淘气 +B -C (0.1%) 6. 内敛 +C -A (0.1%) 7. 急躁 +S -B (0.1%) 8. 胆小 +S -A (0.1%) 9. 天真 +S -D (0.1%) 10. 顽皮 +A -D (0%) | H3: 1. 喷火龙 2. 仆刀将军 3. 仙子伊布 4. 风妖精 5. 化石翼龙 6. 幽尾玄鱼 7. 奇麒麟 8. 炽焰咆哮虎 9. 花叶蒂（永恒之花） 10. 姆克鹰 | I3: 1. H2/A32/B0/C0/D0/S32 (45%) 2. H0/A32/B1/C0/D1/S32 (6.3%) 3. H0/A32/B2/C0/D0/S32 (4.7%) 4. H0/A27/B7/C0/D0/S32 (4.1%) 5. H32/A12/B9/C0/D4/S9 (2.6%) 6. H0/A32/B0/C0/D2/S32 (2.6%) 7. H6/A25/B3/C0/D0/S32 (2.3%) 8. H14/A20/B0/C0/D0/S32 (2%) 9. H0/A30/B4/C0/D0/S32 (1.9%) 10. H6/A28/B0/C0/D0/S32 (1.5%) | J3: 本期无显著变化 | K3: 1. 龙爪 (90.5%) 2. 地震 (86.5%) 3. 守住 (80.3%) 4. 岩崩 (78%) 5. 跺脚 (38%) | L3: 6. 毒击 (10.8%) 7. 龙尾 (4.4%) 8. 岩石封锁 (3.2%) 9. 铁头 (1.9%) 10. 鳞射 (1.1%) | M3: 1. 生命宝珠 (70%) 2. 文柚果 (9.9%) 3. 讲究围巾 (9.1%) 4. 洛玫果 (3.9%) 5. 柔软沙子 (1.2%) | N3: 6. 烈咬陆鲨进化石 (0.9%) 7. 莓榴果 (0.8%) 8. 气势披带 (0.8%) 9. 达人带 (0.6%) 10. 木子果 (0.5%) | O3: 1. 爽朗 +S -C (73%) 2. 固执 +A -C (25.7%) 3. 勇敢 +A -S (0.5%) 4. 慎重 +D -C (0.2%) 5. 淘气 +B -C (0.1%) | P3: 6. 内敛 +C -A (0.1%) 7. 急躁 +S -B (0.1%) 8. 胆小 +S -A (0.1%) 9. 天真 +S -D (0.1%) 10. 顽皮 +A -D (0%) | Q3: 1. H2/A32/B0/C0/D0/S32 (45%) 2. H0/A32/B1/C0/D1/S32 (6.3%) 3. H0/A32/B2/C0/D0/S32 (4.7%) 4. H0/A27/B7/C0/D0/S32 (4.1%) 5. H32/A12/B9/C0/D4/S9 (2.6%) | R3: 6. H0/A32/B0/C0/D2/S32 (2.6%) 7. H6/A25/B3/C0/D0/S32 (2.3%) 8. H14/A20/B0/C0/D0/S32 (2%) 9. H0/A30/B4/C0/D0/S32 (1.9%) 10. H6/A28/B0/C0/D0/S32 (1.5%) | S3: 1. 喷火龙 2. 仆刀将军 3. 仙子伊布 4. 风妖精 5. 化石翼龙 | T3: 6. 幽尾玄鱼 7. 奇麒麟 8. 炽焰咆哮虎 9. 花叶蒂（永恒之花） 10. 姆克鹰
A4: 3 | B4: 炽焰咆哮虎 | C4: Incineroar | D4: 1. 击掌奇袭 (99.5%) 2. 闪焰冲锋 (93%) 3. 抛下狠话 (89.9%) 4. ＤＤ金勾臂 (42.2%) 5. 深渊突刺 (33.4%) 6. 帮助 (13.8%) 7. 守住 (11.2%) 8. 近身战 (7.6%) 9. 挑衅 (3.9%) 10. 磷火 (1.8%) | E4: 1. 文柚果 (68.4%) 2. 千香果 (9.8%) 3. 莲蒲果 (5.5%) 4. 生命宝珠 (4.5%) 5. 吃剩的东西 (3%) 6. 白色香草 (3%) 7. 木炭 (2.9%) 8. 腰木果 (1.2%) 9. 达人带 (0.3%) 10. 光粉 (0.2%) | F4: 1. 威吓 (99.7%) 2. 猛火 (0.3%) | G4: 1. 慎重 +D -C (37%) 2. 淘气 +B -C (27.7%) 3. 固执 +A -C (15.2%) 4. 勇敢 +A -S (9.8%) 5. 自大 +D -S (5.1%) 6. 悠闲 +B -S (3.4%) 7. 爽朗 +S -C (1%) 8. 大胆 +B -A (0.3%) 9. 温和 +D -A (0.2%) 10. 顽皮 +A -D (0.1%) | H4: 1. 来悲粗茶 2. 仆刀将军 3. 大狃拉 4. 烈咬陆鲨 5. 喷火龙 6. 妖火红狐 7. 水箭龟 8. 仙子伊布 9. 奇麒麟 10. 化石翼龙 | I4: 1. H32/A0/B1/C0/D10/S23 (11.8%) 2. H32/A0/B32/C0/D2/S0 (6.5%) 3. H32/A0/B14/C0/D20/S0 (5.7%) 4. H32/A32/B2/C0/D0/S0 (3.2%) 5. H32/A32/B0/C0/D0/S2 (3.1%) 6. H32/A32/B0/C0/D2/S0 (2.9%) 7. H31/A0/B15/C0/D20/S0 (2.5%) 8. H32/A0/B20/C0/D14/S0 (2.4%) 9. H32/A0/B14/C0/D16/S4 (2.1%) 10. H32/A0/B10/C0/D14/S10 (1.8%) | J4: 本期无显著变化 | K4: 1. 击掌奇袭 (99.5%) 2. 闪焰冲锋 (93%) 3. 抛下狠话 (89.9%) 4. ＤＤ金勾臂 (42.2%) 5. 深渊突刺 (33.4%) | L4: 6. 帮助 (13.8%) 7. 守住 (11.2%) 8. 近身战 (7.6%) 9. 挑衅 (3.9%) 10. 磷火 (1.8%) | M4: 1. 文柚果 (68.4%) 2. 千香果 (9.8%) 3. 莲蒲果 (5.5%) 4. 生命宝珠 (4.5%) 5. 吃剩的东西 (3%) | N4: 6. 白色香草 (3%) 7. 木炭 (2.9%) 8. 腰木果 (1.2%) 9. 达人带 (0.3%) 10. 光粉 (0.2%) | O4: 1. 慎重 +D -C (37%) 2. 淘气 +B -C (27.7%) 3. 固执 +A -C (15.2%) 4. 勇敢 +A -S (9.8%) 5. 自大 +D -S (5.1%) | P4: 6. 悠闲 +B -S (3.4%) 7. 爽朗 +S -C (1%) 8. 大胆 +B -A (0.3%) 9. 温和 +D -A (0.2%) 10. 顽皮 +A -D (0.1%) | Q4: 1. H32/A0/B1/C0/D10/S23 (11.8%) 2. H32/A0/B32/C0/D2/S0 (6.5%) 3. H32/A0/B14/C0/D20/S0 (5.7%) 4. H32/A32/B2/C0/D0/S0 (3.2%) 5. H32/A32/B0/C0/D0/S2 (3.1%) | R4: 6. H32/A32/B0/C0/D2/S0 (2.9%) 7. H31/A0/B15/C0/D20/S0 (2.5%) 8. H32/A0/B20/C0/D14/S0 (2.4%) 9. H32/A0/B14/C0/D16/S4 (2.1%) 10. H32/A0/B10/C0/D14/S10 (1.8%) | S4: 1. 来悲粗茶 2. 仆刀将军 3. 大狃拉 4. 烈咬陆鲨 5. 喷火龙 | T4: 6. 妖火红狐 7. 水箭龟 8. 仙子伊布 9. 奇麒麟 10. 化石翼龙
A5: 4 | B5: 喷火龙 | C5: Charizard | D5: 1. 守住 (98.6%) 2. 热风 (98%) 3. 日光束 (90.1%) 4. 气象球 (86.9%) 5. 帮助 (5.4%) 6. 原始之力 (4.9%) 7. 空气之刃 (4.3%) 8. 龙爪 (1.5%) 9. 闪焰冲锋 (1.3%) 10. 过热 (1.3%) | E5: 1. 喷火龙进化石Ｙ (98%) 2. 喷火龙进化石Ｘ (1.5%) 3. 木炭 (0.2%) 4. 讲究围巾 (0.1%) 5. 气势披带 (0%) 6. 生命宝珠 (0%) 7. 广角镜 (0%) 8. 博识眼镜 (0%) 9. 草蚕果 (0%) 10. 白色香草 (0%) | F5: 1. 猛火 (84.7%) 2. 太阳之力 (15.3%) | G5: 1. 内敛 +C -A (82.1%) 2. 胆小 +S -A (14.5%) 3. 固执 +A -C (1.5%) 4. 大胆 +B -A (0.8%) 5. 冷静 +C -S (0.6%) 6. 爽朗 +S -C (0.3%) 7. 天真 +S -D (0.1%) 8. 慢吞吞 +C -B (0.1%) 9. 急躁 +S -B (0%) 10. 顽皮 +A -D (0%) | H5: 1. 烈咬陆鲨 2. 仆刀将军 3. 仙子伊布 4. 风妖精 5. 化石翼龙 6. 幽尾玄鱼 7. 奇麒麟 8. 炽焰咆哮虎 9. 花叶蒂（永恒之花） 10. 妙蛙花 | I5: 1. H2/A0/B0/C32/D0/S32 (17%) 2. H24/A0/B16/C9/D0/S17 (6.9%) 3. H30/A0/B31/C1/D0/S4 (4.7%) 4. H16/A0/B18/C11/D0/S21 (3.7%) 5. H20/A0/B29/C1/D0/S16 (3.6%) 6. H0/A0/B2/C32/D0/S32 (3.6%) 7. H30/A0/B30/C1/D0/S5 (3.2%) 8. H25/A0/B25/C3/D0/S13 (2.1%) 9. H28/A0/B27/C11/D0/S0 (2%) 10. H20/A0/B18/C4/D0/S24 (1.9%) | J5: 本期无显著变化 | K5: 1. 守住 (98.6%) 2. 热风 (98%) 3. 日光束 (90.1%) 4. 气象球 (86.9%) 5. 帮助 (5.4%) | L5: 6. 原始之力 (4.9%) 7. 空气之刃 (4.3%) 8. 龙爪 (1.5%) 9. 闪焰冲锋 (1.3%) 10. 过热 (1.3%) | M5: 1. 喷火龙进化石Ｙ (98%) 2. 喷火龙进化石Ｘ (1.5%) 3. 木炭 (0.2%) 4. 讲究围巾 (0.1%) 5. 气势披带 (0%) | N5: 6. 生命宝珠 (0%) 7. 广角镜 (0%) 8. 博识眼镜 (0%) 9. 草蚕果 (0%) 10. 白色香草 (0%) | O5: 1. 内敛 +C -A (82.1%) 2. 胆小 +S -A (14.5%) 3. 固执 +A -C (1.5%) 4. 大胆 +B -A (0.8%) 5. 冷静 +C -S (0.6%) | P5: 6. 爽朗 +S -C (0.3%) 7. 天真 +S -D (0.1%) 8. 慢吞吞 +C -B (0.1%) 9. 急躁 +S -B (0%) 10. 顽皮 +A -D (0%) | Q5: 1. H2/A0/B0/C32/D0/S32 (17%) 2. H24/A0/B16/C9/D0/S17 (6.9%) 3. H30/A0/B31/C1/D0/S4 (4.7%) 4. H16/A0/B18/C11/D0/S21 (3.7%) 5. H20/A0/B29/C1/D0/S16 (3.6%) | R5: 6. H0/A0/B2/C32/D0/S32 (3.6%) 7. H30/A0/B30/C1/D0/S5 (3.2%) 8. H25/A0/B25/C3/D0/S13 (2.1%) 9. H28/A0/B27/C11/D0/S0 (2%) 10. H20/A0/B18/C4/D0/S24 (1.9%) | S5: 1. 烈咬陆鲨 2. 仆刀将军 3. 仙子伊布 4. 风妖精 5. 化石翼龙 | T5: 6. 幽尾玄鱼 7. 奇麒麟 8. 炽焰咆哮虎 9. 花叶蒂（永恒之花） 10. 妙蛙花
A6: 5 | B6: 奇麒麟 | C6: Farigiraf | D6: 1. 戏法空间 (96.8%) 2. 十万伏特 (64.5%) 3. 精神强念 (55.2%) 4. 帮助 (45.7%) 5. 守住 (36.8%) 6. 双光束 (24.8%) 7. 巨声 (11.5%) 8. 封印 (9.9%) 9. 吼叫 (8.2%) 10. 精神之牙 (6.2%) | E6: 1. 文柚果 (70.1%) 2. 刺耳果 (19.9%) 3. 心灵香草 (3.1%) 4. 吃剩的东西 (2.4%) 5. 气势披带 (1.8%) 6. 生命宝珠 (0.8%) 7. 木子果 (0.3%) 8. 弯曲的汤匙 (0.2%) 9. 丝绸围巾 (0.2%) 10. 光之黏土 (0.2%) | F6: 1. 尾甲 (99.6%) 2. 食草 (0.2%) 3. 反刍 (0.2%) | G6: 1. 大胆 +B -A (32.2%) 2. 悠闲 +B -S (23.8%) 3. 冷静 +C -S (16.7%) 4. 内敛 +C -A (10.7%) 5. 自大 +D -S (9.1%) 6. 温和 +D -A (6.5%) 7. 胆小 +S -A (0.5%) 8. 淘气 +B -C (0.2%) 9. 慎重 +D -C (0.1%) 10. 慢吞吞 +C -B (0.1%) | H6: 1. 仙子伊布 2. 仆刀将军 3. 烈咬陆鲨 4. 喷火龙 5. 煤炭龟 6. 化石翼龙 7. 炽焰咆哮虎 8. 大嘴娃 9. 幽尾玄鱼 10. 风妖精 | I6: 1. H25/A0/B26/C0/D15/S0 (8.5%) 2. H17/A0/B19/C10/D20/S0 (5.5%) 3. H27/A0/B21/C0/D18/S0 (4.2%) 4. H32/A0/B20/C0/D14/S0 (3.5%) 5. H32/A0/B32/C0/D2/S0 (2.6%) 6. H29/A0/B27/C2/D8/S0 (2%) 7. H32/A0/B2/C32/D0/S0 (1.9%) 8. H29/A0/B16/C10/D11/S0 (1.8%) 9. H31/A0/B14/C13/D8/S0 (1.7%) 10. H18/A0/B30/C0/D18/S0 (1.7%) | J6: 本期无显著变化 | K6: 1. 戏法空间 (96.8%) 2. 十万伏特 (64.5%) 3. 精神强念 (55.2%) 4. 帮助 (45.7%) 5. 守住 (36.8%) | L6: 6. 双光束 (24.8%) 7. 巨声 (11.5%) 8. 封印 (9.9%) 9. 吼叫 (8.2%) 10. 精神之牙 (6.2%) | M6: 1. 文柚果 (70.1%) 2. 刺耳果 (19.9%) 3. 心灵香草 (3.1%) 4. 吃剩的东西 (2.4%) 5. 气势披带 (1.8%) | N6: 6. 生命宝珠 (0.8%) 7. 木子果 (0.3%) 8. 弯曲的汤匙 (0.2%) 9. 丝绸围巾 (0.2%) 10. 光之黏土 (0.2%) | O6: 1. 大胆 +B -A (32.2%) 2. 悠闲 +B -S (23.8%) 3. 冷静 +C -S (16.7%) 4. 内敛 +C -A (10.7%) 5. 自大 +D -S (9.1%) | P6: 6. 温和 +D -A (6.5%) 7. 胆小 +S -A (0.5%) 8. 淘气 +B -C (0.2%) 9. 慎重 +D -C (0.1%) 10. 慢吞吞 +C -B (0.1%) | Q6: 1. H25/A0/B26/C0/D15/S0 (8.5%) 2. H17/A0/B19/C10/D20/S0 (5.5%) 3. H27/A0/B21/C0/D18/S0 (4.2%) 4. H32/A0/B20/C0/D14/S0 (3.5%) 5. H32/A0/B32/C0/D2/S0 (2.6%) | R6: 6. H29/A0/B27/C2/D8/S0 (2%) 7. H32/A0/B2/C32/D0/S0 (1.9%) 8. H29/A0/B16/C10/D11/S0 (1.8%) 9. H31/A0/B14/C13/D8/S0 (1.7%) 10. H18/A0/B30/C0/D18/S0 (1.7%) | S6: 1. 仙子伊布 2. 仆刀将军 3. 烈咬陆鲨 4. 喷火龙 5. 煤炭龟 | T6: 6. 化石翼龙 7. 炽焰咆哮虎 8. 大嘴娃 9. 幽尾玄鱼 10. 风妖精
A7: 6 | B7: 来悲粗茶 | C7: Sinistcha | D7: 1. 刷刷茶炮 (98.6%) 2. 愤怒粉 (98.1%) 3. 守住 (69.9%) 4. 戏法空间 (65.9%) 5. 生命水滴 (43.3%) 6. 暗影球 (10.5%) 7. 吸取力量 (6.6%) 8. 封印 (3.6%) 9. 飞叶风暴 (0.7%) 10. 自我暗示 (0.6%) | E7: 1. 佛柑果 (38.8%) 2. 文柚果 (20.5%) 3. 刺耳果 (14.4%) 4. 吃剩的东西 (7.2%) 5. 巧可果 (7.1%) 6. 棱瓜果 (6.1%) 7. 气势披带 (2.7%) 8. 大根茎 (1%) 9. 光粉 (0.9%) 10. 奇迹种子 (0.3%) | F7: 1. 款待 (99.3%) 2. 耐热 (0.7%) | G7: 1. 大胆 +B -A (54.8%) 2. 温和 +D -A (18.6%) 3. 悠闲 +B -S (14.8%) 4. 自大 +D -S (4.4%) 5. 内敛 +C -A (4.4%) 6. 冷静 +C -S (2.2%) 7. 胆小 +S -A (0.5%) 8. 淘气 +B -C (0.1%) 9. 温顺 +D -B (0%) 10. 爽朗 +S -C (0%) | H7: 1. 炽焰咆哮虎 2. 大狃拉 3. 仆刀将军 4. 妖火红狐 5. 水箭龟 6. 铝钢桥龙 7. 大嘴鸥 8. 长毛巨魔 9. 巨沼怪 10. 花叶蒂（永恒之花） | I7: 1. H32/A0/B4/C0/D30/S0 (32.1%) 2. H32/A0/B14/C0/D20/S0 (13.9%) 3. H32/A0/B2/C0/D32/S0 (4.1%) 4. H31/A0/B14/C0/D21/S0 (2.8%) 5. H32/A0/B24/C0/D10/S0 (2.6%) 6. H32/A0/B16/C0/D18/S0 (2.1%) 7. H32/A0/B32/C0/D2/S0 (1.9%) 8. H31/A0/B7/C0/D28/S0 (1.6%) 9. H29/A0/B15/C0/D22/S0 (1.4%) 10. H31/A0/B15/C0/D20/S0 (1.4%) | J7: 本期无显著变化 | K7: 1. 刷刷茶炮 (98.6%) 2. 愤怒粉 (98.1%) 3. 守住 (69.9%) 4. 戏法空间 (65.9%) 5. 生命水滴 (43.3%) | L7: 6. 暗影球 (10.5%) 7. 吸取力量 (6.6%) 8. 封印 (3.6%) 9. 飞叶风暴 (0.7%) 10. 自我暗示 (0.6%) | M7: 1. 佛柑果 (38.8%) 2. 文柚果 (20.5%) 3. 刺耳果 (14.4%) 4. 吃剩的东西 (7.2%) 5. 巧可果 (7.1%) | N7: 6. 棱瓜果 (6.1%) 7. 气势披带 (2.7%) 8. 大根茎 (1%) 9. 光粉 (0.9%) 10. 奇迹种子 (0.3%) | O7: 1. 大胆 +B -A (54.8%) 2. 温和 +D -A (18.6%) 3. 悠闲 +B -S (14.8%) 4. 自大 +D -S (4.4%) 5. 内敛 +C -A (4.4%) | P7: 6. 冷静 +C -S (2.2%) 7. 胆小 +S -A (0.5%) 8. 淘气 +B -C (0.1%) 9. 温顺 +D -B (0%) 10. 爽朗 +S -C (0%) | Q7: 1. H32/A0/B4/C0/D30/S0 (32.1%) 2. H32/A0/B14/C0/D20/S0 (13.9%) 3. H32/A0/B2/C0/D32/S0 (4.1%) 4. H31/A0/B14/C0/D21/S0 (2.8%) 5. H32/A0/B24/C0/D10/S0 (2.6%) | R7: 6. H32/A0/B16/C0/D18/S0 (2.1%) 7. H32/A0/B32/C0/D2/S0 (1.9%) 8. H31/A0/B7/C0/D28/S0 (1.6%) 9. H29/A0/B15/C0/D22/S0 (1.4%) 10. H31/A0/B15/C0/D20/S0 (1.4%) | S7: 1. 炽焰咆哮虎 2. 大狃拉 3. 仆刀将军 4. 妖火红狐 5. 水箭龟 | T7: 6. 铝钢桥龙 7. 大嘴鸥 8. 长毛巨魔 9. 巨沼怪 10. 花叶蒂（永恒之花）
A8: 7 | B8: 幽尾玄鱼 | C8: Basculegion | D8: 1. 扫墓 (100%) 2. 水流喷射 (95.6%) 3. 波动冲 (85.7%) 4. 守住 (60.9%) 5. 快速折返 (36.8%) 6. 水流裂破 (13.4%) 7. 精神之牙 (2.5%) 8. 浸水 (0.8%) 9. 冰冻牙 (0.8%) 10. 双刃头锤 (0.7%) | E8: 1. 讲究围巾 (37.8%) 2. 神秘水滴 (21.1%) 3. 气势披带 (16.5%) 4. 生命宝珠 (14.6%) 5. 文柚果 (7.6%) 6. 刺耳果 (1%) 7. 咒术之符 (0.3%) 8. 佛柑果 (0.2%) 9. 力量头带 (0.2%) 10. 先制之爪 (0.1%) | F8: 1. 适应力 (94.8%) 2. 悠游自如 (5.1%) 3. 破格 (0.1%) | G8: 1. 固执 +A -C (58%) 2. 爽朗 +S -C (37.9%) 3. 勇敢 +A -S (3.2%) 4. 天真 +S -D (0.2%) 5. 怕寂寞 +A -B (0.1%) 6. 顽皮 +A -D (0.1%) 7. 急躁 +S -B (0.1%) 8. 慎重 +D -C (0.1%) 9. 淘气 +B -C (0.1%) 10. 认真 (0%) | H8: 1. 仆刀将军 2. 烈咬陆鲨 3. 风妖精 4. 喷火龙 5. 花叶蒂（永恒之花） 6. 仙子伊布 7. 大狃拉 8. 奇麒麟 9. 化石翼龙 10. 炽焰咆哮虎 | I8: 1. H2/A32/B0/C0/D0/S32 (30.7%) 2. H0/A32/B2/C0/D0/S32 (21%) 3. H0/A18/B30/C0/D0/S18 (2.8%) 4. H32/A32/B2/C0/D0/S0 (2.8%) 5. H0/A32/B0/C0/D2/S32 (2.5%) 6. H0/A32/B1/C0/D1/S32 (2.5%) 7. H4/A31/B11/C0/D0/S20 (2.4%) 8. H0/A20/B14/C0/D0/S32 (1.5%) 9. H0/A28/B13/C0/D0/S25 (1.2%) 10. H0/A32/B0/C0/D0/S32 (1.2%) | J8: 本期无显著变化 | K8: 1. 扫墓 (100%) 2. 水流喷射 (95.6%) 3. 波动冲 (85.7%) 4. 守住 (60.9%) 5. 快速折返 (36.8%) | L8: 6. 水流裂破 (13.4%) 7. 精神之牙 (2.5%) 8. 浸水 (0.8%) 9. 冰冻牙 (0.8%) 10. 双刃头锤 (0.7%) | M8: 1. 讲究围巾 (37.8%) 2. 神秘水滴 (21.1%) 3. 气势披带 (16.5%) 4. 生命宝珠 (14.6%) 5. 文柚果 (7.6%) | N8: 6. 刺耳果 (1%) 7. 咒术之符 (0.3%) 8. 佛柑果 (0.2%) 9. 力量头带 (0.2%) 10. 先制之爪 (0.1%) | O8: 1. 固执 +A -C (58%) 2. 爽朗 +S -C (37.9%) 3. 勇敢 +A -S (3.2%) 4. 天真 +S -D (0.2%) 5. 怕寂寞 +A -B (0.1%) | P8: 6. 顽皮 +A -D (0.1%) 7. 急躁 +S -B (0.1%) 8. 慎重 +D -C (0.1%) 9. 淘气 +B -C (0.1%) 10. 认真 (0%) | Q8: 1. H2/A32/B0/C0/D0/S32 (30.7%) 2. H0/A32/B2/C0/D0/S32 (21%) 3. H0/A18/B30/C0/D0/S18 (2.8%) 4. H32/A32/B2/C0/D0/S0 (2.8%) 5. H0/A32/B0/C0/D2/S32 (2.5%) | R8: 6. H0/A32/B1/C0/D1/S32 (2.5%) 7. H4/A31/B11/C0/D0/S20 (2.4%) 8. H0/A20/B14/C0/D0/S32 (1.5%) 9. H0/A28/B13/C0/D0/S25 (1.2%) 10. H0/A32/B0/C0/D0/S32 (1.2%) | S8: 1. 仆刀将军 2. 烈咬陆鲨 3. 风妖精 4. 喷火龙 5. 花叶蒂（永恒之花） | T8: 6. 仙子伊布 7. 大狃拉 8. 奇麒麟 9. 化石翼龙 10. 炽焰咆哮虎
A9: 8 | B9: 仙子伊布 | C9: Sylveon | D9: 1. 巨声 (99.9%) 2. 电光一闪 (85.2%) 3. 破坏光线 (78%) 4. 看穿 (68.8%) 5. 守住 (29.7%) 6. 哈欠 (10.7%) 7. 月亮之力 (8.5%) 8. 冥想 (6.2%) 9. 魔法火焰 (2.7%) 10. 暗影球 (2%) | E9: 1. 妖精之羽 (92.8%) 2. 生命宝珠 (3.2%) 3. 气势披带 (1.3%) 4. 吃剩的东西 (0.9%) 5. 文柚果 (0.6%) 6. 先制之爪 (0.4%) 7. 讲究围巾 (0.4%) 8. 博识眼镜 (0.1%) 9. 霹霹果 (0.1%) 10. 节拍器 (0.1%) | F9: 1. 妖精皮肤 (99.9%) 2. 迷人之躯 (0.1%) | G9: 1. 内敛 +C -A (83.2%) 2. 冷静 +C -S (13.2%) 3. 胆小 +S -A (2.3%) 4. 大胆 +B -A (0.9%) 5. 温和 +D -A (0.1%) 6. 慢吞吞 +C -B (0.1%) 7. 悠闲 +B -S (0.1%) 8. 自大 +D -S (0.1%) 9. 马虎 +C -D (0%) 10. 温顺 +D -B (0%) | H9: 1. 烈咬陆鲨 2. 喷火龙 3. 仆刀将军 4. 化石翼龙 5. 奇麒麟 6. 炽焰咆哮虎 7. 幽尾玄鱼 8. 风妖精 9. 煤炭龟 10. 妙蛙花 | I9: 1. H32/A0/B2/C32/D0/S0 (8.9%) 2. H18/A0/B10/C21/D0/S17 (8.2%) 3. H5/A0/B21/C30/D0/S10 (5.4%) 4. H9/A0/B22/C30/D0/S5 (4.6%) 5. H32/A0/B0/C32/D0/S2 (3.7%) 6. H9/A0/B22/C25/D0/S10 (3.4%) 7. H9/A0/B22/C20/D0/S15 (3.3%) 8. H7/A0/B22/C26/D0/S11 (2.8%) 9. H19/A0/B32/C10/D0/S5 (2.3%) 10. H10/A0/B15/C30/D0/S11 (2.3%) | J9: 本期无显著变化 | K9: 1. 巨声 (99.9%) 2. 电光一闪 (85.2%) 3. 破坏光线 (78%) 4. 看穿 (68.8%) 5. 守住 (29.7%) | L9: 6. 哈欠 (10.7%) 7. 月亮之力 (8.5%) 8. 冥想 (6.2%) 9. 魔法火焰 (2.7%) 10. 暗影球 (2%) | M9: 1. 妖精之羽 (92.8%) 2. 生命宝珠 (3.2%) 3. 气势披带 (1.3%) 4. 吃剩的东西 (0.9%) 5. 文柚果 (0.6%) | N9: 6. 先制之爪 (0.4%) 7. 讲究围巾 (0.4%) 8. 博识眼镜 (0.1%) 9. 霹霹果 (0.1%) 10. 节拍器 (0.1%) | O9: 1. 内敛 +C -A (83.2%) 2. 冷静 +C -S (13.2%) 3. 胆小 +S -A (2.3%) 4. 大胆 +B -A (0.9%) 5. 温和 +D -A (0.1%) | P9: 6. 慢吞吞 +C -B (0.1%) 7. 悠闲 +B -S (0.1%) 8. 自大 +D -S (0.1%) 9. 马虎 +C -D (0%) 10. 温顺 +D -B (0%) | Q9: 1. H32/A0/B2/C32/D0/S0 (8.9%) 2. H18/A0/B10/C21/D0/S17 (8.2%) 3. H5/A0/B21/C30/D0/S10 (5.4%) 4. H9/A0/B22/C30/D0/S5 (4.6%) 5. H32/A0/B0/C32/D0/S2 (3.7%) | R9: 6. H9/A0/B22/C25/D0/S10 (3.4%) 7. H9/A0/B22/C20/D0/S15 (3.3%) 8. H7/A0/B22/C26/D0/S11 (2.8%) 9. H19/A0/B32/C10/D0/S5 (2.3%) 10. H10/A0/B15/C30/D0/S11 (2.3%) | S9: 1. 烈咬陆鲨 2. 喷火龙 3. 仆刀将军 4. 化石翼龙 5. 奇麒麟 | T9: 6. 炽焰咆哮虎 7. 幽尾玄鱼 8. 风妖精 9. 煤炭龟 10. 妙蛙花
A10: 9 | B10: 风妖精 | C10: Whimsicott | D10: 1. 顺风 (96.5%) 2. 月亮之力 (91.3%) 3. 再来一次 (71.3%) 4. 守住 (61.6%) 5. 大晴天 (15.4%) 6. 撒娇 (13.7%) 7. 能量球 (8.3%) 8. 打草结 (7.2%) 9. 挑衅 (4.8%) 10. 假哭 (4.4%) | E10: 1. 气势披带 (80.8%) 2. 生命宝珠 (6.9%) 3. 妖精之羽 (4.1%) 4. 心灵香草 (2.5%) 5. 文柚果 (1.5%) 6. 巧可果 (1%) 7. 棱瓜果 (0.9%) 8. 光之黏土 (0.7%) 9. 光粉 (0.5%) 10. 吃剩的东西 (0.2%) | F10: 1. 恶作剧之心 (99.1%) 2. 叶绿素 (0.7%) 3. 穿透 (0.2%) | G10: 1. 胆小 +S -A (79.2%) 2. 内敛 +C -A (14.7%) 3. 大胆 +B -A (3.5%) 4. 温和 +D -A (1.4%) 5. 冷静 +C -S (0.4%) 6. 急躁 +S -B (0.3%) 7. 自大 +D -S (0.2%) 8. 爽朗 +S -C (0.2%) 9. 慢吞吞 +C -B (0%) 10. 悠闲 +B -S (0%) | H10: 1. 烈咬陆鲨 2. 喷火龙 3. 幽尾玄鱼 4. 仆刀将军 5. 姆克鹰 6. 花叶蒂（永恒之花） 7. 炽焰咆哮虎 8. 仙子伊布 9. 奇麒麟 10. 大狃拉 | I10: 1. H2/A0/B0/C32/D0/S32 (56.7%) 2. H0/A0/B2/C32/D0/S32 (7.8%) 3. H14/A0/B0/C32/D0/S20 (5.2%) 4. H0/A0/B0/C32/D2/S32 (3.7%) 5. H0/A0/B0/C32/D0/S32 (1.6%) 6. H0/A0/B1/C32/D1/S32 (1.1%) 7. H32/A0/B15/C0/D19/S0 (1%) 8. H32/A0/B0/C23/D11/S0 (1%) 9. H32/A0/B2/C0/D0/S32 (0.9%) 10. H32/A0/B0/C0/D2/S32 (0.8%) | J10: 本期无显著变化 | K10: 1. 顺风 (96.5%) 2. 月亮之力 (91.3%) 3. 再来一次 (71.3%) 4. 守住 (61.6%) 5. 大晴天 (15.4%) | L10: 6. 撒娇 (13.7%) 7. 能量球 (8.3%) 8. 打草结 (7.2%) 9. 挑衅 (4.8%) 10. 假哭 (4.4%) | M10: 1. 气势披带 (80.8%) 2. 生命宝珠 (6.9%) 3. 妖精之羽 (4.1%) 4. 心灵香草 (2.5%) 5. 文柚果 (1.5%) | N10: 6. 巧可果 (1%) 7. 棱瓜果 (0.9%) 8. 光之黏土 (0.7%) 9. 光粉 (0.5%) 10. 吃剩的东西 (0.2%) | O10: 1. 胆小 +S -A (79.2%) 2. 内敛 +C -A (14.7%) 3. 大胆 +B -A (3.5%) 4. 温和 +D -A (1.4%) 5. 冷静 +C -S (0.4%) | P10: 6. 急躁 +S -B (0.3%) 7. 自大 +D -S (0.2%) 8. 爽朗 +S -C (0.2%) 9. 慢吞吞 +C -B (0%) 10. 悠闲 +B -S (0%) | Q10: 1. H2/A0/B0/C32/D0/S32 (56.7%) 2. H0/A0/B2/C32/D0/S32 (7.8%) 3. H14/A0/B0/C32/D0/S20 (5.2%) 4. H0/A0/B0/C32/D2/S32 (3.7%) 5. H0/A0/B0/C32/D0/S32 (1.6%) | R10: 6. H0/A0/B1/C32/D1/S32 (1.1%) 7. H32/A0/B15/C0/D19/S0 (1%) 8. H32/A0/B0/C23/D11/S0 (1%) 9. H32/A0/B2/C0/D0/S32 (0.9%) 10. H32/A0/B0/C0/D2/S32 (0.8%) | S10: 1. 烈咬陆鲨 2. 喷火龙 3. 幽尾玄鱼 4. 仆刀将军 5. 姆克鹰 | T10: 6. 花叶蒂（永恒之花） 7. 炽焰咆哮虎 8. 仙子伊布 9. 奇麒麟 10. 大狃拉
A11: 10 | B11: 大狃拉 | C11: Sneasler | D11: 1. 近身战 (99.2%) 2. 击掌奇袭 (94.9%) 3. 克命爪 (65.4%) 4. 守住 (40.5%) 5. 快速防守 (31.9%) 6. 毒击 (30.4%) 7. 岩崩 (9.7%) 8. 指导 (7%) 9. 深渊突刺 (3.7%) 10. 垃圾射击 (3.3%) | E11: 1. 气势披带 (50.8%) 2. 白色香草 (42.4%) 3. 生命宝珠 (2.9%) 4. 黑色铁球 (1.7%) 5. 木子果 (0.5%) 6. 文柚果 (0.3%) 7. 心灵香草 (0.2%) 8. 达人带 (0.2%) 9. 腰木果 (0.1%) 10. 王者之证 (0.1%) | F11: 1. 轻装 (52.3%) 2. 毒手 (47.6%) 3. 压迫感 (0.1%) | G11: 1. 爽朗 +S -C (69%) 2. 固执 +A -C (27.4%) 3. 勇敢 +A -S (1.8%) 4. 天真 +S -D (0.7%) 5. 顽皮 +A -D (0.3%) 6. 淘气 +B -C (0.2%) 7. 怕寂寞 +A -B (0.2%) 8. 急躁 +S -B (0.2%) 9. 慎重 +D -C (0.1%) 10. 胆小 +S -A (0.1%) | H11: 1. 仆刀将军 2. 炽焰咆哮虎 3. 来悲粗茶 4. 妖火红狐 5. 水箭龟 6. 幽尾玄鱼 7. 烈咬陆鲨 8. 喷火龙 9. 风妖精 10. 奇麒麟 | I11: 1. H2/A32/B0/C0/D0/S32 (58.1%) 2. H0/A32/B2/C0/D0/S32 (13.7%) 3. H0/A32/B0/C0/D2/S32 (5.1%) 4. H1/A32/B1/C0/D0/S32 (1.8%) 5. H0/A32/B0/C0/D0/S32 (1.2%) 6. H4/A30/B0/C0/D0/S32 (1.1%) 7. H0/A32/B1/C0/D1/S32 (1.1%) 8. H0/A32/B4/C0/D0/S30 (1%) 9. H32/A32/B2/C0/D0/S0 (0.9%) 10. H6/A3/B27/C0/D0/S30 (0.7%) | J11: 本期无显著变化 | K11: 1. 近身战 (99.2%) 2. 击掌奇袭 (94.9%) 3. 克命爪 (65.4%) 4. 守住 (40.5%) 5. 快速防守 (31.9%) | L11: 6. 毒击 (30.4%) 7. 岩崩 (9.7%) 8. 指导 (7%) 9. 深渊突刺 (3.7%) 10. 垃圾射击 (3.3%) | M11: 1. 气势披带 (50.8%) 2. 白色香草 (42.4%) 3. 生命宝珠 (2.9%) 4. 黑色铁球 (1.7%) 5. 木子果 (0.5%) | N11: 6. 文柚果 (0.3%) 7. 心灵香草 (0.2%) 8. 达人带 (0.2%) 9. 腰木果 (0.1%) 10. 王者之证 (0.1%) | O11: 1. 爽朗 +S -C (69%) 2. 固执 +A -C (27.4%) 3. 勇敢 +A -S (1.8%) 4. 天真 +S -D (0.7%) 5. 顽皮 +A -D (0.3%) | P11: 6. 淘气 +B -C (0.2%) 7. 怕寂寞 +A -B (0.2%) 8. 急躁 +S -B (0.2%) 9. 慎重 +D -C (0.1%) 10. 胆小 +S -A (0.1%) | Q11: 1. H2/A32/B0/C0/D0/S32 (58.1%) 2. H0/A32/B2/C0/D0/S32 (13.7%) 3. H0/A32/B0/C0/D2/S32 (5.1%) 4. H1/A32/B1/C0/D0/S32 (1.8%) 5. H0/A32/B0/C0/D0/S32 (1.2%) | R11: 6. H4/A30/B0/C0/D0/S32 (1.1%) 7. H0/A32/B1/C0/D1/S32 (1.1%) 8. H0/A32/B4/C0/D0/S30 (1%) 9. H32/A32/B2/C0/D0/S0 (0.9%) 10. H6/A3/B27/C0/D0/S30 (0.7%) | S11: 1. 仆刀将军 2. 炽焰咆哮虎 3. 来悲粗茶 4. 妖火红狐 5. 水箭龟 | T11: 6. 幽尾玄鱼 7. 烈咬陆鲨 8. 喷火龙 9. 风妖精 10. 奇麒麟
A12: 11 | B12: 化石翼龙 | C12: Aerodactyl | D12: 1. 岩崩 (99.3%) 2. 顺风 (94.2%) 3. 双翼 (73.4%) 4. 冰冻牙 (58.8%) 5. 广域防守 (37.1%) 6. 守住 (26.9%) 7. 挑衅 (5.5%) 8. 精神之牙 (0.7%) 9. 铁头 (0.6%) 10. 大晴天 (0.5%) | E12: 1. 化石翼龙进化石 (71.7%) 2. 气势披带 (24.7%) 3. 广角镜 (0.7%) 4. 王者之证 (0.5%) 5. 心灵香草 (0.4%) 6. 文柚果 (0.3%) 7. 生命宝珠 (0.3%) 8. 硬石头 (0.2%) 9. 光粉 (0.2%) 10. 白色香草 (0.2%) | F12: 1. 紧张感 (97.8%) 2. 压迫感 (1.6%) 3. 坚硬脑袋 (0.6%) | G12: 1. 爽朗 +S -C (94.9%) 2. 固执 +A -C (4.4%) 3. 急躁 +S -B (0.2%) 4. 天真 +S -D (0.2%) 5. 顽皮 +A -D (0.1%) 6. 慎重 +D -C (0.1%) 7. 怕寂寞 +A -B (0.1%) 8. 胆小 +S -A (0%) 9. 勇敢 +A -S (0%) 10. 淘气 +B -C (0%) | H12: 1. 仙子伊布 2. 烈咬陆鲨 3. 仆刀将军 4. 喷火龙 5. 奇麒麟 6. 炽焰咆哮虎 7. 幽尾玄鱼 8. 大狃拉 9. 妙蛙花 10. 巨金怪 | I12: 1. H2/A32/B0/C0/D0/S32 (35%) 2. H22/A12/B0/C0/D0/S32 (12.9%) 3. H28/A11/B9/C0/D1/S17 (10.5%) 4. H26/A7/B1/C0/D0/S32 (7.3%) 5. H0/A32/B2/C0/D0/S32 (4.2%) 6. H12/A21/B1/C0/D0/S32 (3.4%) 7. H0/A32/B0/C0/D2/S32 (3%) 8. H15/A17/B0/C0/D5/S29 (1.9%) 9. H0/A32/B0/C0/D0/S32 (1.1%) 10. H12/A22/B0/C0/D0/S32 (1%) | J12: 本期无显著变化 | K12: 1. 岩崩 (99.3%) 2. 顺风 (94.2%) 3. 双翼 (73.4%) 4. 冰冻牙 (58.8%) 5. 广域防守 (37.1%) | L12: 6. 守住 (26.9%) 7. 挑衅 (5.5%) 8. 精神之牙 (0.7%) 9. 铁头 (0.6%) 10. 大晴天 (0.5%) | M12: 1. 化石翼龙进化石 (71.7%) 2. 气势披带 (24.7%) 3. 广角镜 (0.7%) 4. 王者之证 (0.5%) 5. 心灵香草 (0.4%) | N12: 6. 文柚果 (0.3%) 7. 生命宝珠 (0.3%) 8. 硬石头 (0.2%) 9. 光粉 (0.2%) 10. 白色香草 (0.2%) | O12: 1. 爽朗 +S -C (94.9%) 2. 固执 +A -C (4.4%) 3. 急躁 +S -B (0.2%) 4. 天真 +S -D (0.2%) 5. 顽皮 +A -D (0.1%) | P12: 6. 慎重 +D -C (0.1%) 7. 怕寂寞 +A -B (0.1%) 8. 胆小 +S -A (0%) 9. 勇敢 +A -S (0%) 10. 淘气 +B -C (0%) | Q12: 1. H2/A32/B0/C0/D0/S32 (35%) 2. H22/A12/B0/C0/D0/S32 (12.9%) 3. H28/A11/B9/C0/D1/S17 (10.5%) 4. H26/A7/B1/C0/D0/S32 (7.3%) 5. H0/A32/B2/C0/D0/S32 (4.2%) | R12: 6. H12/A21/B1/C0/D0/S32 (3.4%) 7. H0/A32/B0/C0/D2/S32 (3%) 8. H15/A17/B0/C0/D5/S29 (1.9%) 9. H0/A32/B0/C0/D0/S32 (1.1%) 10. H12/A22/B0/C0/D0/S32 (1%) | S12: 1. 仙子伊布 2. 烈咬陆鲨 3. 仆刀将军 4. 喷火龙 5. 奇麒麟 | T12: 6. 炽焰咆哮虎 7. 幽尾玄鱼 8. 大狃拉 9. 妙蛙花 10. 巨金怪
A13: 12 | B13: 姆克鹰 | C13: Staraptor | D13: 1. 近身战 (95%) 2. 守住 (81.3%) 3. 勇鸟猛攻 (79.4%) 4. 羽栖 (60.3%) 5. 双翼 (20.6%) 6. 顺风 (20.5%) 7. 搏命 (18.1%) 8. 急速折返 (14.2%) 9. 火焰踢 (2.2%) 10. 硬撑 (1.4%) | E13: 1. 姆克鹰进化石 (82.3%) 2. 讲究围巾 (16.6%) 3. 气势披带 (0.3%) 4. 锐利鸟嘴 (0.3%) 5. 文柚果 (0.2%) 6. 白色香草 (0.1%) 7. 先制之爪 (0.1%) 8. 生命宝珠 (0.1%) 9. 木子果 (0%) 10. 心灵香草 (0%) | F13: 1. 威吓 (96.8%) 2. 舍身 (3.2%) | G13: 1. 爽朗 +S -C (85.2%) 2. 固执 +A -C (11.2%) 3. 慎重 +D -C (1.7%) 4. 天真 +S -D (0.4%) 5. 淘气 +B -C (0.4%) 6. 胆小 +S -A (0.3%) 7. 勇敢 +A -S (0.3%) 8. 怕寂寞 +A -B (0.2%) 9. 急躁 +S -B (0.1%) 10. 顽皮 +A -D (0.1%) | H13: 1. 风妖精 2. 烈咬陆鲨 3. 赛富豪 4. 幽尾玄鱼 5. 仆刀将军 6. 奇麒麟 7. 班基拉斯 8. 来悲粗茶 9. 龙头地鼠 10. 喷火龙 | I13: 1. H32/A2/B0/C0/D0/S32 (18%) 2. H2/A32/B0/C0/D0/S32 (13%) 3. H29/A1/B0/C0/D4/S32 (12.2%) 4. H23/A17/B0/C0/D0/S26 (8.4%) 5. H32/A5/B0/C0/D4/S25 (8%) 6. H32/A0/B0/C0/D2/S32 (2.6%) 7. H0/A32/B0/C0/D2/S32 (2.1%) 8. H21/A13/B0/C0/D0/S32 (1.9%) 9. H32/A0/B2/C0/D0/S32 (1.4%) 10. H31/A30/B0/C0/D0/S5 (1.2%) | J13: 本期无显著变化 | K13: 1. 近身战 (95%) 2. 守住 (81.3%) 3. 勇鸟猛攻 (79.4%) 4. 羽栖 (60.3%) 5. 双翼 (20.6%) | L13: 6. 顺风 (20.5%) 7. 搏命 (18.1%) 8. 急速折返 (14.2%) 9. 火焰踢 (2.2%) 10. 硬撑 (1.4%) | M13: 1. 姆克鹰进化石 (82.3%) 2. 讲究围巾 (16.6%) 3. 气势披带 (0.3%) 4. 锐利鸟嘴 (0.3%) 5. 文柚果 (0.2%) | N13: 6. 白色香草 (0.1%) 7. 先制之爪 (0.1%) 8. 生命宝珠 (0.1%) 9. 木子果 (0%) 10. 心灵香草 (0%) | O13: 1. 爽朗 +S -C (85.2%) 2. 固执 +A -C (11.2%) 3. 慎重 +D -C (1.7%) 4. 天真 +S -D (0.4%) 5. 淘气 +B -C (0.4%) | P13: 6. 胆小 +S -A (0.3%) 7. 勇敢 +A -S (0.3%) 8. 怕寂寞 +A -B (0.2%) 9. 急躁 +S -B (0.1%) 10. 顽皮 +A -D (0.1%) | Q13: 1. H32/A2/B0/C0/D0/S32 (18%) 2. H2/A32/B0/C0/D0/S32 (13%) 3. H29/A1/B0/C0/D4/S32 (12.2%) 4. H23/A17/B0/C0/D0/S26 (8.4%) 5. H32/A5/B0/C0/D4/S25 (8%) | R13: 6. H32/A0/B0/C0/D2/S32 (2.6%) 7. H0/A32/B0/C0/D2/S32 (2.1%) 8. H21/A13/B0/C0/D0/S32 (1.9%) 9. H32/A0/B2/C0/D0/S32 (1.4%) 10. H31/A30/B0/C0/D0/S5 (1.2%) | S13: 1. 风妖精 2. 烈咬陆鲨 3. 赛富豪 4. 幽尾玄鱼 5. 仆刀将军 | T13: 6. 奇麒麟 7. 班基拉斯 8. 来悲粗茶 9. 龙头地鼠 10. 喷火龙
... A19: 18 | B19: 妖火红狐 | C19: Delphox | D19: 1. 热风 (98.3%) 2. 守住 (97.8%) 3. 诡计 (85.2%) 4. 精神冲击 (66.6%) 5. 精神强念 (30.1%) 6. 再来一次 (3.8%) 7. 自我暗示 (2.9%) 8. 魔法闪耀 (2.6%) 9. 辅助力量 (2%) 10. 替身 (1.5%) | E19: 1. 妖火红狐进化石 (99.4%) 2. 气势披带 (0.3%) 3. 木炭 (0.1%) 4. 博识眼镜 (0%) 5. 讲究围巾 (0%) 6. 弯曲的汤匙 (0%) 7. 广角镜 (0%) 8. 生命宝珠 (0%) 9. 千香果 (0%) 10. 达人带 (0%) | F19: 1. 猛火 (92.8%) 2. 魔术师 (7.2%) | G19: 1. 胆小 +S -A (54.1%) 2. 内敛 +C -A (45%) 3. 慢吞吞 +C -B (0.3%) 4. 大胆 +B -A (0.3%) 5. 急躁 +S -B (0.1%) 6. 勤奋 (0.1%) 7. 冷静 +C -S (0%) 8. 温和 +D -A (0%) 9. 爽朗 +S -C (0%) 10. 固执 +A -C (0%) | H19: 1. 来悲粗茶 2. 大狃拉 3. 炽焰咆哮虎 4. 水箭龟 5. 仆刀将军 6. 一家鼠 7. 烈咬陆鲨 8. 花叶蒂（永恒之花） 9. 风妖精 10. 幽尾玄鱼 | I19: 1. H23/A0/B11/C1/D0/S31 (35.5%) 2. H2/A0/B0/C32/D0/S32 (11.9%) 3. H16/A0/B21/C0/D0/S29 (5.8%) 4. H9/A0/B23/C5/D0/S29 (2.4%) 5. H19/A0/B1/C17/D0/S29 (2.4%) 6. H0/A0/B2/C32/D0/S32 (1.9%) 7. H14/A0/B4/C19/D0/S29 (1.8%) 8. H0/A0/B0/C32/D2/S32 (1.6%) 9. H24/A0/B1/C21/D0/S20 (1.4%) 10. H9/A0/B1/C26/D1/S29 (1.3%) | J19: 本期无显著变化 | K19: 1. 热风 (98.3%) 2. 守住 (97.8%) 3. 诡计 (85.2%) 4. 精神冲击 (66.6%) 5. 精神强念 (30.1%) | L19: 6. 再来一次 (3.8%) 7. 自我暗示 (2.9%) 8. 魔法闪耀 (2.6%) 9. 辅助力量 (2%) 10. 替身 (1.5%) | M19: 1. 妖火红狐进化石 (99.4%) 2. 气势披带 (0.3%) 3. 木炭 (0.1%) 4. 博识眼镜 (0%) 5. 讲究围巾 (0%) | N19: 6. 弯曲的汤匙 (0%) 7. 广角镜 (0%) 8. 生命宝珠 (0%) 9. 千香果 (0%) 10. 达人带 (0%) | O19: 1. 胆小 +S -A (54.1%) 2. 内敛 +C -A (45%) 3. 慢吞吞 +C -B (0.3%) 4. 大胆 +B -A (0.3%) 5. 急躁 +S -B (0.1%) | P19: 6. 勤奋 (0.1%) 7. 冷静 +C -S (0%) 8. 温和 +D -A (0%) 9. 爽朗 +S -C (0%) 10. 固执 +A -C (0%) | Q19: 1. H23/A0/B11/C1/D0/S31 (35.5%) 2. H2/A0/B0/C32/D0/S32 (11.9%) 3. H16/A0/B21/C0/D0/S29 (5.8%) 4. H9/A0/B23/C5/D0/S29 (2.4%) 5. H19/A0/B1/C17/D0/S29 (2.4%) | R19: 6. H0/A0/B2/C32/D0/S32 (1.9%) 7. H14/A0/B4/C19/D0/S29 (1.8%) 8. H0/A0/B0/C32/D2/S32 (1.6%) 9. H24/A0/B1/C21/D0/S20 (1.4%) 10. H9/A0/B1/C26/D1/S29 (1.3%) | S19: 1. 来悲粗茶 2. 大狃拉 3. 炽焰咆哮虎 4. 水箭龟 5. 仆刀将军 | T19: 6. 一家鼠 7. 烈咬陆鲨 8. 花叶蒂（永恒之花） 9. 风妖精 10. 幽尾玄鱼
A20: 19 | B20: 花叶蒂（永恒之花） | C20: Floette-Eternal | D20: 1. 守住 (99.4%) 2. 魔法闪耀 (93.5%) 3. 月亮之力 (76.6%) 4. 破灭之光 (56.6%) 5. 冥想 (42.9%) 6. 吸取之吻 (25.5%) 7. 终极吸取 (1.3%) 8. 精神强念 (1.2%) 9. 能量球 (1%) 10. 打草结 (0.5%) | E20: 1. 花叶蒂进化石 (99.6%) 2. 讲究围巾 (0.3%) 3. 妖精之羽 (0.1%) 4. 气势披带 (0%) 5. 先制之爪 (0%) | F20: 1. 花幕 (99.2%) 2. 共生 (0.8%) | G20: 1. 内敛 +C -A (71.9%) 2. 胆小 +S -A (24.7%) 3. 大胆 +B -A (2.8%) 4. 冷静 +C -S (0.5%) 5. 爽朗 +S -C (0.1%) 6. 悠闲 +B -S (0%) 7. 温和 +D -A (0%) | I20: 1. H2/A0/B0/C32/D0/S32 (30.7%) 2. H8/A0/B1/C25/D0/S32 (5.6%) 3. H0/A0/B2/C32/D0/S32 (3.3%) 4. H10/A0/B19/C5/D0/S32 (3.1%) 5. H10/A0/B12/C21/D0/S23 (2.4%) 6. H7/A0/B27/C0/D0/S32 (2%) 7. H4/A0/B25/C5/D0/S32 (1.8%) 8. H29/A0/B0/C5/D0/S32 (1.4%) 9. H9/A0/B0/C25/D0/S32 (1.4%) 10. H1/A0/B1/C32/D0/S32 (1%) | J20: 本期无显著变化 | K20: 1. 守住 (99.4%) 2. 魔法闪耀 (93.5%) 3. 月亮之力 (76.6%) 4. 破灭之光 (56.6%) 5. 冥想 (42.9%) | L20: 6. 吸取之吻 (25.5%) 7. 终极吸取 (1.3%) 8. 精神强念 (1.2%) 9. 能量球 (1%) 10. 打草结 (0.5%) | M20: 1. 花叶蒂进化石 (99.6%) 2. 讲究围巾 (0.3%) 3. 妖精之羽 (0.1%) | N20: 4. 气势披带 (0%) 5. 先制之爪 (0%) | O20: 1. 内敛 +C -A (71.9%) 2. 胆小 +S -A (24.7%) 3. 大胆 +B -A (2.8%) 4. 冷静 +C -S (0.5%) | P20: 5. 爽朗 +S -C (0.1%) 6. 悠闲 +B -S (0%) 7. 温和 +D -A (0%) | Q20: 1. H2/A0/B0/C32/D0/S32 (30.7%) 2. H8/A0/B1/C25/D0/S32 (5.6%) 3. H0/A0/B2/C32/D0/S32 (3.3%) 4. H10/A0/B19/C5/D0/S32 (3.1%) 5. H10/A0/B12/C21/D0/S23 (2.4%) | R20: 6. H7/A0/B27/C0/D0/S32 (2%) 7. H4/A0/B25/C5/D0/S32 (1.8%) 8. H29/A0/B0/C5/D0/S32 (1.4%) 9. H9/A0/B0/C25/D0/S32 (1.4%) 10. H1/A0/B1/C32/D0/S32 (1%)
A21: 20 | B21: 雷丘 | C21: Raichu | D21: 1. 真气弹 (86.4%) 2. 电磁炮 (86.4%) 3. 守住 (82.8%) 4. 击掌奇袭 (72.9%) 5. 打草结 (18.8%) 6. 再来一次 (11%) 7. 伏特替换 (10.4%) 8. 伏特攻击 (4%) 9. 电力上升 (3.4%) 10. 魔法闪耀 (2.9%) | E21: 1. 雷丘进化石Ｙ (86.6%) 2. 雷丘进化石Ｘ (6.7%) 3. 气势披带 (3.9%) 4. 磁铁 (0.7%) 5. 腰木果 (0.6%) 6. 讲究围巾 (0.3%) 7. 文柚果 (0.2%) 8. 达人带 (0.1%) 9. 心灵香草 (0.1%) 10. 木子果 (0.1%) | F21: 1. 避雷针 (97.9%) 2. 静电 (2.1%) | G21: 1. 胆小 +S -A (82.8%) 2. 内敛 +C -A (10%) 3. 爽朗 +S -C (4.4%) 4. 固执 +A -C (0.8%) 5. 急躁 +S -B (0.4%) 6. 天真 +S -D (0.3%) 7. 大胆 +B -A (0.3%) 8. 自大 +D -S (0.2%) 9. 慢吞吞 +C -B (0.2%) 10. 勇敢 +A -S (0.2%) | H21: 1. 炽焰咆哮虎 2. 来悲粗茶 3. 美纳斯 4. 风妖精 5. 苍炎刃鬼 6. 仆刀将军 7. 烈咬陆鲨 8. 幽尾玄鱼 9. 九尾（阿罗拉的样子） 10. 大狃拉 | I21: 1. H2/A0/B0/C32/D0/S32 (31.2%) 2. H30/A0/B13/C0/D0/S23 (12.7%) 3. H32/A0/B0/C2/D0/S32 (5.6%) 4. H2/A32/B0/C0/D0/S32 (3.3%) 5. H32/A0/B10/C0/D0/S24 (3.3%) 6. H0/A0/B2/C32/D0/S32 (2.6%) 7. H19/A0/B22/C1/D0/S24 (2.2%) 8. H0/A0/B0/C32/D2/S32 (2.2%) 9. H16/A0/B2/C24/D0/S24 (1.7%) 10. H32/A0/B2/C0/D0/S32 (1.5%) | J21: 本期无显著变化 | K21: 1. 真气弹 (86.4%) 2. 电磁炮 (86.4%) 3. 守住 (82.8%) 4. 击掌奇袭 (72.9%) 5. 打草结 (18.8%) | L21: 6. 再来一次 (11%) 7. 伏特替换 (10.4%) 8. 伏特攻击 (4%) 9. 电力上升 (3.4%) 10. 魔法闪耀 (2.9%) | M21: 1. 雷丘进化石Ｙ (86.6%) 2. 雷丘进化石Ｘ (6.7%) 3. 气势披带 (3.9%) 4. 磁铁 (0.7%) 5. 腰木果 (0.6%) | N21: 6. 讲究围巾 (0.3%) 7. 文柚果 (0.2%) 8. 达人带 (0.1%) 9. 心灵香草 (0.1%) 10. 木子果 (0.1%) | O21: 1. 胆小 +S -A (82.8%) 2. 内敛 +C -A (10%) 3. 爽朗 +S -C (4.4%) 4. 固执 +A -C (0.8%) 5. 急躁 +S -B (0.4%) | P21: 6. 天真 +S -D (0.3%) 7. 大胆 +B -A (0.3%) 8. 自大 +D -S (0.2%) 9. 慢吞吞 +C -B (0.2%) 10. 勇敢 +A -S (0.2%) | Q21: 1. H2/A0/B0/C32/D0/S32 (31.2%) 2. H30/A0/B13/C0/D0/S23 (12.7%) 3. H32/A0/B0/C2/D0/S32 (5.6%) 4. H2/A32/B0/C0/D0/S32 (3.3%) 5. H32/A0/B10/C0/D0/S24 (3.3%) | R21: 6. H0/A0/B2/C32/D0/S32 (2.6%) 7. H19/A0/B22/C1/D0/S24 (2.2%) 8. H0/A0/B0/C32/D2/S32 (2.2%) 9. H16/A0/B2/C24/D0/S24 (1.7%) 10. H32/A0/B2/C0/D0/S32 (1.5%) | S21: 1. 炽焰咆哮虎 2. 来悲粗茶 3. 美纳斯 4. 风妖精 5. 苍炎刃鬼 | T21: 6. 仆刀将军 7. 烈咬陆鲨 8. 幽尾玄鱼 9. 九尾（阿罗拉的样子） 10. 大狃拉
A22: 21 | B22: 长毛巨魔 | C22: Grimmsnarl | D22: 1. 抛下狠话 (92.5%) 2. 反射壁 (80.4%) 3. 光墙 (79.3%) 4. 灵魂冲击 (49.5%) 5. 击掌奇袭 (36.7%) 6. 移花接木 (26.3%) 7. 突袭 (10.5%) 8. 可怕面孔 (7.7%) 9. 假哭 (4.2%) 10. 挑衅 (2.7%) | E22: 1. 光之黏土 (75.5%) 2. 洛玫果 (12%) 3. 黑色眼镜 (3.9%) 4. 文柚果 (3.6%) 5. 气势披带 (1.2%) 6. 生命宝珠 (1%) 7. 吃剩的东西 (0.5%) 8. 黑色铁球 (0.5%) 9. 广角镜 (0.3%) 10. 心灵香草 (0.2%) | F22: 1. 恶作剧之心 (99.4%) 2. 顺手牵羊 (0.3%) 3. 察觉 (0.2%) | G22: 1. 慎重 +D -C (48.8%) 2. 淘气 +B -C (19.9%) 3. 温和 +D -A (9.2%) 4. 固执 +A -C (8.4%) 5. 自大 +D -S (8.4%) 6. 勇敢 +A -S (1.5%) 7. 悠闲 +B -S (1.4%) 8. 大胆 +B -A (1.2%) 9. 爽朗 +S -C (0.4%) 10. 内敛 +C -A (0.3%) | H22: 1. 铝钢桥龙 2. 大嘴鸥 3. 来悲粗茶 4. 巨沼怪 5. 巨金怪 6. 妙蛙花 7. 烈咬陆鲨 8. 姆克鹰 9. 喷火龙 10. 炽焰咆哮虎 | I22: 1. H32/A0/B19/C0/D15/S0 (12.6%) 2. H32/A0/B20/C0/D14/S0 (11.1%) 3. H31/A0/B24/C0/D11/S0 (5.3%) 4. H32/A0/B32/C0/D2/S0 (4%) 5. H32/A0/B21/C0/D13/S0 (3.6%) 6. H32/A0/B15/C0/D19/S0 (3.3%) 7. H32/A0/B16/C0/D18/S0 (3%) 8. H32/A0/B25/C0/D9/S0 (2.6%) 9. H31/A0/B20/C0/D15/S0 (1.8%) 10. H32/A0/B17/C0/D17/S0 (1.8%) | J22: 本期无显著变化 | K22: 1. 抛下狠话 (92.5%) 2. 反射壁 (80.4%) 3. 光墙 (79.3%) 4. 灵魂冲击 (49.5%) 5. 击掌奇袭 (36.7%) | L22: 6. 移花接木 (26.3%) 7. 突袭 (10.5%) 8. 可怕面孔 (7.7%) 9. 假哭 (4.2%) 10. 挑衅 (2.7%) | M22: 1. 光之黏土 (75.5%) 2. 洛玫果 (12%) 3. 黑色眼镜 (3.9%) 4. 文柚果 (3.6%) 5. 气势披带 (1.2%) | N22: 6. 生命宝珠 (1%) 7. 吃剩的东西 (0.5%) 8. 黑色铁球 (0.5%) 9. 广角镜 (0.3%) 10. 心灵香草 (0.2%) | O22: 1. 慎重 +D -C (48.8%) 2. 淘气 +B -C (19.9%) 3. 温和 +D -A (9.2%) 4. 固执 +A -C (8.4%) 5. 自大 +D -S (8.4%) | P22: 6. 勇敢 +A -S (1.5%) 7. 悠闲 +B -S (1.4%) 8. 大胆 +B -A (1.2%) 9. 爽朗 +S -C (0.4%) 10. 内敛 +C -A (0.3%) | Q22: 1. H32/A0/B19/C0/D15/S0 (12.6%) 2. H32/A0/B20/C0/D14/S0 (11.1%) 3. H31/A0/B24/C0/D11/S0 (5.3%) 4. H32/A0/B32/C0/D2/S0 (4%) 5. H32/A0/B21/C0/D13/S0 (3.6%) | R22: 6. H32/A0/B15/C0/D19/S0 (3.3%) 7. H32/A0/B16/C0/D18/S0 (3%) 8. H32/A0/B25/C0/D9/S0 (2.6%) 9. H31/A0/B20/C0/D15/S0 (1.8%) 10. H32/A0/B17/C0/D17/S0 (1.8%) | S22: 1. 铝钢桥龙 2. 大嘴鸥 3. 来悲粗茶 4. 巨沼怪 5. 巨金怪 | T22: 6. 妙蛙花 7. 烈咬陆鲨 8. 姆克鹰 9. 喷火龙 10. 炽焰咆哮虎
A23: 22 | B23: 巨沼怪 | C23: Swampert | D23: 1. 波动冲 (94.3%) 2. 守住 (93.2%) 3. 冰冻拳 (75%) 4. 地震 (71.1%) 5. 十万马力 (31.5%) 6. 快速折返 (7.2%) 7. 岩崩 (5.8%) 8. 拍落 (4.3%) 9. 广域防守 (3.9%) 10. 水流裂破 (3%) | E23: 1. 巨沼怪进化石 (97%) 2. 文柚果 (0.9%) 3. 罗子果 (0.7%) 4. 吃剩的东西 (0.4%) 5. 生命宝珠 (0.2%) 6. 木子果 (0.1%) 7. 达人带 (0%) 8. 白色香草 (0%) 9. 不融冰 (0%) 10. 神秘水滴 (0%) | F23: 1. 激流 (53.7%) 2. 湿气 (46.3%) | G23: 1. 固执 +A -C (90.8%) 2. 爽朗 +S -C (6.3%) 3. 内敛 +C -A (0.9%) 4. 勇敢 +A -S (0.5%) 5. 顽皮 +A -D (0.5%) 6. 慎重 +D -C (0.2%) 7. 淘气 +B -C (0.2%) 8. 温和 +D -A (0.1%) 9. 悠闲 +B -S (0.1%) 10. 天真 +S -D (0.1%) | H23: 1. 大嘴鸥 2. 铝钢桥龙 3. 来悲粗茶 4. 长毛巨魔 5. 勾魂眼 6. 巨金怪 7. 幽尾玄鱼 8. 妙蛙花 9. 炽焰咆哮虎 10. 大狃拉 | I23: 1. H2/A32/B0/C0/D0/S32 (23.9%) 2. H18/A30/B0/C0/D0/S18 (11.4%) 3. H12/A32/B0/C0/D0/S22 (6.8%) 4. H8/A30/B0/C0/D0/S28 (2.4%) 5. H22/A20/B0/C0/D0/S24 (2.3%) 6. H24/A20/B0/C0/D0/S22 (2%) 7. H32/A32/B0/C0/D0/S2 (1.8%) 8. H0/A32/B0/C0/D2/S32 (1.6%) 9. H12/A20/B1/C0/D1/S32 (1.5%) 10. H0/A32/B2/C0/D0/S32 (1.5%) | J23: 本期无显著变化 | K23: 1. 波动冲 (94.3%) 2. 守住 (93.2%) 3. 冰冻拳 (75%) 4. 地震 (71.1%) 5. 十万马力 (31.5%) | L23: 6. 快速折返 (7.2%) 7. 岩崩 (5.8%) 8. 拍落 (4.3%) 9. 广域防守 (3.9%) 10. 水流裂破 (3%) | M23: 1. 巨沼怪进化石 (97%) 2. 文柚果 (0.9%) 3. 罗子果 (0.7%) 4. 吃剩的东西 (0.4%) 5. 生命宝珠 (0.2%) | N23: 6. 木子果 (0.1%) 7. 达人带 (0%) 8. 白色香草 (0%) 9. 不融冰 (0%) 10. 神秘水滴 (0%) | O23: 1. 固执 +A -C (90.8%) 2. 爽朗 +S -C (6.3%) 3. 内敛 +C -A (0.9%) 4. 勇敢 +A -S (0.5%) 5. 顽皮 +A -D (0.5%) | P23: 6. 慎重 +D -C (0.2%) 7. 淘气 +B -C (0.2%) 8. 温和 +D -A (0.1%) 9. 悠闲 +B -S (0.1%) 10. 天真 +S -D (0.1%) | Q23: 1. H2/A32/B0/C0/D0/S32 (23.9%) 2. H18/A30/B0/C0/D0/S18 (11.4%) 3. H12/A32/B0/C0/D0/S22 (6.8%) 4. H8/A30/B0/C0/D0/S28 (2.4%) 5. H22/A20/B0/C0/D0/S24 (2.3%) | R23: 6. H24/A20/B0/C0/D0/S22 (2%) 7. H32/A32/B0/C0/D0/S2 (1.8%) 8. H0/A32/B0/C0/D2/S32 (1.6%) 9. H12/A20/B1/C0/D1/S32 (1.5%) 10. H0/A32/B2/C0/D0/S32 (1.5%) | S23: 1. 大嘴鸥 2. 铝钢桥龙 3. 来悲粗茶 4. 长毛巨魔 5. 勾魂眼 | T23: 6. 巨金怪 7. 幽尾玄鱼 8. 妙蛙花 9. 炽焰咆哮虎 10. 大狃拉
A24: 23 | B24: 班基拉斯 | C24: Tyranitar | D24: 1. 岩崩 (98.1%) 2. 拍落 (94.7%) 3. 守住 (68.3%) 4. 踢倒 (47%) 5. 冰冻拳 (43.4%) 6. 龙之舞 (16.8%) 7. 十万马力 (7%) 8. 劈瓦 (4.9%) 9. 地震 (3.8%) 10. 蛮力 (3%) | E24: 1. 班基拉斯进化石 (57.4%) 2. 讲究围巾 (28%) 3. 气势披带 (3%) 4. 莲蒲果 (3%) 5. 生命宝珠 (2.2%) 6. 文柚果 (1.4%) 7. 广角镜 (0.7%) 8. 黑色铁球 (0.7%) 9. 达人带 (0.7%) 10. 吃剩的东西 (0.6%) | F24: 1. 扬沙 (99.5%) 2. 紧张感 (0.5%) | G24: 1. 爽朗 +S -C (46%) 2. 固执 +A -C (42.7%) 3. 勇敢 +A -S (7.8%) 4. 淘气 +B -C (1.7%) 5. 慎重 +D -C (1.1%) 6. 自大 +D -S (0.3%) 7. 冷静 +C -S (0.2%) 8. 悠闲 +B -S (0.2%) 9. 顽皮 +A -D (0.1%) 10. 慢吞吞 +C -B (0%) | H24: 1. 龙头地鼠 2. 姆克鹰 3. 来悲粗茶 4. 清洗洛托姆 5. 墓扬犬 6. 妙蛙花 7. 美纳斯 8. 炽焰咆哮虎 9. 大狃拉 10. 奇麒麟 | I24: 1. H0/A32/B2/C0/D0/S32 (20.2%) 2. H2/A32/B0/C0/D0/S32 (19%) 3. H32/A32/B2/C0/D0/S0 (5.8%) 4. H32/A32/B0/C0/D2/S0 (5.6%) 5. H17/A18/B0/C0/D0/S31 (5%) 6. H30/A16/B1/C0/D2/S17 (2.3%) 7. H32/A32/B0/C0/D0/S2 (2%) 8. H0/A32/B0/C0/D2/S32 (1%) 9. H2/A32/B0/C0/D32/S0 (0.7%) 10. H32/A32/B1/C0/D1/S0 (0.7%) | J24: 本期无显著变化 | K24: 1. 岩崩 (98.1%) 2. 拍落 (94.7%) 3. 守住 (68.3%) 4. 踢倒 (47%) 5. 冰冻拳 (43.4%) | L24: 6. 龙之舞 (16.8%) 7. 十万马力 (7%) 8. 劈瓦 (4.9%) 9. 地震 (3.8%) 10. 蛮力 (3%) | M24: 1. 班基拉斯进化石 (57.4%) 2. 讲究围巾 (28%) 3. 气势披带 (3%) 4. 莲蒲果 (3%) 5. 生命宝珠 (2.2%) | N24: 6. 文柚果 (1.4%) 7. 广角镜 (0.7%) 8. 黑色铁球 (0.7%) 9. 达人带 (0.7%) 10. 吃剩的东西 (0.6%) | O24: 1. 爽朗 +S -C (46%) 2. 固执 +A -C (42.7%) 3. 勇敢 +A -S (7.8%) 4. 淘气 +B -C (1.7%) 5. 慎重 +D -C (1.1%) | P24: 6. 自大 +D -S (0.3%) 7. 冷静 +C -S (0.2%) 8. 悠闲 +B -S (0.2%) 9. 顽皮 +A -D (0.1%) 10. 慢吞吞 +C -B (0%) | Q24: 1. H0/A32/B2/C0/D0/S32 (20.2%) 2. H2/A32/B0/C0/D0/S32 (19%) 3. H32/A32/B2/C0/D0/S0 (5.8%) 4. H32/A32/B0/C0/D2/S0 (5.6%) 5. H17/A18/B0/C0/D0/S31 (5%) | R24: 6. H30/A16/B1/C0/D2/S17 (2.3%) 7. H32/A32/B0/C0/D0/S2 (2%) 8. H0/A32/B0/C0/D2/S32 (1%) 9. H2/A32/B0/C0/D32/S0 (0.7%) 10. H32/A32/B1/C0/D1/S0 (0.7%) | S24: 1. 龙头地鼠 2. 姆克鹰 3. 来悲粗茶 4. 清洗洛托姆 5. 墓扬犬 | T24: 6. 妙蛙花 7. 美纳斯 8. 炽焰咆哮虎 9. 大狃拉 10. 奇麒麟
A25: 24 | B25: 巨金怪 | C25: Metagross | D25: 1. 精神之牙 (89%) 2. 守住 (87.5%) 3. 铁头 (62.3%) 4. 子弹拳 (38.9%) 5. 扑击 (29.2%) 6. 冰冻拳 (26.4%) 7. 跺脚 (18.3%) 8. 彗星拳 (12.2%) 9. 臂锤 (8.7%) 10. 岩崩 (5.2%) | E25: 1. 巨金怪进化石 (93.8%) 2. 生命宝珠 (1.6%) 3. 金属膜 (0.8%) 4. 丝绸围巾 (0.6%) 5. 讲究围巾 (0.6%) 6. 文柚果 (0.5%) 7. 巧可果 (0.4%) 8. 吃剩的东西 (0.4%) 9. 达人带 (0.3%) 10. 力量头带 (0.2%) | F25: 1. 恒净之躯 (99.8%) 2. 轻金属 (0.2%) | G25: 1. 爽朗 +S -C (56.2%) 2. 固执 +A -C (39%) 3. 淘气 +B -C (2.2%) 4. 勇敢 +A -S (1.3%) 5. 慎重 +D -C (0.7%) 6. 怕寂寞 +A -B (0.2%) 7. 冷静 +C -S (0.1%) 8. 温顺 +D -B (0.1%) 9. 顽皮 +A -D (0.1%) 10. 自大 +D -S (0.1%) | H25: 1. 烈咬陆鲨 2. 喷火龙 3. 长毛巨魔 4. 来悲粗茶 5. 大嘴鸥 6. 铝钢桥龙 7. 炽焰咆哮虎 8. 巨沼怪 9. 三首恶龙 10. 风妖精 | I25: 1. H2/A32/B0/C0/D0/S32 (22.3%) 2. H14/A27/B0/C0/D0/S25 (16.7%) 3. H30/A32/B1/C0/D1/S2 (5.3%) 4. H9/A32/B0/C0/D0/S25 (3.8%) 5. H0/A32/B2/C0/D0/S32 (3%) 6. H10/A23/B1/C0/D0/S32 (2.7%) 7. H32/A32/B0/C0/D2/S0 (2.5%) 8. H32/A32/B0/C0/D0/S2 (2.5%) 9. H0/A32/B0/C0/D2/S32 (2.2%) 10. H32/A32/B2/C0/D0/S0 (1.6%) | J25: 本期无显著变化 | K25: 1. 精神之牙 (89%) 2. 守住 (87.5%) 3. 铁头 (62.3%) 4. 子弹拳 (38.9%) 5. 扑击 (29.2%) | L25: 6. 冰冻拳 (26.4%) 7. 跺脚 (18.3%) 8. 彗星拳 (12.2%) 9. 臂锤 (8.7%) 10. 岩崩 (5.2%) | M25: 1. 巨金怪进化石 (93.8%) 2. 生命宝珠 (1.6%) 3. 金属膜 (0.8%) 4. 丝绸围巾 (0.6%) 5. 讲究围巾 (0.6%) | N25: 6. 文柚果 (0.5%) 7. 巧可果 (0.4%) 8. 吃剩的东西 (0.4%) 9. 达人带 (0.3%) 10. 力量头带 (0.2%) | O25: 1. 爽朗 +S -C (56.2%) 2. 固执 +A -C (39%) 3. 淘气 +B -C (2.2%) 4. 勇敢 +A -S (1.3%) 5. 慎重 +D -C (0.7%) | P25: 6. 怕寂寞 +A -B (0.2%) 7. 冷静 +C -S (0.1%) 8. 温顺 +D -B (0.1%) 9. 顽皮 +A -D (0.1%) 10. 自大 +D -S (0.1%) | Q25: 1. H2/A32/B0/C0/D0/S32 (22.3%) 2. H14/A27/B0/C0/D0/S25 (16.7%) 3. H30/A32/B1/C0/D1/S2 (5.3%) 4. H9/A32/B0/C0/D0/S25 (3.8%) 5. H0/A32/B2/C0/D0/S32 (3%) | R25: 6. H10/A23/B1/C0/D0/S32 (2.7%) 7. H32/A32/B0/C0/D2/S0 (2.5%) 8. H32/A32/B0/C0/D0/S2 (2.5%) 9. H0/A32/B0/C0/D2/S32 (2.2%) 10. H32/A32/B2/C0/D0/S0 (1.6%) | S25: 1. 烈咬陆鲨 2. 喷火龙 3. 长毛巨魔 4. 来悲粗茶 5. 大嘴鸥 | T25: 6. 铝钢桥龙 7. 炽焰咆哮虎 8. 巨沼怪 9. 三首恶龙 10. 风妖精
A26: 25 | B26: 一家鼠 | C26: Maushold | D26: 1. 看我嘛 (90.3%) 2. 守住 (85.7%) 3. 鼠数儿 (45.5%) 4. 佯攻 (41%) 5. 愤怒门牙 (40%) 6. 挑衅 (29.1%) 7. 再来一次 (16.2%) 8. 骨棒乱打 (10.6%) 9. 帮助 (9.9%) 10. 求雨 (6.4%) | E26: 1. 广角镜 (40%) 2. 莲蒲果 (34.4%) 3. 气势披带 (19.2%) 4. 文柚果 (3.4%) 5. 王者之证 (0.8%) 6. 木子果 (0.5%) 7. 丝绸围巾 (0.5%) 8. 光粉 (0.3%) 9. 吃剩的东西 (0.3%) 10. 讲究围巾 (0.2%) | F26: 1. 友情防守 (61.4%) 2. 技术高手 (38.3%) 3. 颊囊 (0.3%) | G26: 1. 爽朗 +S -C (55.7%) 2. 淘气 +B -C (18.7%) 3. 胆小 +S -A (13.5%) 4. 固执 +A -C (5.5%) 5. 慎重 +D -C (2.5%) 6. 大胆 +B -A (2.1%) 7. 勇敢 +A -S (0.6%) 8. 温和 +D -A (0.6%) 9. 急躁 +S -B (0.3%) 10. 天真 +S -D (0.2%) | H26: 1. 来悲粗茶 2. 炽焰咆哮虎 3. 水箭龟 4. 大狃拉 5. 妖火红狐 6. 幽尾玄鱼 7. 烈咬陆鲨 8. 风妖精 9. 仆刀将军 10. 沙奈朵 | I26: 1. H2/A32/B0/C0/D0/S32 (28.9%) 2. H32/A0/B20/C0/D14/S0 (15.1%) 3. H32/A0/B2/C0/D0/S32 (11.8%) 4. H0/A32/B2/C0/D0/S32 (3.2%) 5. H30/A0/B12/C0/D0/S24 (2.5%) 6. H32/A0/B1/C0/D1/S32 (2.4%) 7. H0/A32/B0/C0/D2/S32 (2.3%) 8. H32/A0/B0/C0/D2/S32 (2%) 9. H0/A32/B1/C0/D1/S32 (1.5%) 10. H0/A32/B0/C0/D0/S32 (1.2%) | J26: 本期无显著变化 | K26: 1. 看我嘛 (90.3%) 2. 守住 (85.7%) 3. 鼠数儿 (45.5%) 4. 佯攻 (41%) 5. 愤怒门牙 (40%) | L26: 6. 挑衅 (29.1%) 7. 再来一次 (16.2%) 8. 骨棒乱打 (10.6%) 9. 帮助 (9.9%) 10. 求雨 (6.4%) | M26: 1. 广角镜 (40%) 2. 莲蒲果 (34.4%) 3. 气势披带 (19.2%) 4. 文柚果 (3.4%) 5. 王者之证 (0.8%) | N26: 6. 木子果 (0.5%) 7. 丝绸围巾 (0.5%) 8. 光粉 (0.3%) 9. 吃剩的东西 (0.3%) 10. 讲究围巾 (0.2%) | O26: 1. 爽朗 +S -C (55.7%) 2. 淘气 +B -C (18.7%) 3. 胆小 +S -A (13.5%) 4. 固执 +A -C (5.5%) 5. 慎重 +D -C (2.5%) | P26: 6. 大胆 +B -A (2.1%) 7. 勇敢 +A -S (0.6%) 8. 温和 +D -A (0.6%) 9. 急躁 +S -B (0.3%) 10. 天真 +S -D (0.2%) | Q26: 1. H2/A32/B0/C0/D0/S32 (28.9%) 2. H32/A0/B20/C0/D14/S0 (15.1%) 3. H32/A0/B2/C0/D0/S32 (11.8%) 4. H0/A32/B2/C0/D0/S32 (3.2%) 5. H30/A0/B12/C0/D0/S24 (2.5%) | R26: 6. H32/A0/B1/C0/D1/S32 (2.4%) 7. H0/A32/B0/C0/D2/S32 (2.3%) 8. H32/A0/B0/C0/D2/S32 (2%) 9. H0/A32/B1/C0/D1/S32 (1.5%) 10. H0/A32/B0/C0/D0/S32 (1.2%) | S26: 1. 来悲粗茶 2. 炽焰咆哮虎 3. 水箭龟 4. 大狃拉 5. 妖火红狐 | T26: 6. 幽尾玄鱼 7. 烈咬陆鲨 8. 风妖精 9. 仆刀将军 10. 沙奈朵
A27: 26 | B27: 美纳斯 | C27: Milotic | D27: 1. 守住 (71%) 2. 浊流 (58.1%) 3. 催眠术 (52.8%) 4. 盘蜷 (52.5%) 5. 热水 (42.2%) 6. 自我再生 (30.4%) 7. 冰冻光束 (28%) 8. 冰冻之风 (24.1%) 9. 生命水滴 (15.2%) 10. 黑雾 (7.7%) | E27: 1. 吃剩的东西 (80.4%) 2. 文柚果 (13.5%) 3. 神秘水滴 (1.4%) 4. 广角镜 (1.3%) 5. 对焦镜 (0.6%) 6. 达人带 (0.5%) 7. 生命宝珠 (0.4%) 8. 烛木果 (0.4%) 9. 木子果 (0.4%) 10. 讲究围巾 (0.2%) | F27: 1. 好胜 (99.7%) 2. 迷人之躯 (0.2%) 3. 神奇鳞片 (0.2%) | G27: 1. 温和 +D -A (43.7%) 2. 内敛 +C -A (25.8%) 3. 大胆 +B -A (24.4%) 4. 自大 +D -S (2%) 5. 冷静 +C -S (1.9%) 6. 悠闲 +B -S (1%) 7. 胆小 +S -A (0.8%) 8. 慢吞吞 +C -B (0.2%) 9. 慎重 +D -C (0.1%) 10. 勇敢 +A -S (0%) | H27: 1. 来悲粗茶 2. 炽焰咆哮虎 3. 雷丘 4. 苍炎刃鬼 5. 班基拉斯 6. 大狃拉 7. 姆克鹰 8. 烈咬陆鲨 9. 龙头地鼠 10. 风妖精 | I27: 1. H32/A0/B27/C0/D5/S2 (13.9%) 2. H32/A0/B32/C0/D2/S0 (6%) 3. H20/A0/B20/C4/D8/S14 (5.2%) 4. H31/A0/B14/C0/D5/S16 (4.5%) 5. H32/A0/B2/C32/D0/S0 (3.6%) 6. H32/A0/B32/C0/D0/S2 (2.6%) 7. H24/A0/B20/C20/D0/S2 (2.6%) 8. H32/A0/B32/C2/D0/S0 (2.5%) 9. H32/A0/B21/C0/D12/S1 (2%) 10. H32/A0/B2/C0/D32/S0 (2%) | J27: 本期无显著变化 | K27: 1. 守住 (71%) 2. 浊流 (58.1%) 3. 催眠术 (52.8%) 4. 盘蜷 (52.5%) 5. 热水 (42.2%) | L27: 6. 自我再生 (30.4%) 7. 冰冻光束 (28%) 8. 冰冻之风 (24.1%) 9. 生命水滴 (15.2%) 10. 黑雾 (7.7%) | M27: 1. 吃剩的东西 (80.4%) 2. 文柚果 (13.5%) 3. 神秘水滴 (1.4%) 4. 广角镜 (1.3%) 5. 对焦镜 (0.6%) | N27: 6. 达人带 (0.5%) 7. 生命宝珠 (0.4%) 8. 烛木果 (0.4%) 9. 木子果 (0.4%) 10. 讲究围巾 (0.2%) | O27: 1. 温和 +D -A (43.7%) 2. 内敛 +C -A (25.8%) 3. 大胆 +B -A (24.4%) 4. 自大 +D -S (2%) 5. 冷静 +C -S (1.9%) | P27: 6. 悠闲 +B -S (1%) 7. 胆小 +S -A (0.8%) 8. 慢吞吞 +C -B (0.2%) 9. 慎重 +D -C (0.1%) 10. 勇敢 +A -S (0%) | Q27: 1. H32/A0/B27/C0/D5/S2 (13.9%) 2. H32/A0/B32/C0/D2/S0 (6%) 3. H20/A0/B20/C4/D8/S14 (5.2%) 4. H31/A0/B14/C0/D5/S16 (4.5%) 5. H32/A0/B2/C32/D0/S0 (3.6%) | R27: 6. H32/A0/B32/C0/D0/S2 (2.6%) 7. H24/A0/B20/C20/D0/S2 (2.6%) 8. H32/A0/B32/C2/D0/S0 (2.5%) 9. H32/A0/B21/C0/D12/S1 (2%) 10. H32/A0/B2/C0/D32/S0 (2%) | S27: 1. 来悲粗茶 2. 炽焰咆哮虎 3. 雷丘 4. 苍炎刃鬼 5. 班基拉斯 | T27: 6. 大狃拉 7. 姆克鹰 8. 烈咬陆鲨 9. 龙头地鼠 10. 风妖精
A28: 27 | B28: 赛富豪 | C28: Gholdengo | D28: 1. 淘金潮 (98.6%) 2. 暗影球 (98.6%) 3. 守住 (79%) 4. 诡计 (63.1%) 5. 力量宝石 (26.9%) 6. 十万伏特 (10.2%) 7. 戏法 (7.9%) 8. 真气弹 (6.4%) 9. 加农光炮 (2.8%) 10. 魔法闪耀 (2.3%) | E28: 1. 生命宝珠 (38.6%) 2. 讲究围巾 (18.2%) 3. 咒术之符 (17.5%) 4. 金属膜 (5.3%) 5. 吃剩的东西 (4.3%) 6. 气势披带 (4.2%) 7. 白色香草 (4.1%) 8. 文柚果 (2.6%) 9. 达人带 (1.7%) 10. 刺耳果 (0.8%) | F28: 1. 黄金之躯 (100%) | G28: 1. 内敛 +C -A (80.8%) 2. 胆小 +S -A (17%) 3. 冷静 +C -S (0.9%) 4. 大胆 +B -A (0.8%) 5. 温和 +D -A (0.3%) 6. 慢吞吞 +C -B (0.2%) 7. 马虎 +C -D (0%) 8. 怕寂寞 +A -B (0%) 9. 悠闲 +B -S (0%) 10. 急躁 +S -B (0%) | H28: 1. 烈咬陆鲨 2. 姆克鹰 3. 风妖精 4. 仆刀将军 5. 来悲粗茶 6. 苍炎刃鬼 7. 仙子伊布 8. 炽焰咆哮虎 9. 幽尾玄鱼 10. 班基拉斯 | I28: 1. H2/A0/B0/C32/D0/S32 (21.9%) 2. H29/A0/B1/C27/D0/S9 (15.1%) 3. H27/A0/B24/C0/D5/S10 (4.3%) 4. H1/A0/B2/C32/D0/S31 (4.1%) 5. H0/A0/B2/C32/D0/S32 (3.8%) 6. H32/A0/B2/C10/D3/S19 (2.8%) 7. H0/A0/B0/C32/D2/S32 (2.2%) 8. H7/A0/B8/C32/D0/S19 (2.1%) 9. H1/A0/B0/C32/D1/S32 (1.8%) 10. H1/A0/B1/C32/D0/S32 (1.8%) | J28: 本期无显著变化 | K28: 1. 淘金潮 (98.6%) 2. 暗影球 (98.6%) 3. 守住 (79%) 4. 诡计 (63.1%) 5. 力量宝石 (26.9%) | L28: 6. 十万伏特 (10.2%) 7. 戏法 (7.9%) 8. 真气弹 (6.4%) 9. 加农光炮 (2.8%) 10. 魔法闪耀 (2.3%) | M28: 1. 生命宝珠 (38.6%) 2. 讲究围巾 (18.2%) 3. 咒术之符 (17.5%) 4. 金属膜 (5.3%) 5. 吃剩的东西 (4.3%) | N28: 6. 气势披带 (4.2%) 7. 白色香草 (4.1%) 8. 文柚果 (2.6%) 9. 达人带 (1.7%) 10. 刺耳果 (0.8%) | O28: 1. 内敛 +C -A (80.8%) 2. 胆小 +S -A (17%) 3. 冷静 +C -S (0.9%) 4. 大胆 +B -A (0.8%) 5. 温和 +D -A (0.3%) | P28: 6. 慢吞吞 +C -B (0.2%) 7. 马虎 +C -D (0%) 8. 怕寂寞 +A -B (0%) 9. 悠闲 +B -S (0%) 10. 急躁 +S -B (0%) | Q28: 1. H2/A0/B0/C32/D0/S32 (21.9%) 2. H29/A0/B1/C27/D0/S9 (15.1%) 3. H27/A0/B24/C0/D5/S10 (4.3%) 4. H1/A0/B2/C32/D0/S31 (4.1%) 5. H0/A0/B2/C32/D0/S32 (3.8%) | R28: 6. H32/A0/B2/C10/D3/S19 (2.8%) 7. H0/A0/B0/C32/D2/S32 (2.2%) 8. H7/A0/B8/C32/D0/S19 (2.1%) 9. H1/A0/B0/C32/D1/S32 (1.8%) 10. H1/A0/B1/C32/D0/S32 (1.8%) | S28: 1. 烈咬陆鲨 2. 姆克鹰 3. 风妖精 4. 仆刀将军 5. 来悲粗茶 | T28: 6. 苍炎刃鬼 7. 仙子伊布 8. 炽焰咆哮虎 9. 幽尾玄鱼 10. 班基拉斯
A29: 28 | B29: 大嘴娃 | C29: Mawile | D29: 1. 嬉闹 (98%) 2. 突袭 (95.4%) 3. 守住 (76.9%) 4. 岩崩 (48.6%) 5. 铁头 (41.1%) 6. 剑舞 (24.7%) 7. 劈瓦 (6.2%) 8. 拍落 (5%) 9. 雷电拳 (1.1%) 10. 精神之牙 (0.7%) | E29: 1. 大嘴娃进化石 (99.2%) 2. 气势披带 (0.2%) 3. 心灵香草 (0.1%) 4. 木炭 (0.1%) 5. 生命宝珠 (0%) 6. 文柚果 (0%) 7. 诅咒娃娃进化石 (0%) 8. 巧可果 (0%) | F29: 1. 怪力钳 (54.9%) 2. 威吓 (44.7%) 3. 强行 (0.5%) | G29: 1. 勇敢 +A -S (65.3%) 2. 固执 +A -C (33.3%) 3. 自大 +D -S (0.4%) 4. 慎重 +D -C (0.3%) 5. 爽朗 +S -C (0.3%) 6. 淘气 +B -C (0.2%) 7. 认真 (0.1%) 8. 悠闲 +B -S (0.1%) 9. 温顺 +D -B (0%) 10. 怕寂寞 +A -B (0%) | H29: 1. 奇麒麟 2. 煤炭龟 3. 炽焰咆哮虎 4. 来悲粗茶 5. 袋兽 6. 彩粉蝶 7. 幽尾玄鱼 8. 艾路雷朵 9. 姆克鹰 10. 一家鼠 | I29: 1. H32/A32/B0/C0/D2/S0 (47.8%) 2. H32/A32/B2/C0/D0/S0 (20.4%) 3. H32/A6/B4/C0/D23/S1 (4.3%) 4. H32/A32/B1/C0/D1/S0 (2.8%) 5. H32/A25/B0/C0/D9/S0 (1.3%) 6. H32/A19/B0/C0/D0/S15 (1.1%) 7. H32/A25/B2/C0/D7/S0 (0.9%) 8. H32/A15/B0/C0/D19/S0 (0.8%) 9. H32/A32/B0/C0/D0/S0 (0.7%) 10. H14/A32/B0/C0/D0/S20 (0.7%) | J29: 本期无显著变化 | K29: 1. 嬉闹 (98%) 2. 突袭 (95.4%) 3. 守住 (76.9%) 4. 岩崩 (48.6%) 5. 铁头 (41.1%) | L29: 6. 剑舞 (24.7%) 7. 劈瓦 (6.2%) 8. 拍落 (5%) 9. 雷电拳 (1.1%) 10. 精神之牙 (0.7%) | M29: 1. 大嘴娃进化石 (99.2%) 2. 气势披带 (0.2%) 3. 心灵香草 (0.1%) 4. 木炭 (0.1%) | N29: 5. 生命宝珠 (0%) 6. 文柚果 (0%) 7. 诅咒娃娃进化石 (0%) 8. 巧可果 (0%) | O29: 1. 勇敢 +A -S (65.3%) 2. 固执 +A -C (33.3%) 3. 自大 +D -S (0.4%) 4. 慎重 +D -C (0.3%) 5. 爽朗 +S -C (0.3%) | P29: 6. 淘气 +B -C (0.2%) 7. 认真 (0.1%) 8. 悠闲 +B -S (0.1%) 9. 温顺 +D -B (0%) 10. 怕寂寞 +A -B (0%) | Q29: 1. H32/A32/B0/C0/D2/S0 (47.8%) 2. H32/A32/B2/C0/D0/S0 (20.4%) 3. H32/A6/B4/C0/D23/S1 (4.3%) 4. H32/A32/B1/C0/D1/S0 (2.8%) 5. H32/A25/B0/C0/D9/S0 (1.3%) | R29: 6. H32/A19/B0/C0/D0/S15 (1.1%) 7. H32/A25/B2/C0/D7/S0 (0.9%) 8. H32/A15/B0/C0/D19/S0 (0.8%) 9. H32/A32/B0/C0/D0/S0 (0.7%) 10. H14/A32/B0/C0/D0/S20 (0.7%) | S29: 1. 奇麒麟 2. 煤炭龟 3. 炽焰咆哮虎 4. 来悲粗茶 5. 袋兽 | T29: 6. 彩粉蝶 7. 幽尾玄鱼 8. 艾路雷朵 9. 姆克鹰 10. 一家鼠
